TITLE     = "Eccentric annulus R1=1.0 R2=3.0 eps=0.2500"
VARIABLES = "x corner"
"y corner"
"h"
"detJ"
ZONE T="I192_J64"
 I=192, J=64, K=1,F=POINT
DT=(SINGLE SINGLE SINGLE SINGLE)
 -5.378098053E-16  3.000000000E+00  2.049390153E+00  1.928571429E+01
 -1.443948774E-01  2.996523005E+00  2.049685873E+00  1.927379500E+01
 -2.883662337E-01  2.986108658E+00  2.050573223E+00  1.923811623E+01
 -4.314938064E-01  2.968806679E+00  2.052052780E+00  1.917891403E+01
 -5.733637983E-01  2.944699298E+00  2.054125502E+00  1.909657788E+01
 -7.135719787E-01  2.913900312E+00  2.056792730E+00  1.899164498E+01
 -8.517266334E-01  2.876553796E+00  2.060056186E+00  1.886479229E+01
 -9.874513166E-01  2.832832487E+00  2.063917969E+00  1.871682681E+01
 -1.120387368E+00  2.782935886E+00  2.068380555E+00  1.854867417E+01
 -1.250196160E+00  2.727088110E+00  2.073446794E+00  1.836136585E+01
 -1.376561050E+00  2.665535533E+00  2.079119903E+00  1.815602529E+01
 -1.499189019E+00  2.598544262E+00  2.085403466E+00  1.793385335E+01
 -1.617811987E+00  2.526397509E+00  2.092301427E+00  1.769611326E+01
 -1.732187791E+00  2.449392875E+00  2.099818084E+00  1.744411549E+01
 -1.842100847E+00  2.367839621E+00  2.107958082E+00  1.717920278E+01
 -1.947362484E+00  2.282055950E+00  2.116726407E+00  1.690273562E+01
 -2.047810978E+00  2.192366347E+00  2.126128378E+00  1.661607846E+01
 -2.143311306E+00  2.099099008E+00  2.136169633E+00  1.632058671E+01
 -2.233754631E+00  2.002583394E+00  2.146856122E+00  1.601759486E+01
 -2.319057560E+00  1.903147928E+00  2.158194094E+00  1.570840577E+01
 -2.399161192E+00  1.801117867E+00  2.170190082E+00  1.539428120E+01
 -2.474029997E+00  1.696813358E+00  2.182850885E+00  1.507643367E+01
 -2.543650540E+00  1.590547682E+00  2.196183555E+00  1.475601961E+01
 -2.608030099E+00  1.482625712E+00  2.210195374E+00  1.443413383E+01
 -2.667195191E+00  1.373342569E+00  2.224893834E+00  1.411180529E+01
 -2.721190043E+00  1.262982481E+00  2.240286609E+00  1.378999401E+01
 -2.770075027E+00  1.151817844E+00  2.256381532E+00  1.346958915E+01
 -2.813925083E+00  1.040108468E+00  2.273186562E+00  1.315140805E+01
 -2.852828161E+00  9.281010106E-01  2.290709750E+00  1.283619629E+01
 -2.886883679E+00  8.160285698E-01  2.308959205E+00  1.252462842E+01
 -2.916201037E+00  7.041104415E-01  2.327943050E+00  1.221730953E+01
 -2.940898181E+00  5.925520131E-01  2.347669378E+00  1.191477731E+01
 -2.961100238E+00  4.815447854E-01  2.368146205E+00  1.161750466E+01
 -2.976938222E+00  3.712665075E-01  2.389381410E+00  1.132590266E+01
 -2.988547829E+00  2.618814097E-01  2.411382683E+00  1.104032383E+01
 -2.996068308E+00  1.535405210E-01  2.434157453E+00  1.076106564E+01
 -2.999641429E+00  4.638205634E-02  2.457712821E+00  1.048837413E+01
 -2.999410532E+00 -5.946813586E-02  2.482055484E+00  1.022244758E+01
 -2.995519667E+00 -1.638960809E-01  2.507191647E+00  9.963440242E+00
 -2.988112818E+00 -2.667991483E-01  2.533126936E+00  9.711466033E+00
 -2.977333214E+00 -3.680854956E-01  2.559866297E+00  9.466602096E+00
 -2.963322713E+00 -4.676734950E-01  2.587413892E+00  9.228892317E+00
 -2.946221268E+00 -5.654911501E-01  2.615772982E+00  8.998350669E+00
 -2.926166460E+00 -6.614755083E-01  2.644945808E+00  8.774964413E+00
 -2.903293102E+00 -7.555720772E-01  2.674933454E+00  8.558697126E+00
 -2.877732900E+00 -8.477342477E-01  2.705735712E+00  8.349491545E+00
 -2.849614176E+00 -9.379227289E-01  2.737350927E+00  8.147272231E+00
 -2.819061640E+00 -1.026104998E+00  2.769775841E+00  7.951948038E+00
 -2.786196211E+00 -1.112254769E+00  2.803005423E+00  7.763414397E+00
 -2.751134881E+00 -1.196351480E+00  2.837032691E+00  7.581555419E+00
 -2.713990619E+00 -1.278379803E+00  2.871848527E+00  7.406245817E+00
 -2.674872306E+00 -1.358329175E+00  2.907441477E+00  7.237352648E+00
 -2.633884705E+00 -1.436193358E+00  2.943797551E+00  7.074736906E+00
 -2.591128456E+00 -1.511970015E+00  2.980900011E+00  6.918254946E+00
 -2.546700094E+00 -1.585660313E+00  3.018729150E+00  6.767759765E+00
 -2.500692091E+00 -1.657268556E+00  3.057262076E+00  6.623102155E+00
 -2.453192906E+00 -1.726801831E+00  3.096472477E+00  6.484131710E+00
 -2.404287067E+00 -1.794269685E+00  3.136330396E+00  6.350697738E+00
 -2.354055245E+00 -1.859683818E+00  3.176802006E+00  6.222650044E+00
 -2.302574360E+00 -1.923057804E+00  3.217849375E+00  6.099839627E+00
 -2.249917673E+00 -1.984406829E+00  3.259430255E+00  5.982119281E+00
 -2.196154908E+00 -2.043747446E+00  3.301497860E+00  5.869344117E+00
 -2.141352357E+00 -2.101097352E+00  3.344000674E+00  5.761372004E+00
 -2.085573009E+00 -2.156475185E+00  3.386882263E+00  5.658063949E+00
 -2.028876666E+00 -2.209900331E+00  3.430081112E+00  5.559284420E+00
 -1.971320071E+00 -2.261392752E+00  3.473530487E+00  5.464901603E+00
 -1.912957031E+00 -2.310972825E+00  3.517158327E+00  5.374787624E+00
 -1.853838544E+00 -2.358661199E+00  3.560887171E+00  5.288818722E+00
 -1.794012922E+00 -2.404478662E+00  3.604634128E+00  5.206875385E+00
 -1.733525916E+00 -2.448446017E+00  3.648310891E+00  5.128842456E+00
 -1.672420838E+00 -2.490583976E+00  3.691823805E+00  5.054609210E+00
 -1.610738680E+00 -2.530913057E+00  3.735073994E+00  4.984069403E+00
 -1.548518234E+00 -2.569453498E+00  3.777957551E+00  4.917121305E+00
 -1.485796205E+00 -2.606225170E+00  3.820365792E+00  4.853667707E+00
 -1.422607325E+00 -2.641247508E+00  3.862185590E+00  4.793615926E+00
 -1.358984464E+00 -2.674539442E+00  3.903299777E+00  4.736877780E+00
 -1.294958737E+00 -2.706119337E+00  3.943587630E+00  4.683369570E+00
 -1.230559608E+00 -2.736004943E+00  3.982925437E+00  4.633012036E+00
 -1.165814992E+00 -2.764213343E+00  4.021187139E+00  4.585730323E+00
 -1.100751351E+00 -2.790760911E+00  4.058245050E+00  4.541453932E+00
 -1.035393795E+00 -2.815663277E+00  4.093970655E+00  4.500116666E+00
 -9.697661722E-01 -2.838935288E+00  4.128235478E+00  4.461656581E+00
 -9.038911595E-01 -2.860590983E+00  4.160912006E+00  4.426015932E+00
 -8.377903510E-01 -2.880643561E+00  4.191874670E+00  4.393141115E+00
 -7.714843437E-01 -2.899105363E+00  4.221000871E+00  4.362982615E+00
 -7.049928210E-01 -2.915987847E+00  4.248172028E+00  4.335494956E+00
 -6.383346333E-01 -2.931301570E+00  4.273274644E+00  4.310636646E+00
 -5.715278780E-01 -2.945056177E+00  4.296201374E+00  4.288370128E+00
 -5.045899763E-01 -2.957260380E+00  4.316852064E+00  4.268661742E+00
 -4.375377492E-01 -2.967921953E+00  4.335134765E+00  4.251481676E+00
 -3.703874915E-01 -2.977047716E+00  4.350966685E+00  4.236803929E+00
 -3.031550449E-01 -2.984643533E+00  4.364275070E+00  4.224606282E+00
 -2.358558696E-01 -2.990714297E+00  4.374998000E+00  4.214870263E+00
 -1.685051149E-01 -2.995263933E+00  4.383085073E+00  4.207581126E+00
 -1.011176894E-01 -2.998295385E+00  4.388497972E+00  4.202727828E+00
 -3.370832976E-02 -2.999810619E+00  4.391210907E+00  4.200303015E+00
  3.370832976E-02 -2.999810619E+00  4.391210907E+00  4.200303015E+00
  1.011176894E-01 -2.998295385E+00  4.388497972E+00  4.202727828E+00
  1.685051149E-01 -2.995263933E+00  4.383085073E+00  4.207581126E+00
  2.358558696E-01 -2.990714297E+00  4.374998000E+00  4.214870263E+00
  3.031550449E-01 -2.984643533E+00  4.364275070E+00  4.224606282E+00
  3.703874915E-01 -2.977047716E+00  4.350966685E+00  4.236803929E+00
  4.375377492E-01 -2.967921953E+00  4.335134765E+00  4.251481676E+00
  5.045899763E-01 -2.957260380E+00  4.316852064E+00  4.268661742E+00
  5.715278780E-01 -2.945056177E+00  4.296201374E+00  4.288370128E+00
  6.383346333E-01 -2.931301570E+00  4.273274644E+00  4.310636646E+00
  7.049928210E-01 -2.915987847E+00  4.248172028E+00  4.335494956E+00
  7.714843437E-01 -2.899105363E+00  4.221000871E+00  4.362982615E+00
  8.377903510E-01 -2.880643561E+00  4.191874670E+00  4.393141115E+00
  9.038911595E-01 -2.860590983E+00  4.160912006E+00  4.426015932E+00
  9.697661722E-01 -2.838935288E+00  4.128235478E+00  4.461656581E+00
  1.035393795E+00 -2.815663277E+00  4.093970655E+00  4.500116666E+00
  1.100751351E+00 -2.790760911E+00  4.058245050E+00  4.541453932E+00
  1.165814992E+00 -2.764213343E+00  4.021187139E+00  4.585730323E+00
  1.230559608E+00 -2.736004943E+00  3.982925437E+00  4.633012036E+00
  1.294958737E+00 -2.706119337E+00  3.943587630E+00  4.683369570E+00
  1.358984464E+00 -2.674539442E+00  3.903299777E+00  4.736877780E+00
  1.422607325E+00 -2.641247508E+00  3.862185590E+00  4.793615926E+00
  1.485796205E+00 -2.606225170E+00  3.820365792E+00  4.853667707E+00
  1.548518234E+00 -2.569453498E+00  3.777957551E+00  4.917121305E+00
  1.610738680E+00 -2.530913057E+00  3.735073994E+00  4.984069403E+00
  1.672420838E+00 -2.490583976E+00  3.691823805E+00  5.054609210E+00
  1.733525916E+00 -2.448446017E+00  3.648310891E+00  5.128842456E+00
  1.794012922E+00 -2.404478662E+00  3.604634128E+00  5.206875385E+00
  1.853838544E+00 -2.358661199E+00  3.560887171E+00  5.288818722E+00
  1.912957031E+00 -2.310972825E+00  3.517158327E+00  5.374787624E+00
  1.971320071E+00 -2.261392752E+00  3.473530487E+00  5.464901603E+00
  2.028876666E+00 -2.209900331E+00  3.430081112E+00  5.559284420E+00
  2.085573009E+00 -2.156475185E+00  3.386882263E+00  5.658063949E+00
  2.141352357E+00 -2.101097352E+00  3.344000674E+00  5.761372004E+00
  2.196154908E+00 -2.043747446E+00  3.301497860E+00  5.869344117E+00
  2.249917673E+00 -1.984406829E+00  3.259430255E+00  5.982119281E+00
  2.302574360E+00 -1.923057804E+00  3.217849375E+00  6.099839627E+00
  2.354055245E+00 -1.859683818E+00  3.176802006E+00  6.222650044E+00
  2.404287067E+00 -1.794269685E+00  3.136330396E+00  6.350697738E+00
  2.453192906E+00 -1.726801831E+00  3.096472477E+00  6.484131710E+00
  2.500692091E+00 -1.657268556E+00  3.057262076E+00  6.623102155E+00
  2.546700094E+00 -1.585660313E+00  3.018729150E+00  6.767759765E+00
  2.591128456E+00 -1.511970015E+00  2.980900011E+00  6.918254946E+00
  2.633884705E+00 -1.436193358E+00  2.943797551E+00  7.074736906E+00
  2.674872306E+00 -1.358329175E+00  2.907441477E+00  7.237352648E+00
  2.713990619E+00 -1.278379803E+00  2.871848527E+00  7.406245817E+00
  2.751134881E+00 -1.196351480E+00  2.837032691E+00  7.581555419E+00
  2.786196211E+00 -1.112254769E+00  2.803005423E+00  7.763414397E+00
  2.819061640E+00 -1.026104998E+00  2.769775841E+00  7.951948038E+00
  2.849614176E+00 -9.379227289E-01  2.737350927E+00  8.147272231E+00
  2.877732900E+00 -8.477342477E-01  2.705735712E+00  8.349491545E+00
  2.903293102E+00 -7.555720772E-01  2.674933454E+00  8.558697126E+00
  2.926166460E+00 -6.614755083E-01  2.644945808E+00  8.774964413E+00
  2.946221268E+00 -5.654911501E-01  2.615772982E+00  8.998350669E+00
  2.963322713E+00 -4.676734950E-01  2.587413892E+00  9.228892317E+00
  2.977333214E+00 -3.680854956E-01  2.559866297E+00  9.466602096E+00
  2.988112818E+00 -2.667991483E-01  2.533126936E+00  9.711466033E+00
  2.995519667E+00 -1.638960809E-01  2.507191647E+00  9.963440242E+00
  2.999410532E+00 -5.946813586E-02  2.482055484E+00  1.022244758E+01
  2.999641429E+00  4.638205634E-02  2.457712821E+00  1.048837413E+01
  2.996068308E+00  1.535405210E-01  2.434157453E+00  1.076106564E+01
  2.988547829E+00  2.618814097E-01  2.411382683E+00  1.104032383E+01
  2.976938222E+00  3.712665075E-01  2.389381410E+00  1.132590266E+01
  2.961100238E+00  4.815447854E-01  2.368146205E+00  1.161750466E+01
  2.940898181E+00  5.925520131E-01  2.347669378E+00  1.191477731E+01
  2.916201037E+00  7.041104415E-01  2.327943050E+00  1.221730953E+01
  2.886883679E+00  8.160285698E-01  2.308959205E+00  1.252462842E+01
  2.852828161E+00  9.281010106E-01  2.290709750E+00  1.283619629E+01
  2.813925083E+00  1.040108468E+00  2.273186562E+00  1.315140805E+01
  2.770075027E+00  1.151817844E+00  2.256381532E+00  1.346958915E+01
  2.721190043E+00  1.262982481E+00  2.240286609E+00  1.378999401E+01
  2.667195191E+00  1.373342569E+00  2.224893834E+00  1.411180529E+01
  2.608030099E+00  1.482625712E+00  2.210195374E+00  1.443413383E+01
  2.543650540E+00  1.590547682E+00  2.196183555E+00  1.475601961E+01
  2.474029997E+00  1.696813358E+00  2.182850885E+00  1.507643367E+01
  2.399161192E+00  1.801117867E+00  2.170190082E+00  1.539428120E+01
  2.319057560E+00  1.903147928E+00  2.158194094E+00  1.570840577E+01
  2.233754631E+00  2.002583394E+00  2.146856122E+00  1.601759486E+01
  2.143311306E+00  2.099099008E+00  2.136169633E+00  1.632058671E+01
  2.047810978E+00  2.192366347E+00  2.126128378E+00  1.661607846E+01
  1.947362484E+00  2.282055950E+00  2.116726407E+00  1.690273562E+01
  1.842100847E+00  2.367839621E+00  2.107958082E+00  1.717920278E+01
  1.732187791E+00  2.449392875E+00  2.099818084E+00  1.744411549E+01
  1.617811987E+00  2.526397509E+00  2.092301427E+00  1.769611326E+01
  1.499189019E+00  2.598544262E+00  2.085403466E+00  1.793385335E+01
  1.376561050E+00  2.665535533E+00  2.079119903E+00  1.815602529E+01
  1.250196160E+00  2.727088110E+00  2.073446794E+00  1.836136585E+01
  1.120387368E+00  2.782935886E+00  2.068380555E+00  1.854867417E+01
  9.874513166E-01  2.832832487E+00  2.063917969E+00  1.871682681E+01
  8.517266334E-01  2.876553796E+00  2.060056186E+00  1.886479229E+01
  7.135719787E-01  2.913900312E+00  2.056792730E+00  1.899164498E+01
  5.733637983E-01  2.944699298E+00  2.054125502E+00  1.909657788E+01
  4.314938064E-01  2.968806679E+00  2.052052780E+00  1.917891403E+01
  2.883662337E-01  2.986108658E+00  2.050573223E+00  1.923811623E+01
  1.443948774E-01  2.996523005E+00  2.049685873E+00  1.927379500E+01
  5.378098053E-16  3.000000000E+00  2.049390153E+00  1.928571429E+01
 -5.265359315E-16  2.936935540E+00  2.029115256E+00  1.848563286E+01
 -1.413689061E-01  2.933550492E+00  2.029405153E+00  1.847444744E+01
 -2.823286452E-01  2.923411284E+00  2.030275027E+00  1.844096409E+01
 -4.224731446E-01  2.906565541E+00  2.031725427E+00  1.838540048E+01
 -5.614024707E-01  2.883092036E+00  2.033757268E+00  1.830811580E+01
 -6.987257774E-01  2.853099806E+00  2.036371829E+00  1.820960560E+01
 -8.340641105E-01  2.816726934E+00  2.039570754E+00  1.809049458E+01
 -9.670530300E-01  2.774139029E+00  2.043356044E+00  1.795152777E+01
 -1.097345010E+00  2.725527435E+00  2.047730062E+00  1.779356018E+01
 -1.224611589E+00  2.671107203E+00  2.052695522E+00  1.761754512E+01
 -1.348545239E+00  2.611114862E+00  2.058255493E+00  1.742452169E+01
 -1.468860949E+00  2.545806038E+00  2.064413388E+00  1.721560139E+01
 -1.585297492E+00  2.475452957E+00  2.071172964E+00  1.699195451E+01
 -1.697618391E+00  2.400341878E+00  2.078538310E+00  1.675479621E+01
 -1.805612569E+00  2.320770500E+00  2.086513848E+00  1.650537288E+01
 -1.909094704E+00  2.237045379E+00  2.095104317E+00  1.624494879E+01
 -2.007905292E+00  2.149479392E+00  2.104314771E+00  1.597479337E+01
 -2.101910444E+00  2.058389285E+00  2.114150564E+00  1.569616928E+01
 -2.191001433E+00  1.964093334E+00  2.124617343E+00  1.541032138E+01
 -2.275094016E+00  1.866909138E+00  2.135721029E+00  1.511846682E+01
 -2.354127559E+00  1.767151573E+00  2.147467811E+00  1.482178614E+01
 -2.428063996E+00  1.665130912E+00  2.159864123E+00  1.452141568E+01
 -2.496886640E+00  1.561151137E+00  2.172916630E+00  1.421844112E+01
 -2.560598889E+00  1.455508432E+00  2.186632205E+00  1.391389221E+01
 -2.619222838E+00  1.348489874E+00  2.201017911E+00  1.360873866E+01
 -2.672797835E+00  1.240372313E+00  2.216080973E+00  1.330388716E+01
 -2.721379004E+00  1.131421442E+00  2.231828751E+00  1.300017937E+01
 -2.765035744E+00  1.021891046E+00  2.248268711E+00  1.269839088E+01
 -2.803850247E+00  9.120224242E-01  2.265408390E+00  1.239923105E+01
 -2.837916029E+00  8.020439719E-01  2.283255363E+00  1.210334358E+01
 -2.867336505E+00  6.921709135E-01  2.301817197E+00  1.181130773E+01
 -2.892223611E+00  5.826051712E-01  2.321101410E+00  1.152364011E+01
 -2.912696495E+00  4.735353565E-01  2.341115422E+00  1.124079696E+01
 -2.928880264E+00  3.651368720E-01  2.361866499E+00  1.096317673E+01
 -2.940904822E+00  2.575721079E-01  2.383361699E+00  1.069112309E+01
 -2.948903776E+00  1.509907230E-01  2.405607803E+00  1.042492795E+01
 -2.953013428E+00  4.552999432E-02  2.428611250E+00  1.016483487E+01
 -2.953371852E+00 -5.868477333E-02  2.452378060E+00  9.911042318E+00
 -2.950118047E+00 -1.615397917E-01  2.476913750E+00  9.663707107E+00
 -2.943391183E+00 -2.629322960E-01  2.502223249E+00  9.422947766E+00
 -2.933329913E+00 -3.627700236E-01  2.528310799E+00  9.188847849E+00
 -2.920071768E+00 -4.609706750E-01  2.555179857E+00  8.961459159E+00
 -2.903752627E+00 -5.574613610E-01  2.582832977E+00  8.740804862E+00
 -2.884506250E+00 -6.521780467E-01  2.611271698E+00  8.526882457E+00
 -2.862463877E+00 -7.450649945E-01  2.640496411E+00  8.319666604E+00
 -2.837753891E+00 -8.360742137E-01  2.670506230E+00  8.119111785E+00
 -2.810501528E+00 -9.251649192E-01  2.701298841E+00  7.925154801E+00
 -2.780828648E+00 -1.012303003E+00  2.732870353E+00  7.737717098E+00
 -2.748853549E+00 -1.097460523E+00  2.765215139E+00  7.556706923E+00
 -2.714690816E+00 -1.180615208E+00  2.798325658E+00  7.382021311E+00
 -2.678451219E+00 -1.261749983E+00  2.832192285E+00  7.213547909E+00
 -2.640241640E+00 -1.340852517E+00  2.866803120E+00  7.051166641E+00
 -2.600165032E+00 -1.417914791E+00  2.902143796E+00  6.894751220E+00
 -2.558320399E+00 -1.492932691E+00  2.938197280E+00  6.744170516E+00
 -2.514802811E+00 -1.565905615E+00  2.974943663E+00  6.599289791E+00
 -2.469703429E+00 -1.636836120E+00  3.012359958E+00  6.459971799E+00
 -2.423109552E+00 -1.705729570E+00  3.050419878E+00  6.326077774E+00
 -2.375104683E+00 -1.772593823E+00  3.089093629E+00  6.197468303E+00
 -2.325768598E+00 -1.837438927E+00  3.128347691E+00  6.074004100E+00
 -2.275177438E+00 -1.900276847E+00  3.168144613E+00  5.955546681E+00
 -2.223403801E+00 -1.961121204E+00  3.208442806E+00  5.841958958E+00
 -2.170516843E+00 -2.019987035E+00  3.249196345E+00  5.733105755E+00
 -2.116582390E+00 -2.076890572E+00  3.290354794E+00  5.628854247E+00
 -2.061663046E+00 -2.131849038E+00  3.331863030E+00  5.529074344E+00
 -2.005818311E+00 -2.184880460E+00  3.373661105E+00  5.433639008E+00
 -1.949104697E+00 -2.236003490E+00  3.415684118E+00  5.342424526E+00
 -1.891575849E+00 -2.285237255E+00  3.457862125E+00  5.255310730E+00
 -1.833282664E+00 -2.332601204E+00  3.500120080E+00  5.172181184E+00
 -1.774273409E+00 -2.378114979E+00  3.542377820E+00  5.092923327E+00
 -1.714593841E+00 -2.421798290E+00  3.584550087E+00  5.017428588E+00
 -1.654287322E+00 -2.463670810E+00  3.626546604E+00  4.945592475E+00
 -1.593394940E+00 -2.503752070E+00  3.668272211E+00  4.877314634E+00
 -1.531955618E+00 -2.542061369E+00  3.709627049E+00  4.812498891E+00
 -1.470006228E+00 -2.578617690E+00  3.750506819E+00  4.751053277E+00
 -1.407581701E+00 -2.613439629E+00  3.790803106E+00  4.692890035E+00
 -1.344715131E+00 -2.646545324E+00  3.830403767E+00  4.637925615E+00
 -1.281437885E+00 -2.677952395E+00  3.869193405E+00  4.586080656E+00
 -1.217779700E+00 -2.707677889E+00  3.907053903E+00  4.537279964E+00
 -1.153768784E+00 -2.735738233E+00  3.943865043E+00  4.491452481E+00
 -1.089431913E+00 -2.762149186E+00  3.979505191E+00  4.448531246E+00
 -1.024794525E+00 -2.786925804E+00  4.013852051E+00  4.408453353E+00
 -9.598808082E-01 -2.810082402E+00  4.046783484E+00  4.371159909E+00
 -8.947137965E-01 -2.831632523E+00  4.078178383E+00  4.336595988E+00
 -8.293154502E-01 -2.851588911E+00  4.107917594E+00  4.304710584E+00
 -7.637067428E-01 -2.869963486E+00  4.135884877E+00  4.275456562E+00
 -6.979077427E-01 -2.886767324E+00  4.161967890E+00  4.248790617E+00
 -6.319376936E-01 -2.902010634E+00  4.186059187E+00  4.224673223E+00
 -5.658150921E-01 -2.915702746E+00  4.208057211E+00  4.203068599E+00
 -4.995577649E-01 -2.927852094E+00  4.227867270E+00  4.183944659E+00
 -4.331829434E-01 -2.938466202E+00  4.245402473E+00  4.167272985E+00
 -3.667073368E-01 -2.947551677E+00  4.260584623E+00  4.153028786E+00
 -3.001472051E-01 -2.955114197E+00  4.273345034E+00  4.141190870E+00
 -2.335184292E-01 -2.961158507E+00  4.283625266E+00  4.131741619E+00
 -1.668365819E-01 -2.965688406E+00  4.291377766E+00  4.124666966E+00
 -1.001169967E-01 -2.968706751E+00  4.296566393E+00  4.119956377E+00
 -3.337483674E-02 -2.970215447E+00  4.299166822E+00  4.117602835E+00
  3.337483674E-02 -2.970215447E+00  4.299166822E+00  4.117602835E+00
  1.001169967E-01 -2.968706751E+00  4.296566393E+00  4.119956377E+00
  1.668365819E-01 -2.965688406E+00  4.291377766E+00  4.124666966E+00
  2.335184292E-01 -2.961158507E+00  4.283625266E+00  4.131741619E+00
  3.001472051E-01 -2.955114197E+00  4.273345034E+00  4.141190870E+00
  3.667073368E-01 -2.947551677E+00  4.260584623E+00  4.153028786E+00
  4.331829434E-01 -2.938466202E+00  4.245402473E+00  4.167272985E+00
  4.995577649E-01 -2.927852094E+00  4.227867270E+00  4.183944659E+00
  5.658150921E-01 -2.915702746E+00  4.208057211E+00  4.203068599E+00
  6.319376936E-01 -2.902010634E+00  4.186059187E+00  4.224673223E+00
  6.979077427E-01 -2.886767324E+00  4.161967890E+00  4.248790617E+00
  7.637067428E-01 -2.869963486E+00  4.135884877E+00  4.275456562E+00
  8.293154502E-01 -2.851588911E+00  4.107917594E+00  4.304710584E+00
  8.947137965E-01 -2.831632523E+00  4.078178383E+00  4.336595988E+00
  9.598808082E-01 -2.810082402E+00  4.046783484E+00  4.371159909E+00
  1.024794525E+00 -2.786925804E+00  4.013852051E+00  4.408453353E+00
  1.089431913E+00 -2.762149186E+00  3.979505191E+00  4.448531246E+00
  1.153768784E+00 -2.735738233E+00  3.943865043E+00  4.491452481E+00
  1.217779700E+00 -2.707677889E+00  3.907053903E+00  4.537279964E+00
  1.281437885E+00 -2.677952395E+00  3.869193405E+00  4.586080656E+00
  1.344715131E+00 -2.646545324E+00  3.830403767E+00  4.637925615E+00
  1.407581701E+00 -2.613439629E+00  3.790803106E+00  4.692890035E+00
  1.470006228E+00 -2.578617690E+00  3.750506819E+00  4.751053277E+00
  1.531955618E+00 -2.542061369E+00  3.709627049E+00  4.812498891E+00
  1.593394940E+00 -2.503752070E+00  3.668272211E+00  4.877314634E+00
  1.654287322E+00 -2.463670810E+00  3.626546604E+00  4.945592475E+00
  1.714593841E+00 -2.421798290E+00  3.584550087E+00  5.017428588E+00
  1.774273409E+00 -2.378114979E+00  3.542377820E+00  5.092923327E+00
  1.833282664E+00 -2.332601204E+00  3.500120080E+00  5.172181184E+00
  1.891575849E+00 -2.285237255E+00  3.457862125E+00  5.255310730E+00
  1.949104697E+00 -2.236003490E+00  3.415684118E+00  5.342424526E+00
  2.005818311E+00 -2.184880460E+00  3.373661105E+00  5.433639008E+00
  2.061663046E+00 -2.131849038E+00  3.331863030E+00  5.529074344E+00
  2.116582390E+00 -2.076890572E+00  3.290354794E+00  5.628854247E+00
  2.170516843E+00 -2.019987035E+00  3.249196345E+00  5.733105755E+00
  2.223403801E+00 -1.961121204E+00  3.208442806E+00  5.841958958E+00
  2.275177438E+00 -1.900276847E+00  3.168144613E+00  5.955546681E+00
  2.325768598E+00 -1.837438927E+00  3.128347691E+00  6.074004100E+00
  2.375104683E+00 -1.772593823E+00  3.089093629E+00  6.197468303E+00
  2.423109552E+00 -1.705729570E+00  3.050419878E+00  6.326077774E+00
  2.469703429E+00 -1.636836120E+00  3.012359958E+00  6.459971799E+00
  2.514802811E+00 -1.565905615E+00  2.974943663E+00  6.599289791E+00
  2.558320399E+00 -1.492932691E+00  2.938197280E+00  6.744170516E+00
  2.600165032E+00 -1.417914791E+00  2.902143796E+00  6.894751220E+00
  2.640241640E+00 -1.340852517E+00  2.866803120E+00  7.051166641E+00
  2.678451219E+00 -1.261749983E+00  2.832192285E+00  7.213547909E+00
  2.714690816E+00 -1.180615208E+00  2.798325658E+00  7.382021311E+00
  2.748853549E+00 -1.097460523E+00  2.765215139E+00  7.556706923E+00
  2.780828648E+00 -1.012303003E+00  2.732870353E+00  7.737717098E+00
  2.810501528E+00 -9.251649192E-01  2.701298841E+00  7.925154801E+00
  2.837753891E+00 -8.360742137E-01  2.670506230E+00  8.119111785E+00
  2.862463877E+00 -7.450649945E-01  2.640496411E+00  8.319666604E+00
  2.884506250E+00 -6.521780467E-01  2.611271698E+00  8.526882457E+00
  2.903752627E+00 -5.574613610E-01  2.582832977E+00  8.740804862E+00
  2.920071768E+00 -4.609706750E-01  2.555179857E+00  8.961459159E+00
  2.933329913E+00 -3.627700236E-01  2.528310799E+00  9.188847849E+00
  2.943391183E+00 -2.629322960E-01  2.502223249E+00  9.422947766E+00
  2.950118047E+00 -1.615397917E-01  2.476913750E+00  9.663707107E+00
  2.953371852E+00 -5.868477333E-02  2.452378060E+00  9.911042318E+00
  2.953013428E+00  4.552999432E-02  2.428611250E+00  1.016483487E+01
  2.948903776E+00  1.509907230E-01  2.405607803E+00  1.042492795E+01
  2.940904822E+00  2.575721079E-01  2.383361699E+00  1.069112309E+01
  2.928880264E+00  3.651368720E-01  2.361866499E+00  1.096317673E+01
  2.912696495E+00  4.735353565E-01  2.341115422E+00  1.124079696E+01
  2.892223611E+00  5.826051712E-01  2.321101410E+00  1.152364011E+01
  2.867336505E+00  6.921709135E-01  2.301817197E+00  1.181130773E+01
  2.837916029E+00  8.020439719E-01  2.283255363E+00  1.210334358E+01
  2.803850247E+00  9.120224242E-01  2.265408390E+00  1.239923105E+01
  2.765035744E+00  1.021891046E+00  2.248268711E+00  1.269839088E+01
  2.721379004E+00  1.131421442E+00  2.231828751E+00  1.300017937E+01
  2.672797835E+00  1.240372313E+00  2.216080973E+00  1.330388716E+01
  2.619222838E+00  1.348489874E+00  2.201017911E+00  1.360873866E+01
  2.560598889E+00  1.455508432E+00  2.186632205E+00  1.391389221E+01
  2.496886640E+00  1.561151137E+00  2.172916630E+00  1.421844112E+01
  2.428063996E+00  1.665130912E+00  2.159864123E+00  1.452141568E+01
  2.354127559E+00  1.767151573E+00  2.147467811E+00  1.482178614E+01
  2.275094016E+00  1.866909138E+00  2.135721029E+00  1.511846682E+01
  2.191001433E+00  1.964093334E+00  2.124617343E+00  1.541032138E+01
  2.101910444E+00  2.058389285E+00  2.114150564E+00  1.569616928E+01
  2.007905292E+00  2.149479392E+00  2.104314771E+00  1.597479337E+01
  1.909094704E+00  2.237045379E+00  2.095104317E+00  1.624494879E+01
  1.805612569E+00  2.320770500E+00  2.086513848E+00  1.650537288E+01
  1.697618391E+00  2.400341878E+00  2.078538310E+00  1.675479621E+01
  1.585297492E+00  2.475452957E+00  2.071172964E+00  1.699195451E+01
  1.468860949E+00  2.545806038E+00  2.064413388E+00  1.721560139E+01
  1.348545239E+00  2.611114862E+00  2.058255493E+00  1.742452169E+01
  1.224611589E+00  2.671107203E+00  2.052695522E+00  1.761754512E+01
  1.097345010E+00  2.725527435E+00  2.047730062E+00  1.779356018E+01
  9.670530300E-01  2.774139029E+00  2.043356044E+00  1.795152777E+01
  8.340641105E-01  2.816726934E+00  2.039570754E+00  1.809049458E+01
  6.987257774E-01  2.853099806E+00  2.036371829E+00  1.820960560E+01
  5.614024707E-01  2.883092036E+00  2.033757268E+00  1.830811580E+01
  4.224731446E-01  2.906565541E+00  2.031725427E+00  1.838540048E+01
  2.823286452E-01  2.923411284E+00  2.030275027E+00  1.844096409E+01
  1.413689061E-01  2.933550492E+00  2.029405153E+00  1.847444744E+01
  5.265359315E-16  2.936935540E+00  2.029115256E+00  1.848563286E+01
 -5.154034909E-16  2.874311425E+00  2.008639751E+00  1.771222042E+01
 -1.383808578E-01  2.871016474E+00  2.008923826E+00  1.770172948E+01
 -2.763664929E-01  2.861146881E+00  2.009776226E+00  1.767032383E+01
 -4.135646198E-01  2.844748252E+00  2.011197476E+00  1.761820405E+01
 -5.495887812E-01  2.821896031E+00  2.013188446E+00  1.754570120E+01
 -6.840611489E-01  2.792694669E+00  2.015750356E+00  1.745327210E+01
 -8.166151908E-01  2.757276473E+00  2.018884770E+00  1.734149284E+01
 -9.468981669E-01  2.715800178E+00  2.022593597E+00  1.721105081E+01
 -1.074573418E+00  2.668449260E+00  2.026879084E+00  1.706273523E+01
 -1.199322422E+00  2.615430015E+00  2.031743818E+00  1.689742661E+01
 -1.320846584E+00  2.556969463E+00  2.037190717E+00  1.671608535E+01
 -1.438868761E+00  2.493313091E+00  2.043223030E+00  1.651973956E+01
 -1.553134489E+00  2.424722496E+00  2.049844326E+00  1.630947265E+01
 -1.663412925E+00  2.351472947E+00  2.057058495E+00  1.608641062E+01
 -1.769497497E+00  2.273850931E+00  2.064869735E+00  1.585170957E+01
 -1.871206266E+00  2.192151690E+00  2.073282545E+00  1.560654349E+01
 -1.968382021E+00  2.106676817E+00  2.082301721E+00  1.535209254E+01
 -2.060892115E+00  2.017731910E+00  2.091932337E+00  1.508953208E+01
 -2.148628068E+00  1.925624337E+00  2.102179741E+00  1.482002247E+01
 -2.231504946E+00  1.830661126E+00  2.113049539E+00  1.454469982E+01
 -2.309460568E+00  1.733146992E+00  2.124547580E+00  1.426466782E+01
 -2.382454531E+00  1.633382535E+00  2.136679941E+00  1.398099052E+01
 -2.450467110E+00  1.531662599E+00  2.149452910E+00  1.369468629E+01
 -2.513498040E+00  1.428274815E+00  2.162872961E+00  1.340672283E+01
 -2.571565218E+00  1.323498325E+00  2.176946739E+00  1.311801317E+01
 -2.624703340E+00  1.217602678E+00  2.191681028E+00  1.282941279E+01
 -2.672962502E+00  1.110846918E+00  2.207082731E+00  1.254171759E+01
 -2.716406780E+00  1.003478832E+00  2.223158834E+00  1.225566279E+01
 -2.755112816E+00  8.957343681E-01  2.239916374E+00  1.197192254E+01
 -2.789168423E+00  7.878372026E-01  2.257362406E+00  1.169111035E+01
 -2.818671218E+00  6.799984564E-01  2.275503959E+00  1.141378004E+01
 -2.843727305E+00  5.724165381E-01  2.294347992E+00  1.114042729E+01
 -2.864450011E+00  4.652771083E-01  2.313901349E+00  1.087149153E+01
 -2.880958686E+00  3.587531495E-01  2.334170705E+00  1.060735835E+01
 -2.893377576E+00  2.530051296E-01  2.355162504E+00  1.034836202E+01
 -2.901834764E+00  1.481812475E-01  2.376882906E+00  1.009478835E+01
 -2.906461191E+00  4.441774754E-02  2.399337710E+00  9.846877629E+00
 -2.907389753E+00 -5.816070791E-02  2.422532285E+00  9.604827703E+00
 -2.904754482E+00 -1.594406179E-01  2.446471488E+00  9.368797043E+00
 -2.898689796E+00 -2.593191850E-01  2.471159582E+00  9.138907840E+00
 -2.889329827E+00 -3.577038283E-01  2.496600137E+00  8.915249060E+00
 -2.876807826E+00 -4.545116760E-01  2.522795933E+00  8.697879407E+00
 -2.861255630E+00 -5.496690449E-01  2.549748856E+00  8.486830213E+00
 -2.842803201E+00 -6.431109123E-01  2.577459778E+00  8.282108189E+00
 -2.821578225E+00 -7.347803874E-01  2.605928436E+00  8.083698064E+00
 -2.797705767E+00 -8.246281858E-01  2.635153305E+00  7.891565065E+00
 -2.771307983E+00 -9.126121116E-01  2.665131453E+00  7.705657263E+00
 -2.742503880E+00 -9.986965510E-01  2.695858403E+00  7.525907749E+00
 -2.711409120E+00 -1.082851980E+00  2.727327969E+00  7.352236676E+00
 -2.678135872E+00 -1.165054487E+00  2.759532103E+00  7.184553126E+00
 -2.642792690E+00 -1.245285317E+00  2.792460719E+00  7.022756845E+00
 -2.605484436E+00 -1.323530430E+00  2.826101519E+00  6.866739821E+00
 -2.566312227E+00 -1.399780082E+00  2.860439806E+00  6.716387731E+00
 -2.525373409E+00 -1.474028432E+00  2.895458301E+00  6.571581242E+00
 -2.482761559E+00 -1.546273160E+00  2.931136945E+00  6.432197196E+00
 -2.438566499E+00 -1.616515114E+00  2.967452700E+00  6.298109675E+00
 -2.392874340E+00 -1.684757977E+00  3.004379354E+00  6.169190947E+00
 -2.345767528E+00 -1.751007951E+00  3.041887318E+00  6.045312317E+00
 -2.297324915E+00 -1.815273465E+00  3.079943427E+00  5.926344874E+00
 -2.247621834E+00 -1.877564902E+00  3.118510747E+00  5.812160159E+00
 -2.196730188E+00 -1.937894345E+00  3.157548384E+00  5.702630738E+00
 -2.144718539E+00 -1.996275335E+00  3.197011308E+00  5.597630719E+00
 -2.091652214E+00 -2.052722660E+00  3.236850184E+00  5.497036181E+00
 -2.037593405E+00 -2.107252146E+00  3.277011223E+00  5.400725561E+00
 -1.982601282E+00 -2.159880472E+00  3.317436051E+00  5.308579970E+00
 -1.926732100E+00 -2.210624999E+00  3.358061600E+00  5.220483473E+00
 -1.870039315E+00 -2.259503609E+00  3.398820036E+00  5.136323310E+00
 -1.812573699E+00 -2.306534563E+00  3.439638707E+00  5.055990093E+00
 -1.754383447E+00 -2.351736363E+00  3.480440142E+00  4.979377955E+00
 -1.695514299E+00 -2.395127635E+00  3.521142084E+00  4.906384675E+00
 -1.636009649E+00 -2.436727017E+00  3.561657572E+00  4.836911773E+00
 -1.575910656E+00 -2.476553055E+00  3.601895079E+00  4.770864583E+00
 -1.515256355E+00 -2.514624113E+00  3.641758700E+00  4.708152304E+00
 -1.454083765E+00 -2.550958290E+00  3.681148405E+00  4.648688032E+00
 -1.392427996E+00 -2.585573343E+00  3.719960356E+00  4.592388778E+00
 -1.330322352E+00 -2.618486618E+00  3.758087286E+00  4.539175476E+00
 -1.267798433E+00 -2.649714990E+00  3.795418947E+00  4.488972973E+00
 -1.204886234E+00 -2.679274805E+00  3.831842630E+00  4.441710016E+00
 -1.141614241E+00 -2.707181831E+00  3.867243752E+00  4.397319231E+00
 -1.078009528E+00 -2.733451212E+00  3.901506506E+00  4.355737090E+00
 -1.014097848E+00 -2.758097428E+00  3.934514573E+00  4.316903887E+00
 -9.499037201E-01 -2.781134260E+00  3.966151902E+00  4.280763692E+00
 -8.854505195E-01 -2.802574755E+00  3.996303526E+00  4.247264322E+00
 -8.207605622E-01 -2.822431200E+00  4.024856435E+00  4.216357294E+00
 -7.558551871E-01 -2.840715093E+00  4.051700473E+00  4.187997791E+00
 -6.907548375E-01 -2.857437124E+00  4.076729259E+00  4.162144621E+00
 -6.254791401E-01 -2.872607154E+00  4.099841124E+00  4.138760174E+00
 -5.600469816E-01 -2.886234196E+00  4.120940033E+00  4.117810394E+00
 -4.944765851E-01 -2.898326403E+00  4.139936496E+00  4.099264735E+00
 -4.287855834E-01 -2.908891051E+00  4.156748443E+00  4.083096132E+00
 -3.629910921E-01 -2.917934529E+00  4.171302049E+00  4.069280975E+00
 -2.971097809E-01 -2.925462332E+00  4.183532494E+00  4.057799075E+00
 -2.311579440E-01 -2.931479050E+00  4.193384652E+00  4.048633645E+00
 -1.651515698E-01 -2.935988362E+00  4.200813675E+00  4.041771281E+00
 -9.910640916E-02 -2.938993032E+00  4.205785486E+00  4.037201943E+00
 -3.303804423E-02 -2.940494906E+00  4.208277157E+00  4.034918944E+00
  3.303804423E-02 -2.940494906E+00  4.208277157E+00  4.034918944E+00
  9.910640916E-02 -2.938993032E+00  4.205785486E+00  4.037201943E+00
  1.651515698E-01 -2.935988362E+00  4.200813675E+00  4.041771281E+00
  2.311579440E-01 -2.931479050E+00  4.193384652E+00  4.048633645E+00
  2.971097809E-01 -2.925462332E+00  4.183532494E+00  4.057799075E+00
  3.629910921E-01 -2.917934529E+00  4.171302049E+00  4.069280975E+00
  4.287855834E-01 -2.908891051E+00  4.156748443E+00  4.083096132E+00
  4.944765851E-01 -2.898326403E+00  4.139936496E+00  4.099264735E+00
  5.600469816E-01 -2.886234196E+00  4.120940033E+00  4.117810394E+00
  6.254791401E-01 -2.872607154E+00  4.099841124E+00  4.138760174E+00
  6.907548375E-01 -2.857437124E+00  4.076729259E+00  4.162144621E+00
  7.558551871E-01 -2.840715093E+00  4.051700473E+00  4.187997791E+00
  8.207605622E-01 -2.822431200E+00  4.024856435E+00  4.216357294E+00
  8.854505195E-01 -2.802574755E+00  3.996303526E+00  4.247264322E+00
  9.499037201E-01 -2.781134260E+00  3.966151902E+00  4.280763692E+00
  1.014097848E+00 -2.758097428E+00  3.934514573E+00  4.316903887E+00
  1.078009528E+00 -2.733451212E+00  3.901506506E+00  4.355737090E+00
  1.141614241E+00 -2.707181831E+00  3.867243752E+00  4.397319231E+00
  1.204886234E+00 -2.679274805E+00  3.831842630E+00  4.441710016E+00
  1.267798433E+00 -2.649714990E+00  3.795418947E+00  4.488972973E+00
  1.330322352E+00 -2.618486618E+00  3.758087286E+00  4.539175476E+00
  1.392427996E+00 -2.585573343E+00  3.719960356E+00  4.592388778E+00
  1.454083765E+00 -2.550958290E+00  3.681148405E+00  4.648688032E+00
  1.515256355E+00 -2.514624113E+00  3.641758700E+00  4.708152304E+00
  1.575910656E+00 -2.476553055E+00  3.601895079E+00  4.770864583E+00
  1.636009649E+00 -2.436727017E+00  3.561657572E+00  4.836911773E+00
  1.695514299E+00 -2.395127635E+00  3.521142084E+00  4.906384675E+00
  1.754383447E+00 -2.351736363E+00  3.480440142E+00  4.979377955E+00
  1.812573699E+00 -2.306534563E+00  3.439638707E+00  5.055990093E+00
  1.870039315E+00 -2.259503609E+00  3.398820036E+00  5.136323310E+00
  1.926732100E+00 -2.210624999E+00  3.358061600E+00  5.220483473E+00
  1.982601282E+00 -2.159880472E+00  3.317436051E+00  5.308579970E+00
  2.037593405E+00 -2.107252146E+00  3.277011223E+00  5.400725561E+00
  2.091652214E+00 -2.052722660E+00  3.236850184E+00  5.497036181E+00
  2.144718539E+00 -1.996275335E+00  3.197011308E+00  5.597630719E+00
  2.196730188E+00 -1.937894345E+00  3.157548384E+00  5.702630738E+00
  2.247621834E+00 -1.877564902E+00  3.118510747E+00  5.812160159E+00
  2.297324915E+00 -1.815273465E+00  3.079943427E+00  5.926344874E+00
  2.345767528E+00 -1.751007951E+00  3.041887318E+00  6.045312317E+00
  2.392874340E+00 -1.684757977E+00  3.004379354E+00  6.169190947E+00
  2.438566499E+00 -1.616515114E+00  2.967452700E+00  6.298109675E+00
  2.482761559E+00 -1.546273160E+00  2.931136945E+00  6.432197196E+00
  2.525373409E+00 -1.474028432E+00  2.895458301E+00  6.571581242E+00
  2.566312227E+00 -1.399780082E+00  2.860439806E+00  6.716387731E+00
  2.605484436E+00 -1.323530430E+00  2.826101519E+00  6.866739821E+00
  2.642792690E+00 -1.245285317E+00  2.792460719E+00  7.022756845E+00
  2.678135872E+00 -1.165054487E+00  2.759532103E+00  7.184553126E+00
  2.711409120E+00 -1.082851980E+00  2.727327969E+00  7.352236676E+00
  2.742503880E+00 -9.986965510E-01  2.695858403E+00  7.525907749E+00
  2.771307983E+00 -9.126121116E-01  2.665131453E+00  7.705657263E+00
  2.797705767E+00 -8.246281858E-01  2.635153305E+00  7.891565065E+00
  2.821578225E+00 -7.347803874E-01  2.605928436E+00  8.083698064E+00
  2.842803201E+00 -6.431109123E-01  2.577459778E+00  8.282108189E+00
  2.861255630E+00 -5.496690449E-01  2.549748856E+00  8.486830213E+00
  2.876807826E+00 -4.545116760E-01  2.522795933E+00  8.697879407E+00
  2.889329827E+00 -3.577038283E-01  2.496600137E+00  8.915249060E+00
  2.898689796E+00 -2.593191850E-01  2.471159582E+00  9.138907840E+00
  2.904754482E+00 -1.594406179E-01  2.446471488E+00  9.368797043E+00
  2.907389753E+00 -5.816070791E-02  2.422532285E+00  9.604827703E+00
  2.906461191E+00  4.441774754E-02  2.399337710E+00  9.846877629E+00
  2.901834764E+00  1.481812475E-01  2.376882906E+00  1.009478835E+01
  2.893377576E+00  2.530051296E-01  2.355162504E+00  1.034836202E+01
  2.880958686E+00  3.587531495E-01  2.334170705E+00  1.060735835E+01
  2.864450011E+00  4.652771083E-01  2.313901349E+00  1.087149153E+01
  2.843727305E+00  5.724165381E-01  2.294347992E+00  1.114042729E+01
  2.818671218E+00  6.799984564E-01  2.275503959E+00  1.141378004E+01
  2.789168423E+00  7.878372026E-01  2.257362406E+00  1.169111035E+01
  2.755112816E+00  8.957343681E-01  2.239916374E+00  1.197192254E+01
  2.716406780E+00  1.003478832E+00  2.223158834E+00  1.225566279E+01
  2.672962502E+00  1.110846918E+00  2.207082731E+00  1.254171759E+01
  2.624703340E+00  1.217602678E+00  2.191681028E+00  1.282941279E+01
  2.571565218E+00  1.323498325E+00  2.176946739E+00  1.311801317E+01
  2.513498040E+00  1.428274815E+00  2.162872961E+00  1.340672283E+01
  2.450467110E+00  1.531662599E+00  2.149452910E+00  1.369468629E+01
  2.382454531E+00  1.633382535E+00  2.136679941E+00  1.398099052E+01
  2.309460568E+00  1.733146992E+00  2.124547580E+00  1.426466782E+01
  2.231504946E+00  1.830661126E+00  2.113049539E+00  1.454469982E+01
  2.148628068E+00  1.925624337E+00  2.102179741E+00  1.482002247E+01
  2.060892115E+00  2.017731910E+00  2.091932337E+00  1.508953208E+01
  1.968382021E+00  2.106676817E+00  2.082301721E+00  1.535209254E+01
  1.871206266E+00  2.192151690E+00  2.073282545E+00  1.560654349E+01
  1.769497497E+00  2.273850931E+00  2.064869735E+00  1.585170957E+01
  1.663412925E+00  2.351472947E+00  2.057058495E+00  1.608641062E+01
  1.553134489E+00  2.424722496E+00  2.049844326E+00  1.630947265E+01
  1.438868761E+00  2.493313091E+00  2.043223030E+00  1.651973956E+01
  1.320846584E+00  2.556969463E+00  2.037190717E+00  1.671608535E+01
  1.199322422E+00  2.615430015E+00  2.031743818E+00  1.689742661E+01
  1.074573418E+00  2.668449260E+00  2.026879084E+00  1.706273523E+01
  9.468981669E-01  2.715800178E+00  2.022593597E+00  1.721105081E+01
  8.166151908E-01  2.757276473E+00  2.018884770E+00  1.734149284E+01
  6.840611489E-01  2.792694669E+00  2.015750356E+00  1.745327210E+01
  5.495887812E-01  2.821896031E+00  2.013188446E+00  1.754570120E+01
  4.135646198E-01  2.844748252E+00  2.011197476E+00  1.761820405E+01
  2.763664929E-01  2.861146881E+00  2.009776226E+00  1.767032383E+01
  1.383808578E-01  2.871016474E+00  2.008923826E+00  1.770172948E+01
  5.154034909E-16  2.874311425E+00  2.008639751E+00  1.771222042E+01
 -5.044170402E-16  2.812160984E+00  1.987974342E+00  1.696515358E+01
 -1.354319570E-01  2.808954265E+00  1.988252602E+00  1.695531922E+01
 -2.704822289E-01  2.799348716E+00  1.989087547E+00  1.692587803E+01
 -4.047719178E-01  2.783388001E+00  1.990479676E+00  1.687701470E+01
 -5.379276576E-01  2.761144361E+00  1.992429819E+00  1.680903416E+01
 -6.695842735E-01  2.732717829E+00  1.994939135E+00  1.672235729E+01
 -7.993873181E-01  2.698235150E+00  1.998009113E+00  1.661751503E+01
 -9.269954459E-01  2.657848436E+00  2.001641567E+00  1.649514116E+01
 -1.052082597E+00  2.611733574E+00  2.005838636E+00  1.635596372E+01
 -1.174339957E+00  2.560088416E+00  2.010602776E+00  1.620079546E+01
 -1.293477681E+00  2.503130800E+00  2.015936762E+00  1.603052345E+01
 -1.409226350E+00  2.441096418E+00  2.021843679E+00  1.584609807E+01
 -1.521338167E+00  2.374236586E+00  2.028326916E+00  1.564852158E+01
 -1.629587870E+00  2.302815935E+00  2.035390163E+00  1.543883668E+01
 -1.733773377E+00  2.227110083E+00  2.043037402E+00  1.521811498E+01
 -1.833716162E+00  2.147403299E+00  2.051272897E+00  1.498744584E+01
 -1.929261375E+00  2.063986209E+00  2.060101189E+00  1.474792565E+01
 -2.020277708E+00  1.977153565E+00  2.069527081E+00  1.450064769E+01
 -2.106657056E+00  1.887202111E+00  2.079555628E+00  1.424669272E+01
 -2.188313955E+00  1.794428553E+00  2.090192127E+00  1.398712045E+01
 -2.265184848E+00  1.699127679E+00  2.101442097E+00  1.372296183E+01
 -2.337227190E+00  1.601590612E+00  2.113311266E+00  1.345521244E+01
 -2.404418423E+00  1.502103231E+00  2.125805551E+00  1.318482672E+01
 -2.466754837E+00  1.400944756E+00  2.138931042E+00  1.291271323E+01
 -2.524250351E+00  1.298386504E+00  2.152693974E+00  1.263973088E+01
 -2.576935231E+00  1.194690813E+00  2.167100704E+00  1.236668609E+01
 -2.624854763E+00  1.090110136E+00  2.182157689E+00  1.209433075E+01
 -2.668067916E+00  9.848862977E-01  2.197871448E+00  1.182336106E+01
 -2.706645992E+00  8.792499074E-01  2.214248534E+00  1.155441703E+01
 -2.740671299E+00  7.734199163E-01  2.231295497E+00  1.128808272E+01
 -2.770235845E+00  6.676033152E-01  2.249018845E+00  1.102488698E+01
 -2.795440078E+00  5.619949575E-01  2.267424997E+00  1.076530470E+01
 -2.816391669E+00  4.567774970E-01  2.286520240E+00  1.050975856E+01
 -2.833204364E+00  3.521214286E-01  2.306310674E+00  1.025862098E+01
 -2.845996886E+00  2.481852208E-01  2.326802160E+00  1.001221649E+01
 -2.854891916E+00  1.451155279E-01  2.348000253E+00  9.770824231E+00
 -2.860015143E+00  4.304747021E-02  2.369910139E+00  9.534680604E+00
 -2.861494386E+00 -5.789502707E-02  2.392536563E+00  9.303982057E+00
 -2.859458788E+00 -1.575988482E-01  2.415883751E+00  9.078887889E+00
 -2.854038088E+00 -2.559612624E-01  2.439955326E+00  8.859523076E+00
 -2.845361958E+00 -3.528894697E-01  2.464754219E+00  8.645981062E+00
 -2.833559413E+00 -4.483001249E-01  2.490282569E+00  8.438326503E+00
 -2.818758289E+00 -5.421188475E-01  2.516541624E+00  8.236597925E+00
 -2.801084780E+00 -6.342797217E-01  2.543531626E+00  8.040810281E+00
 -2.780663036E+00 -7.247247947E-01  2.571251698E+00  7.850957401E+00
 -2.757614819E+00 -8.134035761E-01  2.599699714E+00  7.667014307E+00
 -2.732059208E+00 -9.002725433E-01  2.628872166E+00  7.488939402E+00
 -2.704112357E+00 -9.852946563E-01  2.658764030E+00  7.316676522E+00
 -2.673887291E+00 -1.068438885E+00  2.689368611E+00  7.150156839E+00
 -2.641493749E+00 -1.149679748E+00  2.720677395E+00  6.989300641E+00
 -2.607038055E+00 -1.228996877E+00  2.752679880E+00  6.834018959E+00
 -2.570623034E+00 -1.306374582E+00  2.785363417E+00  6.684215072E+00
 -2.532347946E+00 -1.381801456E+00  2.818713029E+00  6.539785877E+00
 -2.492308458E+00 -1.455269981E+00  2.852711238E+00  6.400623139E+00
 -2.450596625E+00 -1.526776166E+00  2.887337876E+00  6.266614618E+00
 -2.407300908E+00 -1.596319198E+00  2.922569907E+00  6.137645093E+00
 -2.362506198E+00 -1.663901117E+00  2.958381236E+00  6.013597277E+00
 -2.316293860E+00 -1.729526508E+00  2.994742521E+00  5.894352633E+00
 -2.268741791E+00 -1.793202213E+00  3.031620993E+00  5.779792109E+00
 -2.219924489E+00 -1.854937064E+00  3.068980271E+00  5.669796775E+00
 -2.169913130E+00 -1.914741629E+00  3.106780191E+00  5.564248400E+00
 -2.118775655E+00 -1.972627984E+00  3.144976644E+00  5.463029943E+00
 -2.066576863E+00 -2.028609488E+00  3.183521418E+00  5.366025991E+00
 -2.013378507E+00 -2.082700590E+00  3.222362072E+00  5.273123135E+00
 -1.959239399E+00 -2.134916642E+00  3.261441811E+00  5.184210292E+00
 -1.904215510E+00 -2.185273722E+00  3.300699401E+00  5.099178978E+00
 -1.848360082E+00 -2.233788483E+00  3.340069101E+00  5.017923548E+00
 -1.791723734E+00 -2.280478007E+00  3.379480630E+00  4.940341381E+00
 -1.734354570E+00 -2.325359667E+00  3.418859170E+00  4.866333047E+00
 -1.676298288E+00 -2.368451011E+00  3.458125414E+00  4.795802439E+00
 -1.617598287E+00 -2.409769648E+00  3.497195650E+00  4.728656868E+00
 -1.558295780E+00 -2.449333144E+00  3.535981901E+00  4.664807152E+00
 -1.498429892E+00 -2.487158934E+00  3.574392117E+00  4.604167674E+00
 -1.438037770E+00 -2.523264234E+00  3.612330420E+00  4.546656421E+00
 -1.377154685E+00 -2.557665964E+00  3.649697414E+00  4.492195014E+00
 -1.315814130E+00 -2.590380682E+00  3.686390553E+00  4.440708721E+00
 -1.254047924E+00 -2.621424516E+00  3.722304569E+00  4.392126462E+00
 -1.191886301E+00 -2.650813114E+00  3.757331973E+00  4.346380799E+00
 -1.129358014E+00 -2.678561584E+00  3.791363609E+00  4.303407928E+00
 -1.066490418E+00 -2.704684454E+00  3.824289273E+00  4.263147653E+00
 -1.003309566E+00 -2.729195630E+00  3.855998393E+00  4.225543365E+00
 -9.398402943E-01 -2.752108357E+00  3.886380753E+00  4.190542014E+00
 -8.761063091E-01 -2.773435183E+00  3.915327270E+00  4.158094076E+00
 -8.121302688E-01 -2.793187937E+00  3.942730812E+00  4.128153523E+00
 -7.479338667E-01 -2.811377695E+00  3.968487036E+00  4.100677787E+00
 -6.835379099E-01 -2.828014762E+00  3.992495257E+00  4.075627731E+00
 -6.189623976E-01 -2.843108645E+00  4.014659310E+00  4.052967609E+00
 -5.542265969E-01 -2.856668042E+00  4.034888426E+00  4.032665041E+00
 -4.893491172E-01 -2.868700823E+00  4.053098069E+00  4.014690978E+00
 -4.243479839E-01 -2.879214012E+00  4.069210752E+00  3.999019678E+00
 -3.592407098E-01 -2.888213784E+00  4.083156810E+00  3.985628673E+00
 -2.940443658E-01 -2.895705446E+00  4.094875100E+00  3.974498755E+00
 -2.287756509E-01 -2.901693435E+00  4.104313637E+00  3.965613944E+00
 -1.634509607E-01 -2.906181307E+00  4.111430146E+00  3.958961482E+00
 -9.808645551E-02 -2.909171735E+00  4.116192512E+00  3.954531812E+00
 -3.269812835E-02 -2.910666503E+00  4.118579126E+00  3.952318567E+00
  3.269812835E-02 -2.910666503E+00  4.118579126E+00  3.952318567E+00
  9.808645551E-02 -2.909171735E+00  4.116192512E+00  3.954531812E+00
  1.634509607E-01 -2.906181307E+00  4.111430146E+00  3.958961482E+00
  2.287756509E-01 -2.901693435E+00  4.104313637E+00  3.965613944E+00
  2.940443658E-01 -2.895705446E+00  4.094875100E+00  3.974498755E+00
  3.592407098E-01 -2.888213784E+00  4.083156810E+00  3.985628673E+00
  4.243479839E-01 -2.879214012E+00  4.069210752E+00  3.999019678E+00
  4.893491172E-01 -2.868700823E+00  4.053098069E+00  4.014690978E+00
  5.542265969E-01 -2.856668042E+00  4.034888426E+00  4.032665041E+00
  6.189623976E-01 -2.843108645E+00  4.014659310E+00  4.052967609E+00
  6.835379099E-01 -2.828014762E+00  3.992495257E+00  4.075627731E+00
  7.479338667E-01 -2.811377695E+00  3.968487036E+00  4.100677787E+00
  8.121302688E-01 -2.793187937E+00  3.942730812E+00  4.128153523E+00
  8.761063091E-01 -2.773435183E+00  3.915327270E+00  4.158094076E+00
  9.398402943E-01 -2.752108357E+00  3.886380753E+00  4.190542014E+00
  1.003309566E+00 -2.729195630E+00  3.855998393E+00  4.225543365E+00
  1.066490418E+00 -2.704684454E+00  3.824289273E+00  4.263147653E+00
  1.129358014E+00 -2.678561584E+00  3.791363609E+00  4.303407928E+00
  1.191886301E+00 -2.650813114E+00  3.757331973E+00  4.346380799E+00
  1.254047924E+00 -2.621424516E+00  3.722304569E+00  4.392126462E+00
  1.315814130E+00 -2.590380682E+00  3.686390553E+00  4.440708721E+00
  1.377154685E+00 -2.557665964E+00  3.649697414E+00  4.492195014E+00
  1.438037770E+00 -2.523264234E+00  3.612330420E+00  4.546656421E+00
  1.498429892E+00 -2.487158934E+00  3.574392117E+00  4.604167674E+00
  1.558295780E+00 -2.449333144E+00  3.535981901E+00  4.664807152E+00
  1.617598287E+00 -2.409769648E+00  3.497195650E+00  4.728656868E+00
  1.676298288E+00 -2.368451011E+00  3.458125414E+00  4.795802439E+00
  1.734354570E+00 -2.325359667E+00  3.418859170E+00  4.866333047E+00
  1.791723734E+00 -2.280478007E+00  3.379480630E+00  4.940341381E+00
  1.848360082E+00 -2.233788483E+00  3.340069101E+00  5.017923548E+00
  1.904215510E+00 -2.185273722E+00  3.300699401E+00  5.099178978E+00
  1.959239399E+00 -2.134916642E+00  3.261441811E+00  5.184210292E+00
  2.013378507E+00 -2.082700590E+00  3.222362072E+00  5.273123135E+00
  2.066576863E+00 -2.028609488E+00  3.183521418E+00  5.366025991E+00
  2.118775655E+00 -1.972627984E+00  3.144976644E+00  5.463029943E+00
  2.169913130E+00 -1.914741629E+00  3.106780191E+00  5.564248400E+00
  2.219924489E+00 -1.854937064E+00  3.068980271E+00  5.669796775E+00
  2.268741791E+00 -1.793202213E+00  3.031620993E+00  5.779792109E+00
  2.316293860E+00 -1.729526508E+00  2.994742521E+00  5.894352633E+00
  2.362506198E+00 -1.663901117E+00  2.958381236E+00  6.013597277E+00
  2.407300908E+00 -1.596319198E+00  2.922569907E+00  6.137645093E+00
  2.450596625E+00 -1.526776166E+00  2.887337876E+00  6.266614618E+00
  2.492308458E+00 -1.455269981E+00  2.852711238E+00  6.400623139E+00
  2.532347946E+00 -1.381801456E+00  2.818713029E+00  6.539785877E+00
  2.570623034E+00 -1.306374582E+00  2.785363417E+00  6.684215072E+00
  2.607038055E+00 -1.228996877E+00  2.752679880E+00  6.834018959E+00
  2.641493749E+00 -1.149679748E+00  2.720677395E+00  6.989300641E+00
  2.673887291E+00 -1.068438885E+00  2.689368611E+00  7.150156839E+00
  2.704112357E+00 -9.852946563E-01  2.658764030E+00  7.316676522E+00
  2.732059208E+00 -9.002725433E-01  2.628872166E+00  7.488939402E+00
  2.757614819E+00 -8.134035761E-01  2.599699714E+00  7.667014307E+00
  2.780663036E+00 -7.247247947E-01  2.571251698E+00  7.850957401E+00
  2.801084780E+00 -6.342797217E-01  2.543531626E+00  8.040810281E+00
  2.818758289E+00 -5.421188475E-01  2.516541624E+00  8.236597925E+00
  2.833559413E+00 -4.483001249E-01  2.490282569E+00  8.438326503E+00
  2.845361958E+00 -3.528894697E-01  2.464754219E+00  8.645981062E+00
  2.854038088E+00 -2.559612624E-01  2.439955326E+00  8.859523076E+00
  2.859458788E+00 -1.575988482E-01  2.415883751E+00  9.078887889E+00
  2.861494386E+00 -5.789502707E-02  2.392536563E+00  9.303982057E+00
  2.860015143E+00  4.304747021E-02  2.369910139E+00  9.534680604E+00
  2.854891916E+00  1.451155279E-01  2.348000253E+00  9.770824231E+00
  2.845996886E+00  2.481852208E-01  2.326802160E+00  1.001221649E+01
  2.833204364E+00  3.521214286E-01  2.306310674E+00  1.025862098E+01
  2.816391669E+00  4.567774970E-01  2.286520240E+00  1.050975856E+01
  2.795440078E+00  5.619949575E-01  2.267424997E+00  1.076530470E+01
  2.770235845E+00  6.676033152E-01  2.249018845E+00  1.102488698E+01
  2.740671299E+00  7.734199163E-01  2.231295497E+00  1.128808272E+01
  2.706645992E+00  8.792499074E-01  2.214248534E+00  1.155441703E+01
  2.668067916E+00  9.848862977E-01  2.197871448E+00  1.182336106E+01
  2.624854763E+00  1.090110136E+00  2.182157689E+00  1.209433075E+01
  2.576935231E+00  1.194690813E+00  2.167100704E+00  1.236668609E+01
  2.524250351E+00  1.298386504E+00  2.152693974E+00  1.263973088E+01
  2.466754837E+00  1.400944756E+00  2.138931042E+00  1.291271323E+01
  2.404418423E+00  1.502103231E+00  2.125805551E+00  1.318482672E+01
  2.337227190E+00  1.601590612E+00  2.113311266E+00  1.345521244E+01
  2.265184848E+00  1.699127679E+00  2.101442097E+00  1.372296183E+01
  2.188313955E+00  1.794428553E+00  2.090192127E+00  1.398712045E+01
  2.106657056E+00  1.887202111E+00  2.079555628E+00  1.424669272E+01
  2.020277708E+00  1.977153565E+00  2.069527081E+00  1.450064769E+01
  1.929261375E+00  2.063986209E+00  2.060101189E+00  1.474792565E+01
  1.833716162E+00  2.147403299E+00  2.051272897E+00  1.498744584E+01
  1.733773377E+00  2.227110083E+00  2.043037402E+00  1.521811498E+01
  1.629587870E+00  2.302815935E+00  2.035390163E+00  1.543883668E+01
  1.521338167E+00  2.374236586E+00  2.028326916E+00  1.564852158E+01
  1.409226350E+00  2.441096418E+00  2.021843679E+00  1.584609807E+01
  1.293477681E+00  2.503130800E+00  2.015936762E+00  1.603052345E+01
  1.174339957E+00  2.560088416E+00  2.010602776E+00  1.620079546E+01
  1.052082597E+00  2.611733574E+00  2.005838636E+00  1.635596372E+01
  9.269954459E-01  2.657848436E+00  2.001641567E+00  1.649514116E+01
  7.993873181E-01  2.698235150E+00  1.998009113E+00  1.661751503E+01
  6.695842735E-01  2.732717829E+00  1.994939135E+00  1.672235729E+01
  5.379276576E-01  2.761144361E+00  1.992429819E+00  1.680903416E+01
  4.047719178E-01  2.783388001E+00  1.990479676E+00  1.687701470E+01
  2.704822289E-01  2.799348716E+00  1.989087547E+00  1.692587803E+01
  1.354319570E-01  2.808954265E+00  1.988252602E+00  1.695531922E+01
  5.044170402E-16  2.812160984E+00  1.987974342E+00  1.696515358E+01
 -4.935808581E-16  2.750516655E+00  1.967130251E+00  1.624407231E+01
 -1.325233537E-01  2.747396291E+00  1.967402705E+00  1.623485815E+01
 -2.646781569E-01  2.738049181E+00  1.968220227E+00  1.620727262E+01
 -3.960985033E-01  2.722517120E+00  1.969583290E+00  1.616148571E+01
 -5.264237356E-01  2.700869267E+00  1.971492682E+00  1.609777811E+01
 -6.553009707E-01  2.673201406E+00  1.973949505E+00  1.601653736E+01
 -7.823875094E-01  2.639634928E+00  1.976955173E+00  1.591825249E+01
 -9.073530967E-01  2.600315568E+00  1.980511409E+00  1.580350750E+01
 -1.029882001E+00  2.555411899E+00  1.984620242E+00  1.567297358E+01
 -1.149674890E+00  2.505113635E+00  1.989284006E+00  1.552740050E+01
 -1.266450475E+00  2.449629754E+00  1.994505330E+00  1.536760707E+01
 -1.379946919E+00  2.389186491E+00  2.000287142E+00  1.519447124E+01
 -1.489922986E+00  2.324025224E+00  2.006632653E+00  1.500891964E+01
 -1.596158937E+00  2.254400296E+00  2.013545358E+00  1.481191717E+01
 -1.698457165E+00  2.180576797E+00  2.021029028E+00  1.460445646E+01
 -1.796642577E+00  2.102828358E+00  2.029087698E+00  1.438754768E+01
 -1.890562739E+00  2.021434959E+00  2.037725658E+00  1.416220867E+01
 -1.980087780E+00  1.936680810E+00  2.046947447E+00  1.392945564E+01
 -2.065110090E+00  1.848852307E+00  2.056757836E+00  1.369029448E+01
 -2.145543819E+00  1.758236099E+00  2.067161818E+00  1.344571285E+01
 -2.221324208E+00  1.665117273E+00  2.078164591E+00  1.319667310E+01
 -2.292406757E+00  1.569777680E+00  2.089771542E+00  1.294410595E+01
 -2.358766276E+00  1.472494410E+00  2.101988231E+00  1.268890519E+01
 -2.420395819E+00  1.373538420E+00  2.114820368E+00  1.243192316E+01
 -2.477305543E+00  1.273173321E+00  2.128273793E+00  1.217396714E+01
 -2.529521500E+00  1.171654333E+00  2.142354448E+00  1.191579660E+01
 -2.577084388E+00  1.069227385E+00  2.157068356E+00  1.165812117E+01
 -2.620048281E+00  9.661283821E-01  2.172421583E+00  1.140159946E+01
 -2.658479347E+00  8.625826151E-01  2.188420214E+00  1.114683841E+01
 -2.692454590E+00  7.588043089E-01  2.205070309E+00  1.089439342E+01
 -2.722060598E+00  6.549963057E-01  2.222377872E+00  1.064476886E+01
 -2.747392341E+00  5.513498683E-01  2.240348800E+00  1.039841913E+01
 -2.768552003E+00  4.480445940E-01  2.258988844E+00  1.015575015E+01
 -2.785647874E+00  3.452484284E-01  2.278303552E+00  9.917121075E+00
 -2.798793296E+00  2.431177689E-01  2.298298218E+00  9.682846355E+00
 -2.808105677E+00  1.417976449E-01  2.318977820E+00  9.453197994E+00
 -2.813705567E+00  4.142196653E-02  2.340346955E+00  9.228407931E+00
 -2.815715804E+00 -5.788616974E-02  2.362409770E+00  9.008670545E+00
 -2.814260734E+00 -1.560141279E-01  2.385169889E+00  8.794145204E+00
 -2.809465489E+00 -2.528593401E-01  2.408630324E+00  8.584958849E+00
 -2.801455345E+00 -3.483288845E-01  2.432793397E+00  8.381208545E+00
 -2.790355137E+00 -4.423390396E-01  2.457660641E+00  8.182964004E+00
 -2.776288740E+00 -5.348148227E-01  2.483232698E+00  7.990270036E+00
 -2.759378612E+00 -6.256895185E-01  2.509509220E+00  7.803148920E+00
 -2.739745394E+00 -7.149042032E-01  2.536488749E+00  7.621602669E+00
 -2.717507560E+00 -8.024072679E-01  2.564168598E+00  7.445615193E+00
 -2.692781124E+00 -8.881539475E-01  2.592544725E+00  7.275154338E+00
 -2.665679389E+00 -9.721058557E-01  2.621611599E+00  7.110173810E+00
 -2.636312741E+00 -1.054230532E+00  2.651362061E+00  6.950614962E+00
 -2.604788480E+00 -1.134500998E+00  2.681787171E+00  6.796408467E+00
 -2.571210692E+00 -1.212895337E+00  2.712876061E+00  6.647475860E+00
 -2.535680148E+00 -1.289396276E+00  2.744615773E+00  6.503730956E+00
 -2.498294236E+00 -1.363990799E+00  2.776991095E+00  6.365081158E+00
 -2.459146918E+00 -1.436669769E+00  2.809984394E+00  6.231428642E+00
 -2.418328709E+00 -1.507427573E+00  2.843575444E+00  6.102671440E+00
 -2.375926683E+00 -1.576261782E+00  2.877741249E+00  5.978704414E+00
 -2.332024485E+00 -1.643172836E+00  2.912455875E+00  5.859420142E+00
 -2.286702373E+00 -1.708163742E+00  2.947690268E+00  5.744709702E+00
 -2.240037261E+00 -1.771239789E+00  2.983412091E+00  5.634463383E+00
 -2.192102784E+00 -1.832408290E+00  3.019585551E+00  5.528571307E+00
 -2.142969364E+00 -1.891678329E+00  3.056171245E+00  5.426923990E+00
 -2.092704292E+00 -1.949060537E+00  3.093126003E+00  5.329412821E+00
 -2.041371812E+00 -2.004566872E+00  3.130402762E+00  5.235930501E+00
 -1.989033210E+00 -2.058210426E+00  3.167950434E+00  5.146371406E+00
 -1.935746913E+00 -2.110005236E+00  3.205713810E+00  5.060631911E+00
 -1.881568583E+00 -2.159966120E+00  3.243633480E+00  4.978610670E+00
 -1.826551222E+00 -2.208108514E+00  3.281645780E+00  4.900208847E+00
 -1.770745272E+00 -2.254448331E+00  3.319682771E+00  4.825330318E+00
 -1.714198718E+00 -2.299001826E+00  3.357672250E+00  4.753881831E+00
 -1.656957194E+00 -2.341785479E+00  3.395537801E+00  4.685773151E+00
 -1.599064087E+00 -2.382815875E+00  3.433198891E+00  4.620917164E+00
 -1.540560636E+00 -2.422109609E+00  3.470571012E+00  4.559229965E+00
 -1.481486037E+00 -2.459683191E+00  3.507565863E+00  4.500630931E+00
 -1.421877547E+00 -2.495552957E+00  3.544091602E+00  4.445042765E+00
 -1.361770577E+00 -2.529734995E+00  3.580053140E+00  4.392391538E+00
 -1.301198792E+00 -2.562245076E+00  3.615352495E+00  4.342606702E+00
 -1.240194210E+00 -2.593098587E+00  3.649889213E+00  4.295621113E+00
 -1.178787293E+00 -2.622310472E+00  3.683560832E+00  4.251371023E+00
 -1.117007039E+00 -2.649895186E+00  3.716263423E+00  4.209796079E+00
 -1.054881071E+00 -2.675866640E+00  3.747892167E+00  4.170839309E+00
 -9.924357304E-01 -2.700238164E+00  3.778342004E+00  4.134447109E+00
 -9.296961547E-01 -2.723022465E+00  3.807508310E+00  4.100569214E+00
 -8.666863676E-01 -2.744231598E+00  3.835287636E+00  4.069158683E+00
 -8.034293583E-01 -2.763876930E+00  3.861578466E+00  4.040171865E+00
 -7.399471622E-01 -2.781969114E+00  3.886282012E+00  4.013568377E+00
 -6.762609390E-01 -2.798518066E+00  3.909303015E+00  3.989311074E+00
 -6.123910493E-01 -2.813532944E+00  3.930550562E+00  3.967366022E+00
 -5.483571300E-01 -2.827022127E+00  3.949938894E+00  3.947702467E+00
 -4.841781671E-01 -2.838993199E+00  3.967388187E+00  3.930292818E+00
 -4.198725684E-01 -2.849452937E+00  3.982825317E+00  3.915112612E+00
 -3.554582346E-01 -2.858407294E+00  3.996184565E+00  3.902140499E+00
 -2.909526287E-01 -2.865861394E+00  4.007408280E+00  3.891358217E+00
 -2.263728453E-01 -2.871819517E+00  4.016447463E+00  3.882750577E+00
 -1.617356785E-01 -2.876285097E+00  4.023262277E+00  3.876305447E+00
 -9.705768958E-02 -2.879260716E+00  4.027822465E+00  3.872013737E+00
 -3.235527362E-02 -2.880748094E+00  4.030107676E+00  3.869869395E+00
  3.235527362E-02 -2.880748094E+00  4.030107676E+00  3.869869395E+00
  9.705768958E-02 -2.879260716E+00  4.027822465E+00  3.872013737E+00
  1.617356785E-01 -2.876285097E+00  4.023262277E+00  3.876305447E+00
  2.263728453E-01 -2.871819517E+00  4.016447463E+00  3.882750577E+00
  2.909526287E-01 -2.865861394E+00  4.007408280E+00  3.891358217E+00
  3.554582346E-01 -2.858407294E+00  3.996184565E+00  3.902140499E+00
  4.198725684E-01 -2.849452937E+00  3.982825317E+00  3.915112612E+00
  4.841781671E-01 -2.838993199E+00  3.967388187E+00  3.930292818E+00
  5.483571300E-01 -2.827022127E+00  3.949938894E+00  3.947702467E+00
  6.123910493E-01 -2.813532944E+00  3.930550562E+00  3.967366022E+00
  6.762609390E-01 -2.798518066E+00  3.909303015E+00  3.989311074E+00
  7.399471622E-01 -2.781969114E+00  3.886282012E+00  4.013568377E+00
  8.034293583E-01 -2.763876930E+00  3.861578466E+00  4.040171865E+00
  8.666863676E-01 -2.744231598E+00  3.835287636E+00  4.069158683E+00
  9.296961547E-01 -2.723022465E+00  3.807508310E+00  4.100569214E+00
  9.924357304E-01 -2.700238164E+00  3.778342004E+00  4.134447109E+00
  1.054881071E+00 -2.675866640E+00  3.747892167E+00  4.170839309E+00
  1.117007039E+00 -2.649895186E+00  3.716263423E+00  4.209796079E+00
  1.178787293E+00 -2.622310472E+00  3.683560832E+00  4.251371023E+00
  1.240194210E+00 -2.593098587E+00  3.649889213E+00  4.295621113E+00
  1.301198792E+00 -2.562245076E+00  3.615352495E+00  4.342606702E+00
  1.361770577E+00 -2.529734995E+00  3.580053140E+00  4.392391538E+00
  1.421877547E+00 -2.495552957E+00  3.544091602E+00  4.445042765E+00
  1.481486037E+00 -2.459683191E+00  3.507565863E+00  4.500630931E+00
  1.540560636E+00 -2.422109609E+00  3.470571012E+00  4.559229965E+00
  1.599064087E+00 -2.382815875E+00  3.433198891E+00  4.620917164E+00
  1.656957194E+00 -2.341785479E+00  3.395537801E+00  4.685773151E+00
  1.714198718E+00 -2.299001826E+00  3.357672250E+00  4.753881831E+00
  1.770745272E+00 -2.254448331E+00  3.319682771E+00  4.825330318E+00
  1.826551222E+00 -2.208108514E+00  3.281645780E+00  4.900208847E+00
  1.881568583E+00 -2.159966120E+00  3.243633480E+00  4.978610670E+00
  1.935746913E+00 -2.110005236E+00  3.205713810E+00  5.060631911E+00
  1.989033210E+00 -2.058210426E+00  3.167950434E+00  5.146371406E+00
  2.041371812E+00 -2.004566872E+00  3.130402762E+00  5.235930501E+00
  2.092704292E+00 -1.949060537E+00  3.093126003E+00  5.329412821E+00
  2.142969364E+00 -1.891678329E+00  3.056171245E+00  5.426923990E+00
  2.192102784E+00 -1.832408290E+00  3.019585551E+00  5.528571307E+00
  2.240037261E+00 -1.771239789E+00  2.983412091E+00  5.634463383E+00
  2.286702373E+00 -1.708163742E+00  2.947690268E+00  5.744709702E+00
  2.332024485E+00 -1.643172836E+00  2.912455875E+00  5.859420142E+00
  2.375926683E+00 -1.576261782E+00  2.877741249E+00  5.978704414E+00
  2.418328709E+00 -1.507427573E+00  2.843575444E+00  6.102671440E+00
  2.459146918E+00 -1.436669769E+00  2.809984394E+00  6.231428642E+00
  2.498294236E+00 -1.363990799E+00  2.776991095E+00  6.365081158E+00
  2.535680148E+00 -1.289396276E+00  2.744615773E+00  6.503730956E+00
  2.571210692E+00 -1.212895337E+00  2.712876061E+00  6.647475860E+00
  2.604788480E+00 -1.134500998E+00  2.681787171E+00  6.796408467E+00
  2.636312741E+00 -1.054230532E+00  2.651362061E+00  6.950614962E+00
  2.665679389E+00 -9.721058557E-01  2.621611599E+00  7.110173810E+00
  2.692781124E+00 -8.881539475E-01  2.592544725E+00  7.275154338E+00
  2.717507560E+00 -8.024072679E-01  2.564168598E+00  7.445615193E+00
  2.739745394E+00 -7.149042032E-01  2.536488749E+00  7.621602669E+00
  2.759378612E+00 -6.256895185E-01  2.509509220E+00  7.803148920E+00
  2.776288740E+00 -5.348148227E-01  2.483232698E+00  7.990270036E+00
  2.790355137E+00 -4.423390396E-01  2.457660641E+00  8.182964004E+00
  2.801455345E+00 -3.483288845E-01  2.432793397E+00  8.381208545E+00
  2.809465489E+00 -2.528593401E-01  2.408630324E+00  8.584958849E+00
  2.814260734E+00 -1.560141279E-01  2.385169889E+00  8.794145204E+00
  2.815715804E+00 -5.788616974E-02  2.362409770E+00  9.008670545E+00
  2.813705567E+00  4.142196653E-02  2.340346955E+00  9.228407931E+00
  2.808105677E+00  1.417976449E-01  2.318977820E+00  9.453197994E+00
  2.798793296E+00  2.431177689E-01  2.298298218E+00  9.682846355E+00
  2.785647874E+00  3.452484284E-01  2.278303552E+00  9.917121075E+00
  2.768552003E+00  4.480445940E-01  2.258988844E+00  1.015575015E+01
  2.747392341E+00  5.513498683E-01  2.240348800E+00  1.039841913E+01
  2.722060598E+00  6.549963057E-01  2.222377872E+00  1.064476886E+01
  2.692454590E+00  7.588043089E-01  2.205070309E+00  1.089439342E+01
  2.658479347E+00  8.625826151E-01  2.188420214E+00  1.114683841E+01
  2.620048281E+00  9.661283821E-01  2.172421583E+00  1.140159946E+01
  2.577084388E+00  1.069227385E+00  2.157068356E+00  1.165812117E+01
  2.529521500E+00  1.171654333E+00  2.142354448E+00  1.191579660E+01
  2.477305543E+00  1.273173321E+00  2.128273793E+00  1.217396714E+01
  2.420395819E+00  1.373538420E+00  2.114820368E+00  1.243192316E+01
  2.358766276E+00  1.472494410E+00  2.101988231E+00  1.268890519E+01
  2.292406757E+00  1.569777680E+00  2.089771542E+00  1.294410595E+01
  2.221324208E+00  1.665117273E+00  2.078164591E+00  1.319667310E+01
  2.145543819E+00  1.758236099E+00  2.067161818E+00  1.344571285E+01
  2.065110090E+00  1.848852307E+00  2.056757836E+00  1.369029448E+01
  1.980087780E+00  1.936680810E+00  2.046947447E+00  1.392945564E+01
  1.890562739E+00  2.021434959E+00  2.037725658E+00  1.416220867E+01
  1.796642577E+00  2.102828358E+00  2.029087698E+00  1.438754768E+01
  1.698457165E+00  2.180576797E+00  2.021029028E+00  1.460445646E+01
  1.596158937E+00  2.254400296E+00  2.013545358E+00  1.481191717E+01
  1.489922986E+00  2.324025224E+00  2.006632653E+00  1.500891964E+01
  1.379946919E+00  2.389186491E+00  2.000287142E+00  1.519447124E+01
  1.266450475E+00  2.449629754E+00  1.994505330E+00  1.536760707E+01
  1.149674890E+00  2.505113635E+00  1.989284006E+00  1.552740050E+01
  1.029882001E+00  2.555411899E+00  1.984620242E+00  1.567297358E+01
  9.073530967E-01  2.600315568E+00  1.980511409E+00  1.580350750E+01
  7.823875094E-01  2.639634928E+00  1.976955173E+00  1.591825249E+01
  6.553009707E-01  2.673201406E+00  1.973949505E+00  1.601653736E+01
  5.264237356E-01  2.700869267E+00  1.971492682E+00  1.609777811E+01
  3.960985033E-01  2.722517120E+00  1.969583290E+00  1.616148571E+01
  2.646781569E-01  2.738049181E+00  1.968220227E+00  1.620727262E+01
  1.325233537E-01  2.747396291E+00  1.967402705E+00  1.623485815E+01
  4.935808581E-16  2.750516655E+00  1.967130251E+00  1.624407231E+01
 -4.828989409E-16  2.689409917E+00  1.946119186E+00  1.554858250E+01
 -1.296561221E-01  2.686374023E+00  1.946385852E+00  1.553995364E+01
 -2.589564294E-01  2.677279720E+00  1.947185997E+00  1.551411943E+01
 -3.875476155E-01  2.662167007E+00  1.948520072E+00  1.547123624E+01
 -5.150813529E-01  2.641102082E+00  1.950388824E+00  1.541156233E+01
 -6.412166912E-01  2.614176640E+00  1.952793298E+00  1.533545429E+01
 -7.656223458E-01  2.581506926E+00  1.955734836E+00  1.524336234E+01
 -8.879788482E-01  2.543232534E+00  1.959215070E+00  1.513582428E+01
 -1.007980527E+00  2.499514999E+00  1.963235924E+00  1.501345856E+01
 -1.125337299E+00  2.450536192E+00  1.967799609E+00  1.487695639E+01
 -1.239776243E+00  2.396496549E+00  1.972908617E+00  1.472707318E+01
 -1.351042952E+00  2.337613181E+00  1.978565716E+00  1.456461944E+01
 -1.458902648E+00  2.274117869E+00  1.984773948E+00  1.439045138E+01
 -1.563141048E+00  2.206255010E+00  1.991536617E+00  1.420546133E+01
 -1.663564995E+00  2.134279508E+00  1.998857285E+00  1.401056819E+01
 -1.760002848E+00  2.058454685E+00  2.006739764E+00  1.380670806E+01
 -1.852304638E+00  1.979050196E+00  2.015188103E+00  1.359482524E+01
 -1.940342015E+00  1.896340009E+00  2.024206580E+00  1.337586364E+01
 -2.024007980E+00  1.810600458E+00  2.033799689E+00  1.315075883E+01
 -2.103216439E+00  1.722108390E+00  2.043972128E+00  1.292043068E+01
 -2.177901592E+00  1.631139427E+00  2.054728782E+00  1.268577675E+01
 -2.248017165E+00  1.537966356E+00  2.066074708E+00  1.244766654E+01
 -2.313535530E+00  1.442857658E+00  2.078015115E+00  1.220693634E+01
 -2.374446710E+00  1.346076179E+00  2.090555348E+00  1.196438511E+01
 -2.430757314E+00  1.247877952E+00  2.103700861E+00  1.172077095E+01
 -2.482489392E+00  1.148511175E+00  2.117457193E+00  1.147680847E+01
 -2.529679269E+00  1.048215328E+00  2.131829947E+00  1.123316681E+01
 -2.572376333E+00  9.472204464E-01  2.146824752E+00  1.099046840E+01
 -2.610641828E+00  8.457465280E-01  2.162447236E+00  1.074928823E+01
 -2.644547651E+00  7.440030784E-01  2.178702990E+00  1.051015385E+01
 -2.674175160E+00  6.421887790E-01  2.195597529E+00  1.027354571E+01
 -2.699614025E+00  5.404912732E-01  2.213136247E+00  1.003989807E+01
 -2.720961112E+00  4.390870584E-01  2.231324378E+00  9.809600179E+00
 -2.738319410E+00  3.381414753E-01  2.250166939E+00  9.582997829E+00
 -2.751797023E+00  2.378087834E-01  2.269668680E+00  9.360395167E+00
 -2.761506215E+00  1.382323124E-01  2.289834025E+00  9.142056670E+00
 -2.767562513E+00  3.954468002E-02  2.310667008E+00  8.928209306E+00
 -2.770083881E+00 -5.813193306E-02  2.332171207E+00  8.719044777E+00
 -2.769189955E+00 -1.546854615E-01  2.354349665E+00  8.514721839E+00
 -2.765001343E+00 -2.500135942E-01  2.377204820E+00  8.315368646E+00
 -2.757638992E+00 -3.440233817E-01  2.400738413E+00  8.121085087E+00
 -2.747223611E+00 -4.366308208E-01  2.424951401E+00  7.931945102E+00
 -2.733875163E+00 -5.277604208E-01  2.449843859E+00  7.747998932E+00
 -2.717712408E+00 -6.173447592E-01  2.475414880E+00  7.569275314E+00
 -2.698852504E+00 -7.053240308E-01  2.501662464E+00  7.395783582E+00
 -2.677410661E+00 -7.916455959E-01  2.528583402E+00  7.227515671E+00
 -2.653499840E+00 -8.762635303E-01  2.556173156E+00  7.064448023E+00
 -2.627230500E+00 -9.591381821E-01  2.584425733E+00  6.906543381E+00
 -2.598710390E+00 -1.040235736E+00  2.613333545E+00  6.753752471E+00
 -2.568044368E+00 -1.119527791E+00  2.642887274E+00  6.606015566E+00
 -2.535334271E+00 -1.196990948E+00  2.673075727E+00  6.463263948E+00
 -2.500678806E+00 -1.272606415E+00  2.703885682E+00  6.325421244E+00
 -2.464173472E+00 -1.346359628E+00  2.735301735E+00  6.192404665E+00
 -2.425910509E+00 -1.418239886E+00  2.767306143E+00  6.064126139E+00
 -2.385978873E+00 -1.488240004E+00  2.799878661E+00  5.940493336E+00
 -2.344464225E+00 -1.556355988E+00  2.832996378E+00  5.821410605E+00
 -2.301448943E+00 -1.622586720E+00  2.866633559E+00  5.706779821E+00
 -2.257012151E+00 -1.686933668E+00  2.900761477E+00  5.596501144E+00
 -2.211229756E+00 -1.749400606E+00  2.935348260E+00  5.490473700E+00
 -2.164174501E+00 -1.809993361E+00  2.970358736E+00  5.388596191E+00
 -2.115916029E+00 -1.868719563E+00  3.005754284E+00  5.290767431E+00
 -2.066520955E+00 -1.925588424E+00  3.041492702E+00  5.196886828E+00
 -2.016052939E+00 -1.980610528E+00  3.077528083E+00  5.106854801E+00
 -1.964572775E+00 -2.033797629E+00  3.113810704E+00  5.020573148E+00
 -1.912138477E+00 -2.085162472E+00  3.150286939E+00  4.937945364E+00
 -1.858805374E+00 -2.134718629E+00  3.186899193E+00  4.858876919E+00
 -1.804626200E+00 -2.182480333E+00  3.223585859E+00  4.783275495E+00
 -1.749651196E+00 -2.228462345E+00  3.260281306E+00  4.711051182E+00
 -1.693928207E+00 -2.272679814E+00  3.296915900E+00  4.642116656E+00
 -1.637502779E+00 -2.315148157E+00  3.333416063E+00  4.576387315E+00
 -1.580418261E+00 -2.355882949E+00  3.369704368E+00  4.513781394E+00
 -1.522715899E+00 -2.394899819E+00  3.405699684E+00  4.454220066E+00
 -1.464434942E+00 -2.432214357E+00  3.441317361E+00  4.397627509E+00
 -1.405612731E+00 -2.467842027E+00  3.476469470E+00  4.343930969E+00
 -1.346284801E+00 -2.501798088E+00  3.511065092E+00  4.293060800E+00
 -1.286484971E+00 -2.534097528E+00  3.545010660E+00  4.244950493E+00
 -1.226245441E+00 -2.564754992E+00  3.578210359E+00  4.199536697E+00
 -1.165596880E+00 -2.593784729E+00  3.610566573E+00  4.156759229E+00
 -1.104568519E+00 -2.621200535E+00  3.641980395E+00  4.116561069E+00
 -1.043188234E+00 -2.647015710E+00  3.672352179E+00  4.078888364E+00
 -9.814826357E-01 -2.671243006E+00  3.701582146E+00  4.043690411E+00
 -9.194771519E-01 -2.693894598E+00  3.729571030E+00  4.010919645E+00
 -8.571961099E-01 -2.714982041E+00  3.756220765E+00  3.980531620E+00
 -7.946628164E-01 -2.734516242E+00  3.781435202E+00  3.952484992E+00
 -7.318996366E-01 -2.752507432E+00  3.805120848E+00  3.926741492E+00
 -6.689280709E-01 -2.768965138E+00  3.827187619E+00  3.903265908E+00
 -6.057688301E-01 -2.783898166E+00  3.847549602E+00  3.882026058E+00
 -5.424419094E-01 -2.797314577E+00  3.866125803E+00  3.862992773E+00
 -4.789666611E-01 -2.809221670E+00  3.882840878E+00  3.846139869E+00
 -4.153618652E-01 -2.819625970E+00  3.897625844E+00  3.831444129E+00
 -3.516458002E-01 -2.828533212E+00  3.910418733E+00  3.818885284E+00
 -2.878363113E-01 -2.835948333E+00  3.921165205E+00  3.808445995E+00
 -2.239508795E-01 -2.841875458E+00  3.929819092E+00  3.800111838E+00
 -1.600066879E-01 -2.846317897E+00  3.936342868E+00  3.793871289E+00
 -9.602068956E-02 -2.849278140E+00  3.940708039E+00  3.789715714E+00
 -3.200967271E-02 -2.850757845E+00  3.942895442E+00  3.787639364E+00
  3.200967271E-02 -2.850757845E+00  3.942895442E+00  3.787639364E+00
  9.602068956E-02 -2.849278140E+00  3.940708039E+00  3.789715714E+00
  1.600066879E-01 -2.846317897E+00  3.936342868E+00  3.793871289E+00
  2.239508795E-01 -2.841875458E+00  3.929819092E+00  3.800111838E+00
  2.878363113E-01 -2.835948333E+00  3.921165205E+00  3.808445995E+00
  3.516458002E-01 -2.828533212E+00  3.910418733E+00  3.818885284E+00
  4.153618652E-01 -2.819625970E+00  3.897625844E+00  3.831444129E+00
  4.789666611E-01 -2.809221670E+00  3.882840878E+00  3.846139869E+00
  5.424419094E-01 -2.797314577E+00  3.866125803E+00  3.862992773E+00
  6.057688301E-01 -2.783898166E+00  3.847549602E+00  3.882026058E+00
  6.689280709E-01 -2.768965138E+00  3.827187619E+00  3.903265908E+00
  7.318996366E-01 -2.752507432E+00  3.805120848E+00  3.926741492E+00
  7.946628164E-01 -2.734516242E+00  3.781435202E+00  3.952484992E+00
  8.571961099E-01 -2.714982041E+00  3.756220765E+00  3.980531620E+00
  9.194771519E-01 -2.693894598E+00  3.729571030E+00  4.010919645E+00
  9.814826357E-01 -2.671243006E+00  3.701582146E+00  4.043690411E+00
  1.043188234E+00 -2.647015710E+00  3.672352179E+00  4.078888364E+00
  1.104568519E+00 -2.621200535E+00  3.641980395E+00  4.116561069E+00
  1.165596880E+00 -2.593784729E+00  3.610566573E+00  4.156759229E+00
  1.226245441E+00 -2.564754992E+00  3.578210359E+00  4.199536697E+00
  1.286484971E+00 -2.534097528E+00  3.545010660E+00  4.244950493E+00
  1.346284801E+00 -2.501798088E+00  3.511065092E+00  4.293060800E+00
  1.405612731E+00 -2.467842027E+00  3.476469470E+00  4.343930969E+00
  1.464434942E+00 -2.432214357E+00  3.441317361E+00  4.397627509E+00
  1.522715899E+00 -2.394899819E+00  3.405699684E+00  4.454220066E+00
  1.580418261E+00 -2.355882949E+00  3.369704368E+00  4.513781394E+00
  1.637502779E+00 -2.315148157E+00  3.333416063E+00  4.576387315E+00
  1.693928207E+00 -2.272679814E+00  3.296915900E+00  4.642116656E+00
  1.749651196E+00 -2.228462345E+00  3.260281306E+00  4.711051182E+00
  1.804626200E+00 -2.182480333E+00  3.223585859E+00  4.783275495E+00
  1.858805374E+00 -2.134718629E+00  3.186899193E+00  4.858876919E+00
  1.912138477E+00 -2.085162472E+00  3.150286939E+00  4.937945364E+00
  1.964572775E+00 -2.033797629E+00  3.113810704E+00  5.020573148E+00
  2.016052939E+00 -1.980610528E+00  3.077528083E+00  5.106854801E+00
  2.066520955E+00 -1.925588424E+00  3.041492702E+00  5.196886828E+00
  2.115916029E+00 -1.868719563E+00  3.005754284E+00  5.290767431E+00
  2.164174501E+00 -1.809993361E+00  2.970358736E+00  5.388596191E+00
  2.211229756E+00 -1.749400606E+00  2.935348260E+00  5.490473700E+00
  2.257012151E+00 -1.686933668E+00  2.900761477E+00  5.596501144E+00
  2.301448943E+00 -1.622586720E+00  2.866633559E+00  5.706779821E+00
  2.344464225E+00 -1.556355988E+00  2.832996378E+00  5.821410605E+00
  2.385978873E+00 -1.488240004E+00  2.799878661E+00  5.940493336E+00
  2.425910509E+00 -1.418239886E+00  2.767306143E+00  6.064126139E+00
  2.464173472E+00 -1.346359628E+00  2.735301735E+00  6.192404665E+00
  2.500678806E+00 -1.272606415E+00  2.703885682E+00  6.325421244E+00
  2.535334271E+00 -1.196990948E+00  2.673075727E+00  6.463263948E+00
  2.568044368E+00 -1.119527791E+00  2.642887274E+00  6.606015566E+00
  2.598710390E+00 -1.040235736E+00  2.613333545E+00  6.753752471E+00
  2.627230500E+00 -9.591381821E-01  2.584425733E+00  6.906543381E+00
  2.653499840E+00 -8.762635303E-01  2.556173156E+00  7.064448023E+00
  2.677410661E+00 -7.916455959E-01  2.528583402E+00  7.227515671E+00
  2.698852504E+00 -7.053240308E-01  2.501662464E+00  7.395783582E+00
  2.717712408E+00 -6.173447592E-01  2.475414880E+00  7.569275314E+00
  2.733875163E+00 -5.277604208E-01  2.449843859E+00  7.747998932E+00
  2.747223611E+00 -4.366308208E-01  2.424951401E+00  7.931945102E+00
  2.757638992E+00 -3.440233817E-01  2.400738413E+00  8.121085087E+00
  2.765001343E+00 -2.500135942E-01  2.377204820E+00  8.315368646E+00
  2.769189955E+00 -1.546854615E-01  2.354349665E+00  8.514721839E+00
  2.770083881E+00 -5.813193306E-02  2.332171207E+00  8.719044777E+00
  2.767562513E+00  3.954468002E-02  2.310667008E+00  8.928209306E+00
  2.761506215E+00  1.382323124E-01  2.289834025E+00  9.142056670E+00
  2.751797023E+00  2.378087834E-01  2.269668680E+00  9.360395167E+00
  2.738319410E+00  3.381414753E-01  2.250166939E+00  9.582997829E+00
  2.720961112E+00  4.390870584E-01  2.231324378E+00  9.809600179E+00
  2.699614025E+00  5.404912732E-01  2.213136247E+00  1.003989807E+01
  2.674175160E+00  6.421887790E-01  2.195597529E+00  1.027354571E+01
  2.644547651E+00  7.440030784E-01  2.178702990E+00  1.051015385E+01
  2.610641828E+00  8.457465280E-01  2.162447236E+00  1.074928823E+01
  2.572376333E+00  9.472204464E-01  2.146824752E+00  1.099046840E+01
  2.529679269E+00  1.048215328E+00  2.131829947E+00  1.123316681E+01
  2.482489392E+00  1.148511175E+00  2.117457193E+00  1.147680847E+01
  2.430757314E+00  1.247877952E+00  2.103700861E+00  1.172077095E+01
  2.374446710E+00  1.346076179E+00  2.090555348E+00  1.196438511E+01
  2.313535530E+00  1.442857658E+00  2.078015115E+00  1.220693634E+01
  2.248017165E+00  1.537966356E+00  2.066074708E+00  1.244766654E+01
  2.177901592E+00  1.631139427E+00  2.054728782E+00  1.268577675E+01
  2.103216439E+00  1.722108390E+00  2.043972128E+00  1.292043068E+01
  2.024007980E+00  1.810600458E+00  2.033799689E+00  1.315075883E+01
  1.940342015E+00  1.896340009E+00  2.024206580E+00  1.337586364E+01
  1.852304638E+00  1.979050196E+00  2.015188103E+00  1.359482524E+01
  1.760002848E+00  2.058454685E+00  2.006739764E+00  1.380670806E+01
  1.663564995E+00  2.134279508E+00  1.998857285E+00  1.401056819E+01
  1.563141048E+00  2.206255010E+00  1.991536617E+00  1.420546133E+01
  1.458902648E+00  2.274117869E+00  1.984773948E+00  1.439045138E+01
  1.351042952E+00  2.337613181E+00  1.978565716E+00  1.456461944E+01
  1.239776243E+00  2.396496549E+00  1.972908617E+00  1.472707318E+01
  1.125337299E+00  2.450536192E+00  1.967799609E+00  1.487695639E+01
  1.007980527E+00  2.499514999E+00  1.963235924E+00  1.501345856E+01
  8.879788482E-01  2.543232534E+00  1.959215070E+00  1.513582428E+01
  7.656223458E-01  2.581506926E+00  1.955734836E+00  1.524336234E+01
  6.412166912E-01  2.614176640E+00  1.952793298E+00  1.533545429E+01
  5.150813529E-01  2.641102082E+00  1.950388824E+00  1.541156233E+01
  3.875476155E-01  2.662167007E+00  1.948520072E+00  1.547123624E+01
  2.589564294E-01  2.677279720E+00  1.947185997E+00  1.551411943E+01
  1.296561221E-01  2.686374023E+00  1.946385852E+00  1.553995364E+01
  4.828989409E-16  2.689409917E+00  1.946119186E+00  1.554858250E+01
 -4.723749977E-16  2.628871227E+00  1.924953331E+00  1.487825857E+01
 -1.268312593E-01  2.625917912E+00  1.925214227E+00  1.487018159E+01
 -2.533190457E-01  2.617070767E+00  1.925997056E+00  1.484599877E+01
 -3.791222647E-01  2.602368068E+00  1.927302245E+00  1.480585390E+01
 -5.039045447E-01  2.581873164E+00  1.929130501E+00  1.474998443E+01
 -6.273365118E-01  2.555673826E+00  1.931482814E+00  1.467871837E+01
 -7.490979650E-01  2.523881347E+00  1.934360453E+00  1.459246992E+01
 -8.688799202E-01  2.486629420E+00  1.937764966E+00  1.449173410E+01
 -9.863864981E-01  2.444072805E+00  1.941698170E+00  1.437708045E+01
 -1.101336631E+00  2.396385822E+00  1.946162159E+00  1.424914585E+01
 -1.213465575E+00  2.343760681E+00  1.951159286E+00  1.410862679E+01
 -1.322526201E+00  2.286405690E+00  1.956692171E+00  1.395627114E+01
 -1.428290076E+00  2.224543373E+00  1.962763683E+00  1.379286955E+01
 -1.530548306E+00  2.158408515E+00  1.969376944E+00  1.361924676E+01
 -1.629112153E+00  2.088246174E+00  1.976535313E+00  1.343625287E+01
 -1.723813436E+00  2.014309689E+00  1.984242383E+00  1.324475483E+01
 -1.814504699E+00  1.936858708E+00  1.992501966E+00  1.304562814E+01
 -1.901059187E+00  1.856157261E+00  2.001318090E+00  1.283974900E+01
 -1.983370621E+00  1.772471899E+00  2.010694977E+00  1.262798695E+01
 -2.061352797E+00  1.686069928E+00  2.020637039E+00  1.241119813E+01
 -2.134939027E+00  1.597217742E+00  2.031148855E+00  1.219021912E+01
 -2.204081440E+00  1.506179275E+00  2.042235163E+00  1.196586157E+01
 -2.268750156E+00  1.413214582E+00  2.053900832E+00  1.173890741E+01
 -2.328932369E+00  1.318578556E+00  2.066150850E+00  1.151010494E+01
 -2.384631342E+00  1.222519784E+00  2.078990298E+00  1.128016551E+01
 -2.435865338E+00  1.125279545E+00  2.092424326E+00  1.104976094E+01
 -2.482666516E+00  1.027090952E+00  2.106458129E+00  1.081952161E+01
 -2.525079790E+00  9.281782236E-01  2.121096914E+00  1.059003519E+01
 -2.563161682E+00  8.287561009E-01  2.136345868E+00  1.036184587E+01
 -2.596979179E+00  7.290293823E-01  2.152210127E+00  1.013545420E+01
 -2.626608601E+00  6.291925830E-01  2.168694737E+00  9.911317331E+00
 -2.652134498E+00  5.294297043E-01  2.185804608E+00  9.689849721E+00
 -2.673648582E+00  4.299141069E-01  2.203544475E+00  9.471424139E+00
 -2.691248703E+00  3.308084764E-01  2.221918846E+00  9.256373008E+00
 -2.705037871E+00  2.322648737E-01  2.240931951E+00  9.044989975E+00
 -2.715123335E+00  1.344248585E-01  2.260587683E+00  8.837531684E+00
 -2.721615723E+00  3.741967924E-02  2.280889537E+00  8.634219687E+00
 -2.724628228E+00 -5.862948259E-02  2.301840547E+00  8.435242479E+00
 -2.724275875E+00 -1.536112196E-01  2.323443209E+00  8.240757582E+00
 -2.720674828E+00 -2.474235673E-01  2.345699409E+00  8.050893683E+00
 -2.713941778E+00 -3.399736409E-01  2.368610342E+00  7.865752761E+00
 -2.704193369E+00 -4.311772476E-01  2.392176421E+00  7.685412212E+00
 -2.691545703E+00 -5.209584807E-01  2.416397186E+00  7.509926914E+00
 -2.676113882E+00 -6.092493013E-01  2.441271209E+00  7.339331253E+00
 -2.658011617E+00 -6.959891121E-01  2.466795981E+00  7.173641066E+00
 -2.637350875E+00 -7.811243284E-01  2.492967811E+00  7.012855498E+00
 -2.614241582E+00 -8.646079511E-01  2.519781705E+00  6.856958784E+00
 -2.588791365E+00 -9.463991421E-01  2.547231242E+00  6.705921911E+00
 -2.561105337E+00 -1.026462809E+00  2.575308451E+00  6.559704204E+00
 -2.531285918E+00 -1.104769199E+00  2.604003678E+00  6.418254786E+00
 -2.499432689E+00 -1.181293501E+00  2.633305443E+00  6.281513958E+00
 -2.465642284E+00 -1.256015470E+00  2.663200304E+00  6.149414459E+00
 -2.430008300E+00 -1.328919052E+00  2.693672708E+00  6.021882640E+00
 -2.392621240E+00 -1.399992040E+00  2.724704842E+00  5.898839535E+00
 -2.353568481E+00 -1.469225731E+00  2.756276483E+00  5.780201841E+00
 -2.312934252E+00 -1.536614613E+00  2.788364845E+00  5.665882813E+00
 -2.270799643E+00 -1.602156055E+00  2.820944427E+00  5.555793074E+00
 -2.227242618E+00 -1.665850029E+00  2.853986866E+00  5.449841340E+00
 -2.182338054E+00 -1.727698832E+00  2.887460787E+00  5.347935085E+00
 -2.136157778E+00 -1.787706837E+00  2.921331664E+00  5.249981123E+00
 -2.088770627E+00 -1.845880255E+00  2.955561684E+00  5.155886135E+00
 -2.040242513E+00 -1.902226908E+00  2.990109629E+00  5.065557133E+00
 -1.990636488E+00 -1.956756028E+00  3.024930758E+00  4.978901872E+00
 -1.940012827E+00 -2.009478057E+00  3.059976720E+00  4.895829211E+00
 -1.888429107E+00 -2.060404470E+00  3.095195466E+00  4.816249428E+00
 -1.835940295E+00 -2.109547608E+00  3.130531202E+00  4.740074495E+00
 -1.782598837E+00 -2.156920522E+00  3.165924355E+00  4.667218316E+00
 -1.728454747E+00 -2.202536833E+00  3.201311566E+00  4.597596927E+00
 -1.673555704E+00 -2.246410594E+00  3.236625725E+00  4.531128671E+00
 -1.617947145E+00 -2.288556177E+00  3.271796029E+00  4.467734343E+00
 -1.561672357E+00 -2.328988153E+00  3.306748082E+00  4.407337311E+00
 -1.504772576E+00 -2.367721193E+00  3.341404043E+00  4.349863616E+00
 -1.447287075E+00 -2.404769976E+00  3.375682806E+00  4.295242050E+00
 -1.389253267E+00 -2.440149098E+00  3.409500236E+00  4.243404225E+00
 -1.330706787E+00 -2.473872997E+00  3.442769447E+00  4.194284616E+00
 -1.271681591E+00 -2.505955879E+00  3.475401135E+00  4.147820601E+00
 -1.212210042E+00 -2.536411653E+00  3.507303954E+00  4.103952486E+00
 -1.152323001E+00 -2.565253875E+00  3.538384953E+00  4.062623520E+00
 -1.092049913E+00 -2.592495688E+00  3.568550047E+00  4.023779903E+00
 -1.031418892E+00 -2.618149776E+00  3.597704552E+00  3.987370788E+00
 -9.704568042E-01 -2.642228321E+00  3.625753747E+00  3.953348276E+00
 -9.091893519E-01 -2.664742961E+00  3.652603490E+00  3.921667410E+00
 -8.476411523E-01 -2.685704755E+00  3.678160860E+00  3.892286157E+00
 -7.858358164E-01 -2.705124151E+00  3.702334826E+00  3.865165401E+00
 -7.237960264E-01 -2.723010955E+00  3.725036945E+00  3.840268920E+00
 -6.615436109E-01 -2.739374309E+00  3.746182060E+00  3.817563372E+00
 -5.990996191E-01 -2.754222664E+00  3.765689012E+00  3.797018275E+00
 -5.364843932E-01 -2.767563763E+00  3.783481338E+00  3.778605989E+00
 -4.737176404E-01 -2.779404621E+00  3.799487951E+00  3.762301697E+00
 -4.108185023E-01 -2.789751511E+00  3.813643796E+00  3.748083389E+00
 -3.478056244E-01 -2.798609948E+00  3.825890462E+00  3.735931844E+00
 -2.846972245E-01 -2.805984681E+00  3.836176749E+00  3.725830617E+00
 -2.215111594E-01 -2.811879682E+00  3.844459171E+00  3.717766024E+00
 -1.582649920E-01 -2.816298136E+00  3.850702393E+00  3.711727134E+00
 -9.497605680E-02 -2.819242440E+00  3.854879589E+00  3.707705754E+00
 -3.166152596E-02 -2.820714191E+00  3.856972721E+00  3.705696427E+00
  3.166152596E-02 -2.820714191E+00  3.856972721E+00  3.705696427E+00
  9.497605680E-02 -2.819242440E+00  3.854879589E+00  3.707705754E+00
  1.582649920E-01 -2.816298136E+00  3.850702393E+00  3.711727134E+00
  2.215111594E-01 -2.811879682E+00  3.844459171E+00  3.717766024E+00
  2.846972245E-01 -2.805984681E+00  3.836176749E+00  3.725830617E+00
  3.478056244E-01 -2.798609948E+00  3.825890462E+00  3.735931844E+00
  4.108185023E-01 -2.789751511E+00  3.813643796E+00  3.748083389E+00
  4.737176404E-01 -2.779404621E+00  3.799487951E+00  3.762301697E+00
  5.364843932E-01 -2.767563763E+00  3.783481338E+00  3.778605989E+00
  5.990996191E-01 -2.754222664E+00  3.765689012E+00  3.797018275E+00
  6.615436109E-01 -2.739374309E+00  3.746182060E+00  3.817563372E+00
  7.237960264E-01 -2.723010955E+00  3.725036945E+00  3.840268920E+00
  7.858358164E-01 -2.705124151E+00  3.702334826E+00  3.865165401E+00
  8.476411523E-01 -2.685704755E+00  3.678160860E+00  3.892286157E+00
  9.091893519E-01 -2.664742961E+00  3.652603490E+00  3.921667410E+00
  9.704568042E-01 -2.642228321E+00  3.625753747E+00  3.953348276E+00
  1.031418892E+00 -2.618149776E+00  3.597704552E+00  3.987370788E+00
  1.092049913E+00 -2.592495688E+00  3.568550047E+00  4.023779903E+00
  1.152323001E+00 -2.565253875E+00  3.538384953E+00  4.062623520E+00
  1.212210042E+00 -2.536411653E+00  3.507303954E+00  4.103952486E+00
  1.271681591E+00 -2.505955879E+00  3.475401135E+00  4.147820601E+00
  1.330706787E+00 -2.473872997E+00  3.442769447E+00  4.194284616E+00
  1.389253267E+00 -2.440149098E+00  3.409500236E+00  4.243404225E+00
  1.447287075E+00 -2.404769976E+00  3.375682806E+00  4.295242050E+00
  1.504772576E+00 -2.367721193E+00  3.341404043E+00  4.349863616E+00
  1.561672357E+00 -2.328988153E+00  3.306748082E+00  4.407337311E+00
  1.617947145E+00 -2.288556177E+00  3.271796029E+00  4.467734343E+00
  1.673555704E+00 -2.246410594E+00  3.236625725E+00  4.531128671E+00
  1.728454747E+00 -2.202536833E+00  3.201311566E+00  4.597596927E+00
  1.782598837E+00 -2.156920522E+00  3.165924355E+00  4.667218316E+00
  1.835940295E+00 -2.109547608E+00  3.130531202E+00  4.740074495E+00
  1.888429107E+00 -2.060404470E+00  3.095195466E+00  4.816249428E+00
  1.940012827E+00 -2.009478057E+00  3.059976720E+00  4.895829211E+00
  1.990636488E+00 -1.956756028E+00  3.024930758E+00  4.978901872E+00
  2.040242513E+00 -1.902226908E+00  2.990109629E+00  5.065557133E+00
  2.088770627E+00 -1.845880255E+00  2.955561684E+00  5.155886135E+00
  2.136157778E+00 -1.787706837E+00  2.921331664E+00  5.249981123E+00
  2.182338054E+00 -1.727698832E+00  2.887460787E+00  5.347935085E+00
  2.227242618E+00 -1.665850029E+00  2.853986866E+00  5.449841340E+00
  2.270799643E+00 -1.602156055E+00  2.820944427E+00  5.555793074E+00
  2.312934252E+00 -1.536614613E+00  2.788364845E+00  5.665882813E+00
  2.353568481E+00 -1.469225731E+00  2.756276483E+00  5.780201841E+00
  2.392621240E+00 -1.399992040E+00  2.724704842E+00  5.898839535E+00
  2.430008300E+00 -1.328919052E+00  2.693672708E+00  6.021882640E+00
  2.465642284E+00 -1.256015470E+00  2.663200304E+00  6.149414459E+00
  2.499432689E+00 -1.181293501E+00  2.633305443E+00  6.281513958E+00
  2.531285918E+00 -1.104769199E+00  2.604003678E+00  6.418254786E+00
  2.561105337E+00 -1.026462809E+00  2.575308451E+00  6.559704204E+00
  2.588791365E+00 -9.463991421E-01  2.547231242E+00  6.705921911E+00
  2.614241582E+00 -8.646079511E-01  2.519781705E+00  6.856958784E+00
  2.637350875E+00 -7.811243284E-01  2.492967811E+00  7.012855498E+00
  2.658011617E+00 -6.959891121E-01  2.466795981E+00  7.173641066E+00
  2.676113882E+00 -6.092493013E-01  2.441271209E+00  7.339331253E+00
  2.691545703E+00 -5.209584807E-01  2.416397186E+00  7.509926914E+00
  2.704193369E+00 -4.311772476E-01  2.392176421E+00  7.685412212E+00
  2.713941778E+00 -3.399736409E-01  2.368610342E+00  7.865752761E+00
  2.720674828E+00 -2.474235673E-01  2.345699409E+00  8.050893683E+00
  2.724275875E+00 -1.536112196E-01  2.323443209E+00  8.240757582E+00
  2.724628228E+00 -5.862948259E-02  2.301840547E+00  8.435242479E+00
  2.721615723E+00  3.741967924E-02  2.280889537E+00  8.634219687E+00
  2.715123335E+00  1.344248585E-01  2.260587683E+00  8.837531684E+00
  2.705037871E+00  2.322648737E-01  2.240931951E+00  9.044989975E+00
  2.691248703E+00  3.308084764E-01  2.221918846E+00  9.256373008E+00
  2.673648582E+00  4.299141069E-01  2.203544475E+00  9.471424139E+00
  2.652134498E+00  5.294297043E-01  2.185804608E+00  9.689849721E+00
  2.626608601E+00  6.291925830E-01  2.168694737E+00  9.911317331E+00
  2.596979179E+00  7.290293823E-01  2.152210127E+00  1.013545420E+01
  2.563161682E+00  8.287561009E-01  2.136345868E+00  1.036184587E+01
  2.525079790E+00  9.281782236E-01  2.121096914E+00  1.059003519E+01
  2.482666516E+00  1.027090952E+00  2.106458129E+00  1.081952161E+01
  2.435865338E+00  1.125279545E+00  2.092424326E+00  1.104976094E+01
  2.384631342E+00  1.222519784E+00  2.078990298E+00  1.128016551E+01
  2.328932369E+00  1.318578556E+00  2.066150850E+00  1.151010494E+01
  2.268750156E+00  1.413214582E+00  2.053900832E+00  1.173890741E+01
  2.204081440E+00  1.506179275E+00  2.042235163E+00  1.196586157E+01
  2.134939027E+00  1.597217742E+00  2.031148855E+00  1.219021912E+01
  2.061352797E+00  1.686069928E+00  2.020637039E+00  1.241119813E+01
  1.983370621E+00  1.772471899E+00  2.010694977E+00  1.262798695E+01
  1.901059187E+00  1.856157261E+00  2.001318090E+00  1.283974900E+01
  1.814504699E+00  1.936858708E+00  1.992501966E+00  1.304562814E+01
  1.723813436E+00  2.014309689E+00  1.984242383E+00  1.324475483E+01
  1.629112153E+00  2.088246174E+00  1.976535313E+00  1.343625287E+01
  1.530548306E+00  2.158408515E+00  1.969376944E+00  1.361924676E+01
  1.428290076E+00  2.224543373E+00  1.962763683E+00  1.379286955E+01
  1.322526201E+00  2.286405690E+00  1.956692171E+00  1.395627114E+01
  1.213465575E+00  2.343760681E+00  1.951159286E+00  1.410862679E+01
  1.101336631E+00  2.396385822E+00  1.946162159E+00  1.424914585E+01
  9.863864981E-01  2.444072805E+00  1.941698170E+00  1.437708045E+01
  8.688799202E-01  2.486629420E+00  1.937764966E+00  1.449173410E+01
  7.490979650E-01  2.523881347E+00  1.934360453E+00  1.459246992E+01
  6.273365118E-01  2.555673826E+00  1.931482814E+00  1.467871837E+01
  5.039045447E-01  2.581873164E+00  1.929130501E+00  1.474998443E+01
  3.791222647E-01  2.602368068E+00  1.927302245E+00  1.480585390E+01
  2.533190457E-01  2.617070767E+00  1.925997056E+00  1.484599877E+01
  1.268312593E-01  2.625917912E+00  1.925214227E+00  1.487018159E+01
  4.723749977E-16  2.628871227E+00  1.924953331E+00  1.487825857E+01
 -4.620124485E-16  2.568929958E+00  1.903645310E+00  1.423264612E+01
 -1.240496849E-01  2.566057328E+00  1.903900461E+00  1.422508905E+01
 -2.477678499E-01  2.557451685E+00  1.904666050E+00  1.420246208E+01
 -3.708252305E-01  2.543149649E+00  1.905942479E+00  1.416489731E+01
 -4.928970402E-01  2.523211837E+00  1.907730416E+00  1.411261299E+01
 -6.136651306E-01  2.497722248E+00  1.910030799E+00  1.404591066E+01
 -7.328200556E-01  2.466787420E+00  1.912844826E+00  1.396517123E+01
 -8.500630159E-01  2.430535373E+00  1.916173958E+00  1.387085010E+01
 -9.651076561E-01  2.389114355E+00  1.920019915E+00  1.376347146E+01
 -1.077681694E+00  2.342691418E+00  1.924384670E+00  1.364362187E+01
 -1.187528366E+00  2.291450851E+00  1.929270448E+00  1.351194315E+01
 -1.294407668E+00  2.235592484E+00  1.934679717E+00  1.336912498E+01
 -1.398097399E+00  2.175329909E+00  1.940615184E+00  1.321589706E+01
 -1.498393977E+00  2.110888636E+00  1.947079788E+00  1.305302123E+01
 -1.595113053E+00  2.042504206E+00  1.954076694E+00  1.288128352E+01
 -1.688089902E+00  1.970420303E+00  1.961609279E+00  1.270148632E+01
 -1.777179623E+00  1.894886881E+00  1.969681130E+00  1.251444087E+01
 -1.862257126E+00  1.816158330E+00  1.978296025E+00  1.232095999E+01
 -1.943216952E+00  1.734491703E+00  1.987457926E+00  1.212185134E+01
 -2.019972912E+00  1.650145026E+00  1.997170965E+00  1.191791122E+01
 -2.092457581E+00  1.563375700E+00  2.007439427E+00  1.170991883E+01
 -2.160621653E+00  1.474439022E+00  2.018267736E+00  1.149863127E+01
 -2.224433184E+00  1.383586807E+00  2.029660434E+00  1.128477912E+01
 -2.283876728E+00  1.291066158E+00  2.041622164E+00  1.106906270E+01
 -2.338952404E+00  1.197118351E+00  2.054157645E+00  1.085214893E+01
 -2.389674894E+00  1.101977859E+00  2.067271651E+00  1.063466889E+01
 -2.436072398E+00  1.005871508E+00  2.080968982E+00  1.041721594E+01
 -2.478185561E+00  9.090177669E-01  2.095254435E+00  1.020034441E+01
 -2.516066385E+00  8.116261582E-01  2.110132777E+00  9.984568831E+00
 -2.549777146E+00  7.138967931E-01  2.125608704E+00  9.770363644E+00
 -2.579389310E+00  6.160200210E-01  2.141686809E+00  9.558163347E+00
 -2.604982488E+00  5.181761857E-01  2.158371537E+00  9.348363016E+00
 -2.626643411E+00  4.205354799E-01  2.175667147E+00  9.141319163E+00
 -2.644464944E+00  3.232578902E-01  2.193577656E+00  8.937350878E+00
 -2.658545150E+00  2.264932233E-01  2.212106797E+00  8.736741199E+00
 -2.668986401E+00  1.303812046E-01  2.231257956E+00  8.539738679E+00
 -2.675894544E+00  3.505164014E-02  2.251034116E+00  8.346559089E+00
 -2.679378115E+00 -5.937536609E-02  2.271437790E+00  8.157387242E+00
 -2.679547623E+00 -1.527891482E-01  2.292470957E+00  7.972378878E+00
 -2.676514877E+00 -2.450881749E-01  2.314134981E+00  7.791662595E+00
 -2.670392385E+00 -3.361797149E-01  2.336430539E+00  7.615341793E+00
 -2.661292793E+00 -4.259794759E-01  2.359357534E+00  7.443496611E+00
 -2.649328396E+00 -5.144112249E-01  2.382915005E+00  7.276185826E+00
 -2.634610684E+00 -6.014063958E-01  2.407101032E+00  7.113448717E+00
 -2.617249954E+00 -6.869036864E-01  2.431912640E+00  6.955306854E+00
 -2.597354961E+00 -7.708486532E-01  2.457345688E+00  6.801765831E+00
 -2.575032616E+00 -8.531933043E-01  2.483394763E+00  6.652816907E+00
 -2.550387730E+00 -9.338956961E-01  2.510053059E+00  6.508438566E+00
 -2.523522788E+00 -1.012919535E+00  2.537312261E+00  6.368597991E+00
 -2.494537771E+00 -1.090233789E+00  2.565162415E+00  6.233252441E+00
 -2.463530007E+00 -1.165812307E+00  2.593591799E+00  6.102350537E+00
 -2.430594046E+00 -1.239633452E+00  2.622586789E+00  5.975833459E+00
 -2.395821575E+00 -1.311679745E+00  2.652131723E+00  5.853636049E+00
 -2.359301348E+00 -1.381937529E+00  2.682208758E+00  5.735687830E+00
 -2.321119145E+00 -1.450396638E+00  2.712797731E+00  5.621913935E+00
 -2.281357747E+00 -1.517050090E+00  2.743876017E+00  5.512235960E+00
 -2.240096932E+00 -1.581893791E+00  2.775418388E+00  5.406572737E+00
 -2.197413488E+00 -1.644926257E+00  2.807396872E+00  5.304841035E+00
 -2.153381234E+00 -1.706148347E+00  2.839780621E+00  5.206956192E+00
 -2.108071060E+00 -1.765563019E+00  2.872535780E+00  5.112832683E+00
 -2.061550973E+00 -1.823175095E+00  2.905625365E+00  5.022384625E+00
 -2.013886155E+00 -1.878991039E+00  2.939009155E+00  4.935526235E+00
 -1.965139027E+00 -1.933018758E+00  2.972643586E+00  4.852172225E+00
 -1.915369319E+00 -1.985267406E+00  3.006481674E+00  4.772238161E+00
 -1.864634146E+00 -2.035747210E+00  3.040472944E+00  4.695640772E+00
 -1.812988090E+00 -2.084469302E+00  3.074563386E+00  4.622298221E+00
 -1.760483282E+00 -2.131445567E+00  3.108695430E+00  4.552130344E+00
 -1.707169487E+00 -2.176688501E+00  3.142807956E+00  4.485058850E+00
 -1.653094194E+00 -2.220211081E+00  3.176836325E+00  4.421007499E+00
 -1.598302708E+00 -2.262026639E+00  3.210712445E+00  4.359902248E+00
 -1.542838234E+00 -2.302148755E+00  3.244364878E+00  4.301671375E+00
 -1.486741971E+00 -2.340591155E+00  3.277718979E+00  4.246245587E+00
 -1.430053202E+00 -2.377367612E+00  3.310697083E+00  4.193558104E+00
 -1.372809386E+00 -2.412491863E+00  3.343218726E+00  4.143544723E+00
 -1.315046243E+00 -2.445977529E+00  3.375200920E+00  4.096143881E+00
 -1.256797844E+00 -2.477838042E+00  3.406558471E+00  4.051296691E+00
 -1.198096699E+00 -2.508086581E+00  3.437204339E+00  4.008946976E+00
 -1.138973842E+00 -2.536736007E+00  3.467050051E+00  3.969041290E+00
 -1.079458917E+00 -2.563798814E+00  3.496006154E+00  3.931528933E+00
 -1.019580258E+00 -2.589287077E+00  3.523982716E+00  3.896361955E+00
 -9.593649725E-01 -2.613212407E+00  3.550889858E+00  3.863495162E+00
 -8.988390224E-01 -2.635585907E+00  3.576638334E+00  3.832886111E+00
 -8.380273004E-01 -2.656418142E+00  3.601140132E+00  3.804495100E+00
 -7.769537081E-01 -2.675719100E+00  3.624309104E+00  3.778285163E+00
 -7.156412314E-01 -2.693498166E+00  3.646061612E+00  3.754222058E+00
 -6.541120142E-01 -2.709764093E+00  3.666317189E+00  3.732274248E+00
 -5.923874319E-01 -2.724524981E+00  3.684999196E+00  3.712412895E+00
 -5.304881619E-01 -2.737788254E+00  3.702035471E+00  3.694611837E+00
 -4.684342545E-01 -2.749560642E+00  3.717358967E+00  3.678847581E+00
 -4.062452017E-01 -2.759848165E+00  3.730908355E+00  3.665099284E+00
 -3.439400055E-01 -2.768656121E+00  3.742628596E+00  3.653348739E+00
 -2.815372449E-01 -2.775989071E+00  3.752471463E+00  3.643580366E+00
 -2.190551425E-01 -2.781850831E+00  3.760396011E+00  3.635781201E+00
 -1.565116303E-01 -2.786244463E+00  3.766368976E+00  3.629940882E+00
 -9.392441460E-02 -2.789172270E+00  3.770365114E+00  3.626051646E+00
 -3.131104106E-02 -2.790635789E+00  3.772367448E+00  3.624108320E+00
  3.131104106E-02 -2.790635789E+00  3.772367448E+00  3.624108320E+00
  9.392441460E-02 -2.789172270E+00  3.770365114E+00  3.626051646E+00
  1.565116303E-01 -2.786244463E+00  3.766368976E+00  3.629940882E+00
  2.190551425E-01 -2.781850831E+00  3.760396011E+00  3.635781201E+00
  2.815372449E-01 -2.775989071E+00  3.752471463E+00  3.643580366E+00
  3.439400055E-01 -2.768656121E+00  3.742628596E+00  3.653348739E+00
  4.062452017E-01 -2.759848165E+00  3.730908355E+00  3.665099284E+00
  4.684342545E-01 -2.749560642E+00  3.717358967E+00  3.678847581E+00
  5.304881619E-01 -2.737788254E+00  3.702035471E+00  3.694611837E+00
  5.923874319E-01 -2.724524981E+00  3.684999196E+00  3.712412895E+00
  6.541120142E-01 -2.709764093E+00  3.666317189E+00  3.732274248E+00
  7.156412314E-01 -2.693498166E+00  3.646061612E+00  3.754222058E+00
  7.769537081E-01 -2.675719100E+00  3.624309104E+00  3.778285163E+00
  8.380273004E-01 -2.656418142E+00  3.601140132E+00  3.804495100E+00
  8.988390224E-01 -2.635585907E+00  3.576638334E+00  3.832886111E+00
  9.593649725E-01 -2.613212407E+00  3.550889858E+00  3.863495162E+00
  1.019580258E+00 -2.589287077E+00  3.523982716E+00  3.896361955E+00
  1.079458917E+00 -2.563798814E+00  3.496006154E+00  3.931528933E+00
  1.138973842E+00 -2.536736007E+00  3.467050051E+00  3.969041290E+00
  1.198096699E+00 -2.508086581E+00  3.437204339E+00  4.008946976E+00
  1.256797844E+00 -2.477838042E+00  3.406558471E+00  4.051296691E+00
  1.315046243E+00 -2.445977529E+00  3.375200920E+00  4.096143881E+00
  1.372809386E+00 -2.412491863E+00  3.343218726E+00  4.143544723E+00
  1.430053202E+00 -2.377367612E+00  3.310697083E+00  4.193558104E+00
  1.486741971E+00 -2.340591155E+00  3.277718979E+00  4.246245587E+00
  1.542838234E+00 -2.302148755E+00  3.244364878E+00  4.301671375E+00
  1.598302708E+00 -2.262026639E+00  3.210712445E+00  4.359902248E+00
  1.653094194E+00 -2.220211081E+00  3.176836325E+00  4.421007499E+00
  1.707169487E+00 -2.176688501E+00  3.142807956E+00  4.485058850E+00
  1.760483282E+00 -2.131445567E+00  3.108695430E+00  4.552130344E+00
  1.812988090E+00 -2.084469302E+00  3.074563386E+00  4.622298221E+00
  1.864634146E+00 -2.035747210E+00  3.040472944E+00  4.695640772E+00
  1.915369319E+00 -1.985267406E+00  3.006481674E+00  4.772238161E+00
  1.965139027E+00 -1.933018758E+00  2.972643586E+00  4.852172225E+00
  2.013886155E+00 -1.878991039E+00  2.939009155E+00  4.935526235E+00
  2.061550973E+00 -1.823175095E+00  2.905625365E+00  5.022384625E+00
  2.108071060E+00 -1.765563019E+00  2.872535780E+00  5.112832683E+00
  2.153381234E+00 -1.706148347E+00  2.839780621E+00  5.206956192E+00
  2.197413488E+00 -1.644926257E+00  2.807396872E+00  5.304841035E+00
  2.240096932E+00 -1.581893791E+00  2.775418388E+00  5.406572737E+00
  2.281357747E+00 -1.517050090E+00  2.743876017E+00  5.512235960E+00
  2.321119145E+00 -1.450396638E+00  2.712797731E+00  5.621913935E+00
  2.359301348E+00 -1.381937529E+00  2.682208758E+00  5.735687830E+00
  2.395821575E+00 -1.311679745E+00  2.652131723E+00  5.853636049E+00
  2.430594046E+00 -1.239633452E+00  2.622586789E+00  5.975833459E+00
  2.463530007E+00 -1.165812307E+00  2.593591799E+00  6.102350537E+00
  2.494537771E+00 -1.090233789E+00  2.565162415E+00  6.233252441E+00
  2.523522788E+00 -1.012919535E+00  2.537312261E+00  6.368597991E+00
  2.550387730E+00 -9.338956961E-01  2.510053059E+00  6.508438566E+00
  2.575032616E+00 -8.531933043E-01  2.483394763E+00  6.652816907E+00
  2.597354961E+00 -7.708486532E-01  2.457345688E+00  6.801765831E+00
  2.617249954E+00 -6.869036864E-01  2.431912640E+00  6.955306854E+00
  2.634610684E+00 -6.014063958E-01  2.407101032E+00  7.113448717E+00
  2.649328396E+00 -5.144112249E-01  2.382915005E+00  7.276185826E+00
  2.661292793E+00 -4.259794759E-01  2.359357534E+00  7.443496611E+00
  2.670392385E+00 -3.361797149E-01  2.336430539E+00  7.615341793E+00
  2.676514877E+00 -2.450881749E-01  2.314134981E+00  7.791662595E+00
  2.679547623E+00 -1.527891482E-01  2.292470957E+00  7.972378878E+00
  2.679378115E+00 -5.937536609E-02  2.271437790E+00  8.157387242E+00
  2.675894544E+00  3.505164014E-02  2.251034116E+00  8.346559089E+00
  2.668986401E+00  1.303812046E-01  2.231257956E+00  8.539738679E+00
  2.658545150E+00  2.264932233E-01  2.212106797E+00  8.736741199E+00
  2.644464944E+00  3.232578902E-01  2.193577656E+00  8.937350878E+00
  2.626643411E+00  4.205354799E-01  2.175667147E+00  9.141319163E+00
  2.604982488E+00  5.181761857E-01  2.158371537E+00  9.348363016E+00
  2.579389310E+00  6.160200210E-01  2.141686809E+00  9.558163347E+00
  2.549777146E+00  7.138967931E-01  2.125608704E+00  9.770363644E+00
  2.516066385E+00  8.116261582E-01  2.110132777E+00  9.984568831E+00
  2.478185561E+00  9.090177669E-01  2.095254435E+00  1.020034441E+01
  2.436072398E+00  1.005871508E+00  2.080968982E+00  1.041721594E+01
  2.389674894E+00  1.101977859E+00  2.067271651E+00  1.063466889E+01
  2.338952404E+00  1.197118351E+00  2.054157645E+00  1.085214893E+01
  2.283876728E+00  1.291066158E+00  2.041622164E+00  1.106906270E+01
  2.224433184E+00  1.383586807E+00  2.029660434E+00  1.128477912E+01
  2.160621653E+00  1.474439022E+00  2.018267736E+00  1.149863127E+01
  2.092457581E+00  1.563375700E+00  2.007439427E+00  1.170991883E+01
  2.019972912E+00  1.650145026E+00  1.997170965E+00  1.191791122E+01
  1.943216952E+00  1.734491703E+00  1.987457926E+00  1.212185134E+01
  1.862257126E+00  1.816158330E+00  1.978296025E+00  1.232095999E+01
  1.777179623E+00  1.894886881E+00  1.969681130E+00  1.251444087E+01
  1.688089902E+00  1.970420303E+00  1.961609279E+00  1.270148632E+01
  1.595113053E+00  2.042504206E+00  1.954076694E+00  1.288128352E+01
  1.498393977E+00  2.110888636E+00  1.947079788E+00  1.305302123E+01
  1.398097399E+00  2.175329909E+00  1.940615184E+00  1.321589706E+01
  1.294407668E+00  2.235592484E+00  1.934679717E+00  1.336912498E+01
  1.187528366E+00  2.291450851E+00  1.929270448E+00  1.351194315E+01
  1.077681694E+00  2.342691418E+00  1.924384670E+00  1.364362187E+01
  9.651076561E-01  2.389114355E+00  1.920019915E+00  1.376347146E+01
  8.500630159E-01  2.430535373E+00  1.916173958E+00  1.387085010E+01
  7.328200556E-01  2.466787420E+00  1.912844826E+00  1.396517123E+01
  6.136651306E-01  2.497722248E+00  1.910030799E+00  1.404591066E+01
  4.928970402E-01  2.523211837E+00  1.907730416E+00  1.411261299E+01
  3.708252305E-01  2.543149649E+00  1.905942479E+00  1.416489731E+01
  2.477678499E-01  2.557451685E+00  1.904666050E+00  1.420246208E+01
  1.240496849E-01  2.566057328E+00  1.903900461E+00  1.422508905E+01
  4.620124485E-16  2.568929958E+00  1.903645310E+00  1.423264612E+01
 -4.518144220E-16  2.509614342E+00  1.882208167E+00  1.361126457E+01
 -1.213122403E-01  2.506820505E+00  1.882457604E+00  1.360419690E+01
 -2.423045308E-01  2.498450709E+00  1.883206041E+00  1.358303450E+01
 -3.626590596E-01  2.484539987E+00  1.884453859E+00  1.354789873E+01
 -4.820622610E-01  2.465146332E+00  1.886201689E+00  1.349899008E+01
 -6.002068640E-01  2.440350125E+00  1.888450415E+00  1.343658562E+01
 -7.167938532E-01  2.410253339E+00  1.891201167E+00  1.336103547E+01
 -8.315343166E-01  2.374978544E+00  1.894455323E+00  1.327275839E+01
 -9.441511567E-01  2.334667729E+00  1.898214506E+00  1.317223664E+01
 -1.054380645E+00  2.289480961E+00  1.902480574E+00  1.306001010E+01
 -1.161973803E+00  2.239594904E+00  1.907255623E+00  1.293666996E+01
 -1.266697596E+00  2.185201225E+00  1.912541977E+00  1.280285190E+01
 -1.368335936E+00  2.126504910E+00  1.918342183E+00  1.265922903E+01
 -1.466690477E+00  2.063722518E+00  1.924659006E+00  1.250650472E+01
 -1.561581214E+00  1.997080402E+00  1.931495416E+00  1.234540532E+01
 -1.652846883E+00  1.926812913E+00  1.938854587E+00  1.217667310E+01
 -1.740345161E+00  1.853160623E+00  1.946739880E+00  1.200105927E+01
 -1.823952691E+00  1.776368578E+00  1.955154836E+00  1.181931743E+01
 -1.903564926E+00  1.696684614E+00  1.964103163E+00  1.163219733E+01
 -1.979095809E+00  1.614357737E+00  1.973588722E+00  1.144043909E+01
 -2.050477320E+00  1.529636598E+00  1.983615510E+00  1.124476800E+01
 -2.117658881E+00  1.442768067E+00  1.994187651E+00  1.104588983E+01
 -2.180606654E+00  1.353995915E+00  2.005309368E+00  1.084448666E+01
 -2.239302744E+00  1.263559617E+00  2.016984970E+00  1.064121342E+01
 -2.293744321E+00  1.171693279E+00  2.029218827E+00  1.043669493E+01
 -2.343942684E+00  1.078624681E+00  2.042015349E+00  1.023152351E+01
 -2.389922279E+00  9.845744597E-01  2.055378956E+00  1.002625718E+01
 -2.431719683E+00  8.897553969E-01  2.069314052E+00  9.821418376E+00
 -2.469382580E+00  7.943718439E-01  2.083824995E+00  9.617493116E+00
 -2.502968723E+00  6.986192508E-01  2.098916060E+00  9.414930651E+00
 -2.532544919E+00  6.026838086E-01  2.114591404E+00  9.214143489E+00
 -2.558186016E+00  5.067421934E-01  2.130855029E+00  9.015507795E+00
 -2.579973930E+00  4.109614054E-01  2.147710733E+00  8.819364094E+00
 -2.597996704E+00  3.154986937E-01  2.165162069E+00  8.626018235E+00
 -2.612347603E+00  2.205015614E-01  2.183212291E+00  8.435742592E+00
 -2.623124256E+00  1.261078398E-01  2.201864304E+00  8.248777433E+00
 -2.630427853E+00  3.244582510E-02  2.221120602E+00  8.065332444E+00
 -2.634362388E+00 -6.036553055E-02  2.240983207E+00  7.885588349E+00
 -2.635033953E+00 -1.522163820E-01  2.261453603E+00  7.709698613E+00
 -2.632550095E+00 -2.430057145E-01  2.282532665E+00  7.537791191E+00
 -2.627019215E+00 -3.326410357E-01  2.304220583E+00  7.369970290E+00
 -2.618550031E+00 -4.210380407E-01  2.326516777E+00  7.206318140E+00
 -2.607251086E+00 -5.081202581E-01  2.349419818E+00  7.046896735E+00
 -2.593230310E+00 -5.938186815E-01  2.372927334E+00  6.891749537E+00
 -2.576594626E+00 -6.780713902E-01  2.397035912E+00  6.740903140E+00
 -2.557449609E+00 -7.608231659E-01  2.421741001E+00  6.594368860E+00
 -2.535899180E+00 -8.420251061E-01  2.447036805E+00  6.452144263E+00
 -2.512045347E+00 -9.216342408E-01  2.472916171E+00  6.314214617E+00
 -2.485987983E+00 -9.996131521E-01  2.499370475E+00  6.180554265E+00
 -2.457824637E+00 -1.075929602E+00  2.526389506E+00  6.051127915E+00
 -2.427650379E+00 -1.150556166E+00  2.553961335E+00  5.925891846E+00
 -2.395557677E+00 -1.223469884E+00  2.582072197E+00  5.804795034E+00
 -2.361636299E+00 -1.294651915E+00  2.610706359E+00  5.687780191E+00
 -2.325973238E+00 -1.364087208E+00  2.639845984E+00  5.574784732E+00
 -2.288652665E+00 -1.431764189E+00  2.669471008E+00  5.465741654E+00
 -2.249755896E+00 -1.497674458E+00  2.699559000E+00  5.360580349E+00
 -2.209361381E+00 -1.561812505E+00  2.730085034E+00  5.259227341E+00
 -2.167544709E+00 -1.624175434E+00  2.761021562E+00  5.161606956E+00
 -2.124378623E+00 -1.684762708E+00  2.792338288E+00  5.067641930E+00
 -2.079933051E+00 -1.743575907E+00  2.824002049E+00  4.977253956E+00
 -2.034275148E+00 -1.800618496E+00  2.855976709E+00  4.890364171E+00
 -1.987469344E+00 -1.855895615E+00  2.888223052E+00  4.806893602E+00
 -1.939577403E+00 -1.909413873E+00  2.920698698E+00  4.726763549E+00
 -1.890658487E+00 -1.961181164E+00  2.953358028E+00  4.649895936E+00
 -1.840769225E+00 -2.011206489E+00  2.986152128E+00  4.576213617E+00
 -1.789963790E+00 -2.059499793E+00  3.019028751E+00  4.505640641E+00
 -1.738293972E+00 -2.106071814E+00  3.051932306E+00  4.438102488E+00
 -1.685809266E+00 -2.150933941E+00  3.084803866E+00  4.373526274E+00
 -1.632556950E+00 -2.194098086E+00  3.117581212E+00  4.311840925E+00
 -1.578582169E+00 -2.235576561E+00  3.150198899E+00  4.252977325E+00
 -1.523928026E+00 -2.275381966E+00  3.182588366E+00  4.196868449E+00
 -1.468635665E+00 -2.313527088E+00  3.214678077E+00  4.143449466E+00
 -1.412744356E+00 -2.350024807E+00  3.246393696E+00  4.092657831E+00
 -1.356291583E+00 -2.384888009E+00  3.277658312E+00  4.044433359E+00
 -1.299313130E+00 -2.418129504E+00  3.308392700E+00  3.998718282E+00
 -1.241843168E+00 -2.449761957E+00  3.338515624E+00  3.955457298E+00
 -1.183914334E+00 -2.479797820E+00  3.367944185E+00  3.914597609E+00
 -1.125557818E+00 -2.508249268E+00  3.396594212E+00  3.876088946E+00
 -1.066803444E+00 -2.535128149E+00  3.424380691E+00  3.839883587E+00
 -1.007679753E+00 -2.560445930E+00  3.451218239E+00  3.805936374E+00
 -9.482140756E-01 -2.584213652E+00  3.477021608E+00  3.774204714E+00
 -8.884326187E-01 -2.606441889E+00  3.501706226E+00  3.744648587E+00
 -8.283605361E-01 -2.627140713E+00  3.525188762E+00  3.717230537E+00
 -7.680220057E-01 -2.646319653E+00  3.547387717E+00  3.691915674E+00
 -7.074403035E-01 -2.663987673E+00  3.568224030E+00  3.668671661E+00
 -6.466378759E-01 -2.680153140E+00  3.587621691E+00  3.647468708E+00
 -5.856364114E-01 -2.694823803E+00  3.605508350E+00  3.628279559E+00
 -5.244569104E-01 -2.708006766E+00  3.621815931E+00  3.611079485E+00
 -4.631197544E-01 -2.719708476E+00  3.636481216E+00  3.595846268E+00
 -4.016447740E-01 -2.729934701E+00  3.649446407E+00  3.582560192E+00
 -3.400513162E-01 -2.738690520E+00  3.660659659E+00  3.571204033E+00
 -2.783583103E-01 -2.745980306E+00  3.670075559E+00  3.561763047E+00
 -2.165843338E-01 -2.751807721E+00  3.677655565E+00  3.554224962E+00
 -1.547476768E-01 -2.756175703E+00  3.683368375E+00  3.548579972E+00
 -9.286640684E-02 -2.759086460E+00  3.687190236E+00  3.544820725E+00
 -3.095843257E-02 -2.760541470E+00  3.689105179E+00  3.542942326E+00
  3.095843257E-02 -2.760541470E+00  3.689105179E+00  3.542942326E+00
  9.286640684E-02 -2.759086460E+00  3.687190236E+00  3.544820725E+00
  1.547476768E-01 -2.756175703E+00  3.683368375E+00  3.548579972E+00
  2.165843338E-01 -2.751807721E+00  3.677655565E+00  3.554224962E+00
  2.783583103E-01 -2.745980306E+00  3.670075559E+00  3.561763047E+00
  3.400513162E-01 -2.738690520E+00  3.660659659E+00  3.571204033E+00
  4.016447740E-01 -2.729934701E+00  3.649446407E+00  3.582560192E+00
  4.631197544E-01 -2.719708476E+00  3.636481216E+00  3.595846268E+00
  5.244569104E-01 -2.708006766E+00  3.621815931E+00  3.611079485E+00
  5.856364114E-01 -2.694823803E+00  3.605508350E+00  3.628279559E+00
  6.466378759E-01 -2.680153140E+00  3.587621691E+00  3.647468708E+00
  7.074403035E-01 -2.663987673E+00  3.568224030E+00  3.668671661E+00
  7.680220057E-01 -2.646319653E+00  3.547387717E+00  3.691915674E+00
  8.283605361E-01 -2.627140713E+00  3.525188762E+00  3.717230537E+00
  8.884326187E-01 -2.606441889E+00  3.501706226E+00  3.744648587E+00
  9.482140756E-01 -2.584213652E+00  3.477021608E+00  3.774204714E+00
  1.007679753E+00 -2.560445930E+00  3.451218239E+00  3.805936374E+00
  1.066803444E+00 -2.535128149E+00  3.424380691E+00  3.839883587E+00
  1.125557818E+00 -2.508249268E+00  3.396594212E+00  3.876088946E+00
  1.183914334E+00 -2.479797820E+00  3.367944185E+00  3.914597609E+00
  1.241843168E+00 -2.449761957E+00  3.338515624E+00  3.955457298E+00
  1.299313130E+00 -2.418129504E+00  3.308392700E+00  3.998718282E+00
  1.356291583E+00 -2.384888009E+00  3.277658312E+00  4.044433359E+00
  1.412744356E+00 -2.350024807E+00  3.246393696E+00  4.092657831E+00
  1.468635665E+00 -2.313527088E+00  3.214678077E+00  4.143449466E+00
  1.523928026E+00 -2.275381966E+00  3.182588366E+00  4.196868449E+00
  1.578582169E+00 -2.235576561E+00  3.150198899E+00  4.252977325E+00
  1.632556950E+00 -2.194098086E+00  3.117581212E+00  4.311840925E+00
  1.685809266E+00 -2.150933941E+00  3.084803866E+00  4.373526274E+00
  1.738293972E+00 -2.106071814E+00  3.051932306E+00  4.438102488E+00
  1.789963790E+00 -2.059499793E+00  3.019028751E+00  4.505640641E+00
  1.840769225E+00 -2.011206489E+00  2.986152128E+00  4.576213617E+00
  1.890658487E+00 -1.961181164E+00  2.953358028E+00  4.649895936E+00
  1.939577403E+00 -1.909413873E+00  2.920698698E+00  4.726763549E+00
  1.987469344E+00 -1.855895615E+00  2.888223052E+00  4.806893602E+00
  2.034275148E+00 -1.800618496E+00  2.855976709E+00  4.890364171E+00
  2.079933051E+00 -1.743575907E+00  2.824002049E+00  4.977253956E+00
  2.124378623E+00 -1.684762708E+00  2.792338288E+00  5.067641930E+00
  2.167544709E+00 -1.624175434E+00  2.761021562E+00  5.161606956E+00
  2.209361381E+00 -1.561812505E+00  2.730085034E+00  5.259227341E+00
  2.249755896E+00 -1.497674458E+00  2.699559000E+00  5.360580349E+00
  2.288652665E+00 -1.431764189E+00  2.669471008E+00  5.465741654E+00
  2.325973238E+00 -1.364087208E+00  2.639845984E+00  5.574784732E+00
  2.361636299E+00 -1.294651915E+00  2.610706359E+00  5.687780191E+00
  2.395557677E+00 -1.223469884E+00  2.582072197E+00  5.804795034E+00
  2.427650379E+00 -1.150556166E+00  2.553961335E+00  5.925891846E+00
  2.457824637E+00 -1.075929602E+00  2.526389506E+00  6.051127915E+00
  2.485987983E+00 -9.996131521E-01  2.499370475E+00  6.180554265E+00
  2.512045347E+00 -9.216342408E-01  2.472916171E+00  6.314214617E+00
  2.535899180E+00 -8.420251061E-01  2.447036805E+00  6.452144263E+00
  2.557449609E+00 -7.608231659E-01  2.421741001E+00  6.594368860E+00
  2.576594626E+00 -6.780713902E-01  2.397035912E+00  6.740903140E+00
  2.593230310E+00 -5.938186815E-01  2.372927334E+00  6.891749537E+00
  2.607251086E+00 -5.081202581E-01  2.349419818E+00  7.046896735E+00
  2.618550031E+00 -4.210380407E-01  2.326516777E+00  7.206318140E+00
  2.627019215E+00 -3.326410357E-01  2.304220583E+00  7.369970290E+00
  2.632550095E+00 -2.430057145E-01  2.282532665E+00  7.537791191E+00
  2.635033953E+00 -1.522163820E-01  2.261453603E+00  7.709698613E+00
  2.634362388E+00 -6.036553055E-02  2.240983207E+00  7.885588349E+00
  2.630427853E+00  3.244582510E-02  2.221120602E+00  8.065332444E+00
  2.623124256E+00  1.261078398E-01  2.201864304E+00  8.248777433E+00
  2.612347603E+00  2.205015614E-01  2.183212291E+00  8.435742592E+00
  2.597996704E+00  3.154986937E-01  2.165162069E+00  8.626018235E+00
  2.579973930E+00  4.109614054E-01  2.147710733E+00  8.819364094E+00
  2.558186016E+00  5.067421934E-01  2.130855029E+00  9.015507795E+00
  2.532544919E+00  6.026838086E-01  2.114591404E+00  9.214143489E+00
  2.502968723E+00  6.986192508E-01  2.098916060E+00  9.414930651E+00
  2.469382580E+00  7.943718439E-01  2.083824995E+00  9.617493116E+00
  2.431719683E+00  8.897553969E-01  2.069314052E+00  9.821418376E+00
  2.389922279E+00  9.845744597E-01  2.055378956E+00  1.002625718E+01
  2.343942684E+00  1.078624681E+00  2.042015349E+00  1.023152351E+01
  2.293744321E+00  1.171693279E+00  2.029218827E+00  1.043669493E+01
  2.239302744E+00  1.263559617E+00  2.016984970E+00  1.064121342E+01
  2.180606654E+00  1.353995915E+00  2.005309368E+00  1.084448666E+01
  2.117658881E+00  1.442768067E+00  1.994187651E+00  1.104588983E+01
  2.050477320E+00  1.529636598E+00  1.983615510E+00  1.124476800E+01
  1.979095809E+00  1.614357737E+00  1.973588722E+00  1.144043909E+01
  1.903564926E+00  1.696684614E+00  1.964103163E+00  1.163219733E+01
  1.823952691E+00  1.776368578E+00  1.955154836E+00  1.181931743E+01
  1.740345161E+00  1.853160623E+00  1.946739880E+00  1.200105927E+01
  1.652846883E+00  1.926812913E+00  1.938854587E+00  1.217667310E+01
  1.561581214E+00  1.997080402E+00  1.931495416E+00  1.234540532E+01
  1.466690477E+00  2.063722518E+00  1.924659006E+00  1.250650472E+01
  1.368335936E+00  2.126504910E+00  1.918342183E+00  1.265922903E+01
  1.266697596E+00  2.185201225E+00  1.912541977E+00  1.280285190E+01
  1.161973803E+00  2.239594904E+00  1.907255623E+00  1.293666996E+01
  1.054380645E+00  2.289480961E+00  1.902480574E+00  1.306001010E+01
  9.441511567E-01  2.334667729E+00  1.898214506E+00  1.317223664E+01
  8.315343166E-01  2.374978544E+00  1.894455323E+00  1.327275839E+01
  7.167938532E-01  2.410253339E+00  1.891201167E+00  1.336103547E+01
  6.002068640E-01  2.440350125E+00  1.888450415E+00  1.343658562E+01
  4.820622610E-01  2.465146332E+00  1.886201689E+00  1.349899008E+01
  3.626590596E-01  2.484539987E+00  1.884453859E+00  1.354789873E+01
  2.423045308E-01  2.498450709E+00  1.883206041E+00  1.358303450E+01
  1.213122403E-01  2.506820505E+00  1.882457604E+00  1.360419690E+01
  4.518144220E-16  2.509614342E+00  1.882208167E+00  1.361126457E+01
 -4.417837555E-16  2.450951421E+00  1.860655332E+00  1.301360984E+01
 -1.186196887E-01  2.448234488E+00  1.860899089E+00  1.300700246E+01
 -2.369306206E-01  2.440094895E+00  1.861630479E+00  1.298721762E+01
 -3.546260657E-01  2.426566151E+00  1.862849859E+00  1.295436673E+01
 -4.714033193E-01  2.407703734E+00  1.864557825E+00  1.290863390E+01
 -5.869656454E-01  2.383584556E+00  1.866755209E+00  1.285027361E+01
 -7.010241383E-01  2.354306207E+00  1.869443076E+00  1.277960753E+01
 -8.132994790E-01  2.319986027E+00  1.872622723E+00  1.269702058E+01
 -9.235235636E-01  2.280759995E+00  1.876295675E+00  1.260295620E+01
 -1.031440986E+00  2.236781463E+00  1.880463683E+00  1.249791114E+01
 -1.136810359E+00  2.188219766E+00  1.885128716E+00  1.238242966E+01
 -1.239405457E+00  2.135258713E+00  1.890292956E+00  1.225709739E+01
 -1.339016186E+00  2.078095001E+00  1.895958798E+00  1.212253496E+01
 -1.435449353E+00  2.016936563E+00  1.902128832E+00  1.197939139E+01
 -1.528529253E+00  1.952000883E+00  1.908805847E+00  1.182833758E+01
 -1.618098070E+00  1.883513296E+00  1.915992813E+00  1.167005977E+01
 -1.704016090E+00  1.811705300E+00  1.923692876E+00  1.150525326E+01
 -1.786161743E+00  1.736812894E+00  1.931909346E+00  1.133461632E+01
 -1.864431477E+00  1.659074975E+00  1.940645683E+00  1.115884450E+01
 -1.938739484E+00  1.578731790E+00  1.949905486E+00  1.097862536E+01
 -2.009017279E+00  1.496023478E+00  1.959692478E+00  1.079463354E+01
 -2.075213164E+00  1.411188701E+00  1.970010486E+00  1.060752653E+01
 -2.137291578E+00  1.324463376E+00  1.980863429E+00  1.041794071E+01
 -2.195232355E+00  1.236079523E+00  1.992255292E+00  1.022648814E+01
 -2.249029907E+00  1.146264218E+00  2.004190109E+00  1.003375374E+01
 -2.298692347E+00  1.055238673E+00  2.016671938E+00  9.840293022E+00
 -2.344240563E+00  9.632174245E-01  2.029704833E+00  9.646630362E+00
 -2.385707264E+00  8.704076466E-01  2.043292822E+00  9.453257699E+00
 -2.423136008E+00  7.770085697E-01  2.057439867E+00  9.260633707E+00
 -2.456580224E+00  6.832110146E-01  2.072149840E+00  9.069183360E+00
 -2.486102238E+00  5.891970273E-01  2.087426482E+00  8.879297885E+00
 -2.511772317E+00  4.951396129E-01  2.103273367E+00  8.691335034E+00
 -2.533667734E+00  4.012025597E-01  2.119693855E+00  8.505619655E+00
 -2.551871866E+00  3.075403472E-01  2.136691054E+00  8.322444505E+00
 -2.566473326E+00  2.142981309E-01  2.154267764E+00  8.142071288E+00
 -2.577565143E+00  1.216117935E-01  2.172426430E+00  7.964731857E+00
 -2.585243977E+00  2.960805884E-02  2.191169084E+00  7.790629557E+00
 -2.589609391E+00 -6.159534248E-02  2.210497280E+00  7.619940678E+00
 -2.590763168E+00 -1.518894612E-01  2.230412039E+00  7.452815982E+00
 -2.588808681E+00 -2.411738784E-01  2.250913772E+00  7.289382281E+00
 -2.583850310E+00 -3.293564229E-01  2.272002209E+00  7.129744037E+00
 -2.575992915E+00 -4.163528614E-01  2.293676324E+00  6.973984974E+00
 -2.565341350E+00 -5.020865691E-01  2.315934251E+00  6.822169669E+00
 -2.552000035E+00 -5.864881843E-01  2.338773194E+00  6.674345122E+00
 -2.536072565E+00 -6.694952521E-01  2.362189341E+00  6.530542276E+00
 -2.517661368E+00 -7.510518621E-01  2.386177763E+00  6.390777495E+00
 -2.496867403E+00 -8.311082825E-01  2.410732318E+00  6.255053978E+00
 -2.473789899E+00 -9.096205953E-01  2.435845542E+00  6.123363104E+00
 -2.448526129E+00 -9.865503338E-01  2.461508541E+00  5.995685715E+00
 -2.421171218E+00 -1.061864127E+00  2.487710881E+00  5.871993316E+00
 -2.391817987E+00 -1.135533348E+00  2.514440466E+00  5.752249210E+00
 -2.360556817E+00 -1.207533778E+00  2.541683425E+00  5.636409553E+00
 -2.327475553E+00 -1.277845275E+00  2.569423990E+00  5.524424335E+00
 -2.292659421E+00 -1.346451457E+00  2.597644367E+00  5.416238289E+00
 -2.256190968E+00 -1.413339396E+00  2.626324622E+00  5.311791726E+00
 -2.218150034E+00 -1.478499326E+00  2.655442551E+00  5.211021309E+00
 -2.178613725E+00 -1.541924368E+00  2.684973562E+00  5.113860751E+00
 -2.137656412E+00 -1.603610260E+00  2.714890555E+00  5.020241459E+00
 -2.095349742E+00 -1.663555111E+00  2.745163809E+00  4.930093111E+00
 -2.051762662E+00 -1.721759160E+00  2.775760875E+00  4.843344190E+00
 -2.006961453E+00 -1.778224555E+00  2.806646474E+00  4.759922446E+00
 -1.961009771E+00 -1.832955140E+00  2.837782407E+00  4.679755331E+00
 -1.913968700E+00 -1.885956259E+00  2.869127477E+00  4.602770372E+00
 -1.865896810E+00 -1.937234572E+00  2.900637426E+00  4.528895512E+00
 -1.816850222E+00 -1.986797877E+00  2.932264888E+00  4.458059407E+00
 -1.766882674E+00 -2.034654958E+00  2.963959356E+00  4.390191693E+00
 -1.716045597E+00 -2.080815423E+00  2.995667184E+00  4.325223215E+00
 -1.664388189E+00 -2.125289577E+00  3.027331595E+00  4.263086229E+00
 -1.611957493E+00 -2.168088280E+00  3.058892735E+00  4.203714580E+00
 -1.558798478E+00 -2.209222838E+00  3.090287742E+00  4.147043851E+00
 -1.504954120E+00 -2.248704885E+00  3.121450851E+00  4.093011498E+00
 -1.450465485E+00 -2.286546284E+00  3.152313539E+00  4.041556951E+00
 -1.395371809E+00 -2.322759029E+00  3.182804697E+00  3.992621716E+00
 -1.339710586E+00 -2.357355165E+00  3.212850844E+00  3.946149448E+00
 -1.283517642E+00 -2.390346700E+00  3.242376383E+00  3.902086016E+00
 -1.226827227E+00 -2.421745538E+00  3.271303888E+00  3.860379553E+00
 -1.169672087E+00 -2.451563410E+00  3.299554438E+00  3.820980502E+00
 -1.112083552E+00 -2.479811810E+00  3.327047990E+00  3.783841639E+00
 -1.054091611E+00 -2.506501946E+00  3.353703781E+00  3.748918107E+00
 -9.957249893E-01 -2.531644679E+00  3.379440781E+00  3.716167426E+00
 -9.370112304E-01 -2.555250487E+00  3.404178163E+00  3.685549507E+00
 -8.779767681E-01 -2.577329416E+00  3.427835812E+00  3.657026658E+00
 -8.186470027E-01 -2.597891043E+00  3.450334861E+00  3.630563586E+00
 -7.590463743E-01 -2.616944447E+00  3.471598237E+00  3.606127399E+00
 -6.991984350E-01 -2.634498169E+00  3.491551227E+00  3.583687596E+00
 -6.391259200E-01 -2.650560192E+00  3.510122053E+00  3.563216068E+00
 -5.788508180E-01 -2.665137912E+00  3.527242442E+00  3.544687088E+00
 -5.183944395E-01 -2.678238120E+00  3.542848188E+00  3.528077305E+00
 -4.577774848E-01 -2.689866976E+00  3.556879700E+00  3.513365732E+00
 -3.970201113E-01 -2.700029999E+00  3.569282528E+00  3.500533743E+00
 -3.361419989E-01 -2.708732048E+00  3.580007844E+00  3.489565059E+00
 -2.751624158E-01 -2.715977309E+00  3.589012902E+00  3.480445744E+00
 -2.141002828E-01 -2.721769290E+00  3.596261429E+00  3.473164197E+00
 -1.529742372E-01 -2.726110804E+00  3.601723977E+00  3.467711143E+00
 -9.180269649E-02 -2.729003968E+00  3.605378203E+00  3.464079633E+00
 -3.060392140E-02 -2.730450196E+00  3.607209089E+00  3.462265036E+00
  3.060392140E-02 -2.730450196E+00  3.607209089E+00  3.462265036E+00
  9.180269649E-02 -2.729003968E+00  3.605378203E+00  3.464079633E+00
  1.529742372E-01 -2.726110804E+00  3.601723977E+00  3.467711143E+00
  2.141002828E-01 -2.721769290E+00  3.596261429E+00  3.473164197E+00
  2.751624158E-01 -2.715977309E+00  3.589012902E+00  3.480445744E+00
  3.361419989E-01 -2.708732048E+00  3.580007844E+00  3.489565059E+00
  3.970201113E-01 -2.700029999E+00  3.569282528E+00  3.500533743E+00
  4.577774848E-01 -2.689866976E+00  3.556879700E+00  3.513365732E+00
  5.183944395E-01 -2.678238120E+00  3.542848188E+00  3.528077305E+00
  5.788508180E-01 -2.665137912E+00  3.527242442E+00  3.544687088E+00
  6.391259200E-01 -2.650560192E+00  3.510122053E+00  3.563216068E+00
  6.991984350E-01 -2.634498169E+00  3.491551227E+00  3.583687596E+00
  7.590463743E-01 -2.616944447E+00  3.471598237E+00  3.606127399E+00
  8.186470027E-01 -2.597891043E+00  3.450334861E+00  3.630563586E+00
  8.779767681E-01 -2.577329416E+00  3.427835812E+00  3.657026658E+00
  9.370112304E-01 -2.555250487E+00  3.404178163E+00  3.685549507E+00
  9.957249893E-01 -2.531644679E+00  3.379440781E+00  3.716167426E+00
  1.054091611E+00 -2.506501946E+00  3.353703781E+00  3.748918107E+00
  1.112083552E+00 -2.479811810E+00  3.327047990E+00  3.783841639E+00
  1.169672087E+00 -2.451563410E+00  3.299554438E+00  3.820980502E+00
  1.226827227E+00 -2.421745538E+00  3.271303888E+00  3.860379553E+00
  1.283517642E+00 -2.390346700E+00  3.242376383E+00  3.902086016E+00
  1.339710586E+00 -2.357355165E+00  3.212850844E+00  3.946149448E+00
  1.395371809E+00 -2.322759029E+00  3.182804697E+00  3.992621716E+00
  1.450465485E+00 -2.286546284E+00  3.152313539E+00  4.041556951E+00
  1.504954120E+00 -2.248704885E+00  3.121450851E+00  4.093011498E+00
  1.558798478E+00 -2.209222838E+00  3.090287742E+00  4.147043851E+00
  1.611957493E+00 -2.168088280E+00  3.058892735E+00  4.203714580E+00
  1.664388189E+00 -2.125289577E+00  3.027331595E+00  4.263086229E+00
  1.716045597E+00 -2.080815423E+00  2.995667184E+00  4.325223215E+00
  1.766882674E+00 -2.034654958E+00  2.963959356E+00  4.390191693E+00
  1.816850222E+00 -1.986797877E+00  2.932264888E+00  4.458059407E+00
  1.865896810E+00 -1.937234572E+00  2.900637426E+00  4.528895512E+00
  1.913968700E+00 -1.885956259E+00  2.869127477E+00  4.602770372E+00
  1.961009771E+00 -1.832955140E+00  2.837782407E+00  4.679755331E+00
  2.006961453E+00 -1.778224555E+00  2.806646474E+00  4.759922446E+00
  2.051762662E+00 -1.721759160E+00  2.775760875E+00  4.843344190E+00
  2.095349742E+00 -1.663555111E+00  2.745163809E+00  4.930093111E+00
  2.137656412E+00 -1.603610260E+00  2.714890555E+00  5.020241459E+00
  2.178613725E+00 -1.541924368E+00  2.684973562E+00  5.113860751E+00
  2.218150034E+00 -1.478499326E+00  2.655442551E+00  5.211021309E+00
  2.256190968E+00 -1.413339396E+00  2.626324622E+00  5.311791726E+00
  2.292659421E+00 -1.346451457E+00  2.597644367E+00  5.416238289E+00
  2.327475553E+00 -1.277845275E+00  2.569423990E+00  5.524424335E+00
  2.360556817E+00 -1.207533778E+00  2.541683425E+00  5.636409553E+00
  2.391817987E+00 -1.135533348E+00  2.514440466E+00  5.752249210E+00
  2.421171218E+00 -1.061864127E+00  2.487710881E+00  5.871993316E+00
  2.448526129E+00 -9.865503338E-01  2.461508541E+00  5.995685715E+00
  2.473789899E+00 -9.096205953E-01  2.435845542E+00  6.123363104E+00
  2.496867403E+00 -8.311082825E-01  2.410732318E+00  6.255053978E+00
  2.517661368E+00 -7.510518621E-01  2.386177763E+00  6.390777495E+00
  2.536072565E+00 -6.694952521E-01  2.362189341E+00  6.530542276E+00
  2.552000035E+00 -5.864881843E-01  2.338773194E+00  6.674345122E+00
  2.565341350E+00 -5.020865691E-01  2.315934251E+00  6.822169669E+00
  2.575992915E+00 -4.163528614E-01  2.293676324E+00  6.973984974E+00
  2.583850310E+00 -3.293564229E-01  2.272002209E+00  7.129744037E+00
  2.588808681E+00 -2.411738784E-01  2.250913772E+00  7.289382281E+00
  2.590763168E+00 -1.518894612E-01  2.230412039E+00  7.452815982E+00
  2.589609391E+00 -6.159534248E-02  2.210497280E+00  7.619940678E+00
  2.585243977E+00  2.960805884E-02  2.191169084E+00  7.790629557E+00
  2.577565143E+00  1.216117935E-01  2.172426430E+00  7.964731857E+00
  2.566473326E+00  2.142981309E-01  2.154267764E+00  8.142071288E+00
  2.551871866E+00  3.075403472E-01  2.136691054E+00  8.322444505E+00
  2.533667734E+00  4.012025597E-01  2.119693855E+00  8.505619655E+00
  2.511772317E+00  4.951396129E-01  2.103273367E+00  8.691335034E+00
  2.486102238E+00  5.891970273E-01  2.087426482E+00  8.879297885E+00
  2.456580224E+00  6.832110146E-01  2.072149840E+00  9.069183360E+00
  2.423136008E+00  7.770085697E-01  2.057439867E+00  9.260633707E+00
  2.385707264E+00  8.704076466E-01  2.043292822E+00  9.453257699E+00
  2.344240563E+00  9.632174245E-01  2.029704833E+00  9.646630362E+00
  2.298692347E+00  1.055238673E+00  2.016671938E+00  9.840293022E+00
  2.249029907E+00  1.146264218E+00  2.004190109E+00  1.003375374E+01
  2.195232355E+00  1.236079523E+00  1.992255292E+00  1.022648814E+01
  2.137291578E+00  1.324463376E+00  1.980863429E+00  1.041794071E+01
  2.075213164E+00  1.411188701E+00  1.970010486E+00  1.060752653E+01
  2.009017279E+00  1.496023478E+00  1.959692478E+00  1.079463354E+01
  1.938739484E+00  1.578731790E+00  1.949905486E+00  1.097862536E+01
  1.864431477E+00  1.659074975E+00  1.940645683E+00  1.115884450E+01
  1.786161743E+00  1.736812894E+00  1.931909346E+00  1.133461632E+01
  1.704016090E+00  1.811705300E+00  1.923692876E+00  1.150525326E+01
  1.618098070E+00  1.883513296E+00  1.915992813E+00  1.167005977E+01
  1.528529253E+00  1.952000883E+00  1.908805847E+00  1.182833758E+01
  1.435449353E+00  2.016936563E+00  1.902128832E+00  1.197939139E+01
  1.339016186E+00  2.078095001E+00  1.895958798E+00  1.212253496E+01
  1.239405457E+00  2.135258713E+00  1.890292956E+00  1.225709739E+01
  1.136810359E+00  2.188219766E+00  1.885128716E+00  1.238242966E+01
  1.031440986E+00  2.236781463E+00  1.880463683E+00  1.249791114E+01
  9.235235636E-01  2.280759995E+00  1.876295675E+00  1.260295620E+01
  8.132994790E-01  2.319986027E+00  1.872622723E+00  1.269702058E+01
  7.010241383E-01  2.354306207E+00  1.869443076E+00  1.277960753E+01
  5.869656454E-01  2.383584556E+00  1.866755209E+00  1.285027361E+01
  4.714033193E-01  2.407703734E+00  1.864557825E+00  1.290863390E+01
  3.546260657E-01  2.426566151E+00  1.862849859E+00  1.295436673E+01
  2.369306206E-01  2.440094895E+00  1.861630479E+00  1.298721762E+01
  1.186196887E-01  2.448234488E+00  1.860899089E+00  1.300700246E+01
  4.417837555E-16  2.450951421E+00  1.860655332E+00  1.301360984E+01
 -4.319229947E-16  2.392966999E+00  1.839000590E+00  1.243915696E+01
 -1.159727149E-01  2.390325088E+00  1.839238706E+00  1.243298216E+01
 -2.316474957E-01  2.382410070E+00  1.839953165E+00  1.241449200E+01
 -3.467283294E-01  2.369253995E+00  1.841144304E+00  1.238378872E+01
 -4.609230185E-01  2.350909934E+00  1.842812683E+00  1.234104131E+01
 -5.739450246E-01  2.327451467E+00  1.844959082E+00  1.228648343E+01
 -6.855152353E-01  2.298971986E+00  1.847584505E+00  1.222041050E+01
 -7.953636336E-01  2.265583812E+00  1.850690168E+00  1.214317615E+01
 -9.032308473E-01  2.227417154E+00  1.854277506E+00  1.205518800E+01
 -1.008869563E+00  2.184618916E+00  1.858348159E+00  1.195690290E+01
 -1.112045787E+00  2.137351390E+00  1.862903976E+00  1.184882168E+01
 -1.212539948E+00  2.085790827E+00  1.867947004E+00  1.173148365E+01
 -1.310147818E+00  2.030125945E+00  1.873479484E+00  1.160546076E+01
 -1.404681274E+00  1.970556369E+00  1.879503844E+00  1.147135163E+01
 -1.495968861E+00  1.907291028E+00  1.886022691E+00  1.132977562E+01
 -1.583856198E+00  1.840546554E+00  1.893038801E+00  1.118136688E+01
 -1.668206196E+00  1.770545675E+00  1.900555111E+00  1.102676859E+01
 -1.748899123E+00  1.697515635E+00  1.908574706E+00  1.086662744E+01
 -1.825832504E+00  1.621686669E+00  1.917100807E+00  1.070158835E+01
 -1.898920877E+00  1.543290524E+00  1.926136761E+00  1.053228963E+01
 -1.968095424E+00  1.462559067E+00  1.935686022E+00  1.035935850E+01
 -2.033303471E+00  1.379722969E+00  1.945752136E+00  1.018340704E+01
 -2.094507896E+00  1.295010490E+00  1.956338723E+00  1.000502865E+01
 -2.151686437E+00  1.208646363E+00  1.967449460E+00  9.824794918E+00
 -2.204830930E+00  1.120850786E+00  1.979088056E+00  9.643253018E+00
 -2.253946491E+00  1.031838523E+00  1.991258229E+00  9.460923570E+00
 -2.299050643E+00  9.418181160E-01  2.003963684E+00  9.278298937E+00
 -2.340172424E+00  8.509912059E-01  2.017208081E+00  9.095841965E+00
 -2.377351457E+00  7.595519616E-01  2.030995010E+00  8.913985133E+00
 -2.410637036E+00  6.676866122E-01  2.045327953E+00  8.733130081E+00
 -2.440087191E+00  5.755730779E-01  2.060210254E+00  8.553647472E+00
 -2.465767784E+00  4.833806948E-01  2.075645075E+00  8.375877177E+00
 -2.487751612E+00  3.912700266E-01  2.091635363E+00  8.200128716E+00
 -2.506117546E+00  2.993927569E-01  2.108183798E+00  8.026681945E+00
 -2.520949701E+00  2.078916543E-01  2.125292750E+00  7.855787943E+00
 -2.532336639E+00  1.169006046E-01  2.142964228E+00  7.687670064E+00
 -2.540370619E+00  2.654470138E-02  2.161199823E+00  7.522525121E+00
 -2.545146893E+00 -6.305961132E-02  2.180000653E+00  7.360524677E+00
 -2.546763039E+00 -1.518043509E-01  2.199367296E+00  7.201816418E+00
 -2.545318353E+00 -2.395897697E-01  2.219299730E+00  7.046525571E+00
 -2.540913278E+00 -3.263240964E-01  2.239797256E+00  6.894756356E+00
 -2.533648889E+00 -4.119232505E-01  2.260858430E+00  6.746593447E+00
 -2.523626419E+00 -4.963105359E-01  2.282480979E+00  6.602103428E+00
 -2.510946831E+00 -5.794163182E-01  2.304661718E+00  6.461336230E+00
 -2.495710440E+00 -6.611776908E-01  2.327396468E+00  6.324326529E+00
 -2.478016565E+00 -7.415381323E-01  2.350679957E+00  6.191095108E+00
 -2.457963236E+00 -8.204471615E-01  2.374505731E+00  6.061650161E+00
 -2.435646925E+00 -8.978599898E-01  2.398866049E+00  5.935988550E+00
 -2.411162325E+00 -9.737371771E-01  2.423751783E+00  5.814096985E+00
 -2.384602148E+00 -1.048044291E+00  2.449152311E+00  5.695953157E+00
 -2.356056971E+00 -1.120751573E+00  2.475055407E+00  5.581526791E+00
 -2.325615094E+00 -1.191833611E+00  2.501447129E+00  5.470780637E+00
 -2.293362435E+00 -1.261269025E+00  2.528311706E+00  5.363671392E+00
 -2.259382445E+00 -1.329040161E+00  2.555631422E+00  5.260150559E+00
 -2.223756045E+00 -1.395132792E+00  2.583386504E+00  5.160165239E+00
 -2.186561582E+00 -1.459535841E+00  2.611555005E+00  5.063658857E+00
 -2.147874804E+00 -1.522241109E+00  2.640112692E+00  4.970571832E+00
 -2.107768849E+00 -1.583243014E+00  2.669032939E+00  4.880842190E+00
 -2.066314253E+00 -1.642538353E+00  2.698286621E+00  4.794406115E+00
 -2.023578961E+00 -1.700126065E+00  2.727842016E+00  4.711198458E+00
 -1.979628358E+00 -1.756007015E+00  2.757664714E+00  4.631153192E+00
 -1.934525307E+00 -1.810183786E+00  2.787717540E+00  4.554203818E+00
 -1.888330189E+00 -1.862660489E+00  2.817960477E+00  4.480283738E+00
 -1.841100962E+00 -1.913442577E+00  2.848350622E+00  4.409326581E+00
 -1.792893215E+00 -1.962536675E+00  2.878842135E+00  4.341266494E+00
 -1.743760231E+00 -2.009950424E+00  2.909386230E+00  4.276038403E+00
 -1.693753057E+00 -2.055692329E+00  2.939931166E+00  4.213578241E+00
 -1.642920572E+00 -2.099771624E+00  2.970422275E+00  4.153823147E+00
 -1.591309564E+00 -2.142198141E+00  3.000802010E+00  4.096711644E+00
 -1.538964802E+00 -2.182982194E+00  3.031010020E+00  4.042183787E+00
 -1.485929115E+00 -2.222134464E+00  3.060983260E+00  3.990181296E+00
 -1.432243469E+00 -2.259665901E+00  3.090656125E+00  3.940647669E+00
 -1.377947049E+00 -2.295587630E+00  3.119960626E+00  3.893528277E+00
 -1.323077332E+00 -2.329910860E+00  3.148826592E+00  3.848770443E+00
 -1.267670173E+00 -2.362646809E+00  3.177181919E+00  3.806323513E+00
 -1.211759880E+00 -2.393806627E+00  3.204952847E+00  3.766138908E+00
 -1.155379291E+00 -2.423401331E+00  3.232064272E+00  3.728170170E+00
 -1.098559856E+00 -2.451441741E+00  3.258440107E+00  3.692372999E+00
 -1.041331711E+00 -2.477938427E+00  3.284003659E+00  3.658705280E+00
 -9.837237525E-01 -2.502901654E+00  3.308678054E+00  3.627127104E+00
 -9.257637178E-01 -2.526341336E+00  3.332386687E+00  3.597600784E+00
 -8.674782532E-01 -2.548266996E+00  3.355053693E+00  3.570090867E+00
 -8.088929903E-01 -2.568687723E+00  3.376604452E+00  3.544564137E+00
 -7.500326163E-01 -2.587612141E+00  3.396966099E+00  3.520989621E+00
 -6.909209454E-01 -2.605048376E+00  3.416068055E+00  3.499338586E+00
 -6.315809879E-01 -2.621004026E+00  3.433842559E+00  3.479584541E+00
 -5.720350190E-01 -2.635486140E+00  3.450225200E+00  3.461703230E+00
 -5.123046462E-01 -2.648501190E+00  3.465155441E+00  3.445672627E+00
 -4.524108762E-01 -2.660055055E+00  3.478577129E+00  3.431472935E+00
 -3.923741802E-01 -2.670153004E+00  3.490438975E+00  3.419086573E+00
 -3.322145592E-01 -2.678799677E+00  3.500695011E+00  3.408498176E+00
 -2.719516082E-01 -2.685999076E+00  3.509305006E+00  3.399694586E+00
 -2.116045796E-01 -2.691754551E+00  3.516234835E+00  3.392664847E+00
 -1.511924462E-01 -2.696068793E+00  3.521456798E+00  3.387400200E+00
 -9.073396396E-02 -2.698943828E+00  3.524949885E+00  3.383894082E+00
 -3.024773427E-02 -2.700381006E+00  3.526699976E+00  3.382142116E+00
  3.024773427E-02 -2.700381006E+00  3.526699976E+00  3.382142116E+00
  9.073396396E-02 -2.698943828E+00  3.524949885E+00  3.383894082E+00
  1.511924462E-01 -2.696068793E+00  3.521456798E+00  3.387400200E+00
  2.116045796E-01 -2.691754551E+00  3.516234835E+00  3.392664847E+00
  2.719516082E-01 -2.685999076E+00  3.509305006E+00  3.399694586E+00
  3.322145592E-01 -2.678799677E+00  3.500695011E+00  3.408498176E+00
  3.923741802E-01 -2.670153004E+00  3.490438975E+00  3.419086573E+00
  4.524108762E-01 -2.660055055E+00  3.478577129E+00  3.431472935E+00
  5.123046462E-01 -2.648501190E+00  3.465155441E+00  3.445672627E+00
  5.720350190E-01 -2.635486140E+00  3.450225200E+00  3.461703230E+00
  6.315809879E-01 -2.621004026E+00  3.433842559E+00  3.479584541E+00
  6.909209454E-01 -2.605048376E+00  3.416068055E+00  3.499338586E+00
  7.500326163E-01 -2.587612141E+00  3.396966099E+00  3.520989621E+00
  8.088929903E-01 -2.568687723E+00  3.376604452E+00  3.544564137E+00
  8.674782532E-01 -2.548266996E+00  3.355053693E+00  3.570090867E+00
  9.257637178E-01 -2.526341336E+00  3.332386687E+00  3.597600784E+00
  9.837237525E-01 -2.502901654E+00  3.308678054E+00  3.627127104E+00
  1.041331711E+00 -2.477938427E+00  3.284003659E+00  3.658705280E+00
  1.098559856E+00 -2.451441741E+00  3.258440107E+00  3.692372999E+00
  1.155379291E+00 -2.423401331E+00  3.232064272E+00  3.728170170E+00
  1.211759880E+00 -2.393806627E+00  3.204952847E+00  3.766138908E+00
  1.267670173E+00 -2.362646809E+00  3.177181919E+00  3.806323513E+00
  1.323077332E+00 -2.329910860E+00  3.148826592E+00  3.848770443E+00
  1.377947049E+00 -2.295587630E+00  3.119960626E+00  3.893528277E+00
  1.432243469E+00 -2.259665901E+00  3.090656125E+00  3.940647669E+00
  1.485929115E+00 -2.222134464E+00  3.060983260E+00  3.990181296E+00
  1.538964802E+00 -2.182982194E+00  3.031010020E+00  4.042183787E+00
  1.591309564E+00 -2.142198141E+00  3.000802010E+00  4.096711644E+00
  1.642920572E+00 -2.099771624E+00  2.970422275E+00  4.153823147E+00
  1.693753057E+00 -2.055692329E+00  2.939931166E+00  4.213578241E+00
  1.743760231E+00 -2.009950424E+00  2.909386230E+00  4.276038403E+00
  1.792893215E+00 -1.962536675E+00  2.878842135E+00  4.341266494E+00
  1.841100962E+00 -1.913442577E+00  2.848350622E+00  4.409326581E+00
  1.888330189E+00 -1.862660489E+00  2.817960477E+00  4.480283738E+00
  1.934525307E+00 -1.810183786E+00  2.787717540E+00  4.554203818E+00
  1.979628358E+00 -1.756007015E+00  2.757664714E+00  4.631153192E+00
  2.023578961E+00 -1.700126065E+00  2.727842016E+00  4.711198458E+00
  2.066314253E+00 -1.642538353E+00  2.698286621E+00  4.794406115E+00
  2.107768849E+00 -1.583243014E+00  2.669032939E+00  4.880842190E+00
  2.147874804E+00 -1.522241109E+00  2.640112692E+00  4.970571832E+00
  2.186561582E+00 -1.459535841E+00  2.611555005E+00  5.063658857E+00
  2.223756045E+00 -1.395132792E+00  2.583386504E+00  5.160165239E+00
  2.259382445E+00 -1.329040161E+00  2.555631422E+00  5.260150559E+00
  2.293362435E+00 -1.261269025E+00  2.528311706E+00  5.363671392E+00
  2.325615094E+00 -1.191833611E+00  2.501447129E+00  5.470780637E+00
  2.356056971E+00 -1.120751573E+00  2.475055407E+00  5.581526791E+00
  2.384602148E+00 -1.048044291E+00  2.449152311E+00  5.695953157E+00
  2.411162325E+00 -9.737371771E-01  2.423751783E+00  5.814096985E+00
  2.435646925E+00 -8.978599898E-01  2.398866049E+00  5.935988550E+00
  2.457963236E+00 -8.204471615E-01  2.374505731E+00  6.061650161E+00
  2.478016565E+00 -7.415381323E-01  2.350679957E+00  6.191095108E+00
  2.495710440E+00 -6.611776908E-01  2.327396468E+00  6.324326529E+00
  2.510946831E+00 -5.794163182E-01  2.304661718E+00  6.461336230E+00
  2.523626419E+00 -4.963105359E-01  2.282480979E+00  6.602103428E+00
  2.533648889E+00 -4.119232505E-01  2.260858430E+00  6.746593447E+00
  2.540913278E+00 -3.263240964E-01  2.239797256E+00  6.894756356E+00
  2.545318353E+00 -2.395897697E-01  2.219299730E+00  7.046525571E+00
  2.546763039E+00 -1.518043509E-01  2.199367296E+00  7.201816418E+00
  2.545146893E+00 -6.305961132E-02  2.180000653E+00  7.360524677E+00
  2.540370619E+00  2.654470138E-02  2.161199823E+00  7.522525121E+00
  2.532336639E+00  1.169006046E-01  2.142964228E+00  7.687670064E+00
  2.520949701E+00  2.078916543E-01  2.125292750E+00  7.855787943E+00
  2.506117546E+00  2.993927569E-01  2.108183798E+00  8.026681945E+00
  2.487751612E+00  3.912700266E-01  2.091635363E+00  8.200128716E+00
  2.465767784E+00  4.833806948E-01  2.075645075E+00  8.375877177E+00
  2.440087191E+00  5.755730779E-01  2.060210254E+00  8.553647472E+00
  2.410637036E+00  6.676866122E-01  2.045327953E+00  8.733130081E+00
  2.377351457E+00  7.595519616E-01  2.030995010E+00  8.913985133E+00
  2.340172424E+00  8.509912059E-01  2.017208081E+00  9.095841965E+00
  2.299050643E+00  9.418181160E-01  2.003963684E+00  9.278298937E+00
  2.253946491E+00  1.031838523E+00  1.991258229E+00  9.460923570E+00
  2.204830930E+00  1.120850786E+00  1.979088056E+00  9.643253018E+00
  2.151686437E+00  1.208646363E+00  1.967449460E+00  9.824794918E+00
  2.094507896E+00  1.295010490E+00  1.956338723E+00  1.000502865E+01
  2.033303471E+00  1.379722969E+00  1.945752136E+00  1.018340704E+01
  1.968095424E+00  1.462559067E+00  1.935686022E+00  1.035935850E+01
  1.898920877E+00  1.543290524E+00  1.926136761E+00  1.053228963E+01
  1.825832504E+00  1.621686669E+00  1.917100807E+00  1.070158835E+01
  1.748899123E+00  1.697515635E+00  1.908574706E+00  1.086662744E+01
  1.668206196E+00  1.770545675E+00  1.900555111E+00  1.102676859E+01
  1.583856198E+00  1.840546554E+00  1.893038801E+00  1.118136688E+01
  1.495968861E+00  1.907291028E+00  1.886022691E+00  1.132977562E+01
  1.404681274E+00  1.970556369E+00  1.879503844E+00  1.147135163E+01
  1.310147818E+00  2.030125945E+00  1.873479484E+00  1.160546076E+01
  1.212539948E+00  2.085790827E+00  1.867947004E+00  1.173148365E+01
  1.112045787E+00  2.137351390E+00  1.862903976E+00  1.184882168E+01
  1.008869563E+00  2.184618916E+00  1.858348159E+00  1.195690290E+01
  9.032308473E-01  2.227417154E+00  1.854277506E+00  1.205518800E+01
  7.953636336E-01  2.265583812E+00  1.850690168E+00  1.214317615E+01
  6.855152353E-01  2.298971986E+00  1.847584505E+00  1.222041050E+01
  5.739450246E-01  2.327451467E+00  1.844959082E+00  1.228648343E+01
  4.609230185E-01  2.350909934E+00  1.842812683E+00  1.234104131E+01
  3.467283294E-01  2.369253995E+00  1.841144304E+00  1.238378872E+01
  2.316474957E-01  2.382410070E+00  1.839953165E+00  1.241449200E+01
  1.159727149E-01  2.390325088E+00  1.839238706E+00  1.243298216E+01
  4.319229947E-16  2.392966999E+00  1.839000590E+00  1.243915696E+01
 -4.222343954E-16  2.335685600E+00  1.817258045E+00  1.188736268E+01
 -1.133719260E-01  2.333116835E+00  1.817490563E+00  1.188159411E+01
 -2.264563772E-01  2.325420792E+00  1.818188223E+00  1.186431980E+01
 -3.389676991E-01  2.312628120E+00  1.819351339E+00  1.183563356E+01
 -4.506238541E-01  2.294789582E+00  1.820980438E+00  1.179569044E+01
 -5.611481692E-01  2.271975570E+00  1.823076253E+00  1.174470490E+01
 -6.702710139E-01  2.244275450E+00  1.825639721E+00  1.168294815E+01
 -7.777313857E-01  2.211796732E+00  1.828671987E+00  1.161074498E+01
 -8.832783846E-01  2.174664089E+00  1.832174392E+00  1.152846991E+01
 -9.866725612E-01  2.133018237E+00  1.836148475E+00  1.143654293E+01
 -1.087687122E+00  2.087014701E+00  1.840595965E+00  1.133542476E+01
 -1.186108985E+00  2.036822470E+00  1.845518777E+00  1.122561183E+01
 -1.281739670E+00  1.982622587E+00  1.850919007E+00  1.110763098E+01
 -1.374396028E+00  1.924606673E+00  1.856798923E+00  1.098203415E+01
 -1.463910805E+00  1.862975419E+00  1.863160956E+00  1.084939283E+01
 -1.550133032E+00  1.797937058E+00  1.870007694E+00  1.071029277E+01
 -1.632928262E+00  1.729705846E+00  1.877341872E+00  1.056532867E+01
 -1.712178641E+00  1.658500562E+00  1.885166358E+00  1.041509912E+01
 -1.787782842E+00  1.584543053E+00  1.893484144E+00  1.026020180E+01
 -1.859655851E+00  1.508056825E+00  1.902298331E+00  1.010122899E+01
 -1.927728631E+00  1.429265711E+00  1.911612114E+00  9.938763470E+00
 -1.991947675E+00  1.348392610E+00  1.921428767E+00  9.773374743E+00
 -2.052274450E+00  1.265658320E+00  1.931751627E+00  9.605615749E+00
 -2.108684767E+00  1.181280463E+00  1.942584068E+00  9.436019955E+00
 -2.161168064E+00  1.095472507E+00  1.953929488E+00  9.265098893E+00
 -2.209726644E+00  1.008442897E+00  1.965791281E+00  9.093340123E+00
 -2.254374855E+00  9.203942858E-01  1.978172814E+00  8.921205603E+00
 -2.295138248E+00  8.315228657E-01  1.991077399E+00  8.749130459E+00
 -2.332052707E+00  7.420178064E-01  2.004508263E+00  8.577522133E+00
 -2.365163570E+00  6.520607882E-01  2.018468520E+00  8.406759861E+00
 -2.394524757E+00  5.618256304E-01  2.032961131E+00  8.237194489E+00
 -2.420197898E+00  4.714780084E-01  2.047988870E+00  8.069148554E+00
 -2.442251483E+00  3.811752542E-01  2.063554284E+00  7.902916636E+00
 -2.460760036E+00  2.910662340E-01  2.079659652E+00  7.738765918E+00
 -2.475803321E+00  2.012912970E-01  2.096306933E+00  7.576936946E+00
 -2.487465576E+00  1.119822882E-01  2.113497724E+00  7.417644537E+00
 -2.495834787E+00  2.326261825E-02  2.131233200E+00  7.261078828E+00
 -2.501002013E+00 -6.475261554E-02  2.149514064E+00  7.107406421E+00
 -2.503060736E+00 -1.519564637E-01  2.168340484E+00  6.956771605E+00
 -2.502106272E+00 -2.382499213E-01  2.187712028E+00  6.809297632E+00
 -2.498235215E+00 -3.235416919E-01  2.207627599E+00  6.665088036E+00
 -2.491544933E+00 -4.077479254E-01  2.228085362E+00  6.524227950E+00
 -2.482133103E+00 -4.907919338E-01  2.249082668E+00  6.386785439E+00
 -2.470097294E+00 -5.726038905E-01  2.270615977E+00  6.252812810E+00
 -2.455534586E+00 -6.531205168E-01  2.292680772E+00  6.122347899E+00
 -2.438541236E+00 -7.322847603E-01  2.315271473E+00  5.995415320E+00
 -2.419212376E+00 -8.100454681E-01  2.338381345E+00  5.872027675E+00
 -2.397641751E+00 -8.863570578E-01  2.362002407E+00  5.752186709E+00
 -2.373921491E+00 -9.611791898E-01  2.386125328E+00  5.635884419E+00
 -2.348141914E+00 -1.034476443E+00  2.410739335E+00  5.523104097E+00
 -2.320391361E+00 -1.106217994E+00  2.435832102E+00  5.413821318E+00
 -2.290756056E+00 -1.176377306E+00  2.461389651E+00  5.308004870E+00
 -2.259319991E+00 -1.244931824E+00  2.487396240E+00  5.205617618E+00
 -2.226164840E+00 -1.311862679E+00  2.513834263E+00  5.106617313E+00
 -2.191369889E+00 -1.377154406E+00  2.540684135E+00  5.010957336E+00
 -2.155011985E+00 -1.440794666E+00  2.567924194E+00  4.918587392E+00
 -2.117165505E+00 -1.502773991E+00  2.595530591E+00  4.829454140E+00
 -2.077902343E+00 -1.563085527E+00  2.623477196E+00  4.743501780E+00
 -2.037291903E+00 -1.621724802E+00  2.651735495E+00  4.660672578E+00
 -1.995401113E+00 -1.678689494E+00  2.680274508E+00  4.580907355E+00
 -1.952294445E+00 -1.733979225E+00  2.709060703E+00  4.504145916E+00
 -1.908033947E+00 -1.787595354E+00  2.738057929E+00  4.430327455E+00
 -1.862679280E+00 -1.839540786E+00  2.767227348E+00  4.359390903E+00
 -1.816287767E+00 -1.889819799E+00  2.796527396E+00  4.291275252E+00
 -1.768914442E+00 -1.938437871E+00  2.825913748E+00  4.225919833E+00
 -1.720612113E+00 -1.985401527E+00  2.855339302E+00  4.163264578E+00
 -1.671431422E+00 -2.030718190E+00  2.884754191E+00  4.103250237E+00
 -1.621420908E+00 -2.074396045E+00  2.914105806E+00  4.045818578E+00
 -1.570627081E+00 -2.116443913E+00  2.943338848E+00  3.990912561E+00
 -1.519094488E+00 -2.156871133E+00  2.972395412E+00  3.938476491E+00
 -1.466865792E+00 -2.195687451E+00  3.001215087E+00  3.888456147E+00
 -1.413981839E+00 -2.232902917E+00  3.029735093E+00  3.840798897E+00
 -1.360481739E+00 -2.268527795E+00  3.057890454E+00  3.795453795E+00
 -1.306402938E+00 -2.302572475E+00  3.085614192E+00  3.752371664E+00
 -1.251781296E+00 -2.335047391E+00  3.112837564E+00  3.711505169E+00
 -1.196651161E+00 -2.365962949E+00  3.139490329E+00  3.672808869E+00
 -1.141045446E+00 -2.395329460E+00  3.165501046E+00  3.636239272E+00
 -1.084995702E+00 -2.423157077E+00  3.190797414E+00  3.601754873E+00
 -1.028532195E+00 -2.449455738E+00  3.215306632E+00  3.569316184E+00
 -9.716839784E-01 -2.474235115E+00  3.238955796E+00  3.538885757E+00
 -9.144789633E-01 -2.497504568E+00  3.261672324E+00  3.510428210E+00
 -8.569439944E-01 -2.519273096E+00  3.283384401E+00  3.483910234E+00
 -7.991049188E-01 -2.539549305E+00  3.304021445E+00  3.459300607E+00
 -7.409866562E-01 -2.558341370E+00  3.323514592E+00  3.436570199E+00
 -6.826132681E-01 -2.575657000E+00  3.341797184E+00  3.415691975E+00
 -6.240080258E-01 -2.591503414E+00  3.358805273E+00  3.396640998E+00
 -5.651934774E-01 -2.605887312E+00  3.374478107E+00  3.379394423E+00
 -5.061915141E-01 -2.618814853E+00  3.388758624E+00  3.363931505E+00
 -4.470234356E-01 -2.630291635E+00  3.401593919E+00  3.350233583E+00
 -3.877100144E-01 -2.640322676E+00  3.412935698E+00  3.338284089E+00
 -3.282715599E-01 -2.648912400E+00  3.422740692E+00  3.328068533E+00
 -2.687279815E-01 -2.656064624E+00  3.430971046E+00  3.319574506E+00
 -2.090988510E-01 -2.661782543E+00  3.437594663E+00  3.312791676E+00
 -1.494034647E-01 -2.666068726E+00  3.442585496E+00  3.307711779E+00
 -8.966090543E-02 -2.668925105E+00  3.445923789E+00  3.304328620E+00
 -2.989010320E-02 -2.670352971E+00  3.447596271E+00  3.302638073E+00
  2.989010320E-02 -2.670352971E+00  3.447596271E+00  3.302638073E+00
  8.966090543E-02 -2.668925105E+00  3.445923789E+00  3.304328620E+00
  1.494034647E-01 -2.666068726E+00  3.442585496E+00  3.307711779E+00
  2.090988510E-01 -2.661782543E+00  3.437594663E+00  3.312791676E+00
  2.687279815E-01 -2.656064624E+00  3.430971046E+00  3.319574506E+00
  3.282715599E-01 -2.648912400E+00  3.422740692E+00  3.328068533E+00
  3.877100144E-01 -2.640322676E+00  3.412935698E+00  3.338284089E+00
  4.470234356E-01 -2.630291635E+00  3.401593919E+00  3.350233583E+00
  5.061915141E-01 -2.618814853E+00  3.388758624E+00  3.363931505E+00
  5.651934774E-01 -2.605887312E+00  3.374478107E+00  3.379394423E+00
  6.240080258E-01 -2.591503414E+00  3.358805273E+00  3.396640998E+00
  6.826132681E-01 -2.575657000E+00  3.341797184E+00  3.415691975E+00
  7.409866562E-01 -2.558341370E+00  3.323514592E+00  3.436570199E+00
  7.991049188E-01 -2.539549305E+00  3.304021445E+00  3.459300607E+00
  8.569439944E-01 -2.519273096E+00  3.283384401E+00  3.483910234E+00
  9.144789633E-01 -2.497504568E+00  3.261672324E+00  3.510428210E+00
  9.716839784E-01 -2.474235115E+00  3.238955796E+00  3.538885757E+00
  1.028532195E+00 -2.449455738E+00  3.215306632E+00  3.569316184E+00
  1.084995702E+00 -2.423157077E+00  3.190797414E+00  3.601754873E+00
  1.141045446E+00 -2.395329460E+00  3.165501046E+00  3.636239272E+00
  1.196651161E+00 -2.365962949E+00  3.139490329E+00  3.672808869E+00
  1.251781296E+00 -2.335047391E+00  3.112837564E+00  3.711505169E+00
  1.306402938E+00 -2.302572475E+00  3.085614192E+00  3.752371664E+00
  1.360481739E+00 -2.268527795E+00  3.057890454E+00  3.795453795E+00
  1.413981839E+00 -2.232902917E+00  3.029735093E+00  3.840798897E+00
  1.466865792E+00 -2.195687451E+00  3.001215087E+00  3.888456147E+00
  1.519094488E+00 -2.156871133E+00  2.972395412E+00  3.938476491E+00
  1.570627081E+00 -2.116443913E+00  2.943338848E+00  3.990912561E+00
  1.621420908E+00 -2.074396045E+00  2.914105806E+00  4.045818578E+00
  1.671431422E+00 -2.030718190E+00  2.884754191E+00  4.103250237E+00
  1.720612113E+00 -1.985401527E+00  2.855339302E+00  4.163264578E+00
  1.768914442E+00 -1.938437871E+00  2.825913748E+00  4.225919833E+00
  1.816287767E+00 -1.889819799E+00  2.796527396E+00  4.291275252E+00
  1.862679280E+00 -1.839540786E+00  2.767227348E+00  4.359390903E+00
  1.908033947E+00 -1.787595354E+00  2.738057929E+00  4.430327455E+00
  1.952294445E+00 -1.733979225E+00  2.709060703E+00  4.504145916E+00
  1.995401113E+00 -1.678689494E+00  2.680274508E+00  4.580907355E+00
  2.037291903E+00 -1.621724802E+00  2.651735495E+00  4.660672578E+00
  2.077902343E+00 -1.563085527E+00  2.623477196E+00  4.743501780E+00
  2.117165505E+00 -1.502773991E+00  2.595530591E+00  4.829454140E+00
  2.155011985E+00 -1.440794666E+00  2.567924194E+00  4.918587392E+00
  2.191369889E+00 -1.377154406E+00  2.540684135E+00  5.010957336E+00
  2.226164840E+00 -1.311862679E+00  2.513834263E+00  5.106617313E+00
  2.259319991E+00 -1.244931824E+00  2.487396240E+00  5.205617618E+00
  2.290756056E+00 -1.176377306E+00  2.461389651E+00  5.308004870E+00
  2.320391361E+00 -1.106217994E+00  2.435832102E+00  5.413821318E+00
  2.348141914E+00 -1.034476443E+00  2.410739335E+00  5.523104097E+00
  2.373921491E+00 -9.611791898E-01  2.386125328E+00  5.635884419E+00
  2.397641751E+00 -8.863570578E-01  2.362002407E+00  5.752186709E+00
  2.419212376E+00 -8.100454681E-01  2.338381345E+00  5.872027675E+00
  2.438541236E+00 -7.322847603E-01  2.315271473E+00  5.995415320E+00
  2.455534586E+00 -6.531205168E-01  2.292680772E+00  6.122347899E+00
  2.470097294E+00 -5.726038905E-01  2.270615977E+00  6.252812810E+00
  2.482133103E+00 -4.907919338E-01  2.249082668E+00  6.386785439E+00
  2.491544933E+00 -4.077479254E-01  2.228085362E+00  6.524227950E+00
  2.498235215E+00 -3.235416919E-01  2.207627599E+00  6.665088036E+00
  2.502106272E+00 -2.382499213E-01  2.187712028E+00  6.809297632E+00
  2.503060736E+00 -1.519564637E-01  2.168340484E+00  6.956771605E+00
  2.501002013E+00 -6.475261554E-02  2.149514064E+00  7.107406421E+00
  2.495834787E+00  2.326261825E-02  2.131233200E+00  7.261078828E+00
  2.487465576E+00  1.119822882E-01  2.113497724E+00  7.417644537E+00
  2.475803321E+00  2.012912970E-01  2.096306933E+00  7.576936946E+00
  2.460760036E+00  2.910662340E-01  2.079659652E+00  7.738765918E+00
  2.442251483E+00  3.811752542E-01  2.063554284E+00  7.902916636E+00
  2.420197898E+00  4.714780084E-01  2.047988870E+00  8.069148554E+00
  2.394524757E+00  5.618256304E-01  2.032961131E+00  8.237194489E+00
  2.365163570E+00  6.520607882E-01  2.018468520E+00  8.406759861E+00
  2.332052707E+00  7.420178064E-01  2.004508263E+00  8.577522133E+00
  2.295138248E+00  8.315228657E-01  1.991077399E+00  8.749130459E+00
  2.254374855E+00  9.203942858E-01  1.978172814E+00  8.921205603E+00
  2.209726644E+00  1.008442897E+00  1.965791281E+00  9.093340123E+00
  2.161168064E+00  1.095472507E+00  1.953929488E+00  9.265098893E+00
  2.108684767E+00  1.181280463E+00  1.942584068E+00  9.436019955E+00
  2.052274450E+00  1.265658320E+00  1.931751627E+00  9.605615749E+00
  1.991947675E+00  1.348392610E+00  1.921428767E+00  9.773374743E+00
  1.927728631E+00  1.429265711E+00  1.911612114E+00  9.938763470E+00
  1.859655851E+00  1.508056825E+00  1.902298331E+00  1.010122899E+01
  1.787782842E+00  1.584543053E+00  1.893484144E+00  1.026020180E+01
  1.712178641E+00  1.658500562E+00  1.885166358E+00  1.041509912E+01
  1.632928262E+00  1.729705846E+00  1.877341872E+00  1.056532867E+01
  1.550133032E+00  1.797937058E+00  1.870007694E+00  1.071029277E+01
  1.463910805E+00  1.862975419E+00  1.863160956E+00  1.084939283E+01
  1.374396028E+00  1.924606673E+00  1.856798923E+00  1.098203415E+01
  1.281739670E+00  1.982622587E+00  1.850919007E+00  1.110763098E+01
  1.186108985E+00  2.036822470E+00  1.845518777E+00  1.122561183E+01
  1.087687122E+00  2.087014701E+00  1.840595965E+00  1.133542476E+01
  9.866725612E-01  2.133018237E+00  1.836148475E+00  1.143654293E+01
  8.832783846E-01  2.174664089E+00  1.832174392E+00  1.152846991E+01
  7.777313857E-01  2.211796732E+00  1.828671987E+00  1.161074498E+01
  6.702710139E-01  2.244275450E+00  1.825639721E+00  1.168294815E+01
  5.611481692E-01  2.271975570E+00  1.823076253E+00  1.174470490E+01
  4.506238541E-01  2.294789582E+00  1.820980438E+00  1.179569044E+01
  3.389676991E-01  2.312628120E+00  1.819351339E+00  1.183563356E+01
  2.264563772E-01  2.325420792E+00  1.818188223E+00  1.186431980E+01
  1.133719260E-01  2.333116835E+00  1.817490563E+00  1.188159411E+01
  4.222343954E-16  2.335685600E+00  1.817258045E+00  1.188736268E+01
 -4.127199261E-16  2.279130428E+00  1.795442083E+00  1.135766803E+01
 -1.108178521E-01  2.276632948E+00  1.795669051E+00  1.135228066E+01
 -2.213583321E-01  2.269150311E+00  1.796350056E+00  1.133614733E+01
 -3.313457931E-01  2.256711828E+00  1.797485391E+00  1.130935408E+01
 -4.405080159E-01  2.239366052E+00  1.799075549E+00  1.127204315E+01
 -5.485778672E-01  2.217180323E+00  1.801121217E+00  1.122441129E+01
 -6.552948915E-01  2.190240148E+00  1.803623272E+00  1.116670741E+01
 -7.604068174E-01  2.158648427E+00  1.806582784E+00  1.109922969E+01
 -8.636709612E-01  2.122524526E+00  1.810001007E+00  1.102232216E+01
 -9.648555106E-01  2.082003225E+00  1.813879380E+00  1.093637078E+01
 -1.063740678E+00  2.037233552E+00  1.818219516E+00  1.084179920E+01
 -1.160119709E+00  1.988377522E+00  1.823023205E+00  1.073906420E+01
 -1.253799742E+00  1.935608798E+00  1.828292400E+00  1.062865093E+01
 -1.344602517E+00  1.879111302E+00  1.834029213E+00  1.051106802E+01
 -1.432364916E+00  1.819077787E+00  1.840235908E+00  1.038684263E+01
 -1.516939363E+00  1.755708388E+00  1.846914891E+00  1.025651555E+01
 -1.598194055E+00  1.689209187E+00  1.854068701E+00  1.012063639E+01
 -1.676013058E+00  1.619790781E+00  1.861699997E+00  9.979758987E+00
 -1.750296256E+00  1.547666901E+00  1.869811548E+00  9.834436953E+00
 -1.820959172E+00  1.473053068E+00  1.878406220E+00  9.685219596E+00
 -1.887932665E+00  1.396165317E+00  1.887486959E+00  9.532648097E+00
 -1.951162522E+00  1.317218995E+00  1.897056777E+00  9.377252062E+00
 -2.010608951E+00  1.236427634E+00  1.907118735E+00  9.219546435E+00
 -2.066245993E+00  1.154001920E+00  1.917675921E+00  9.060028797E+00
 -2.118060862E+00  1.070148747E+00  1.928731433E+00  8.899177048E+00
 -2.166053223E+00  9.850703723E-01  1.940288352E+00  8.737447478E+00
 -2.210234432E+00  8.989636663E-01  1.952349723E+00  8.575273208E+00
 -2.250626741E+00  8.120194618E-01  1.964918524E+00  8.413062997E+00
 -2.287262475E+00  7.244219968E-01  1.977997637E+00  8.251200381E+00
 -2.320183205E+00  6.363484517E-01  1.991589821E+00  8.090043139E+00
 -2.349438914E+00  5.479685749E-01  2.005697674E+00  7.929923042E+00
 -2.375087175E+00  4.594443949E-01  2.020323600E+00  7.771145875E+00
 -2.397192337E+00  3.709300099E-01  2.035469769E+00  7.613991687E+00
 -2.415824735E+00  2.825714538E-01  2.051138075E+00  7.458715251E+00
 -2.431059932E+00  1.945066286E-01  2.067330090E+00  7.305546707E+00
 -2.442977980E+00  1.068653001E-01  2.084047020E+00  7.154692350E+00
 -2.451662725E+00  1.976914828E-02  2.101289651E+00  7.006335544E+00
 -2.457201151E+00 -6.666813163E-02  2.119058295E+00  6.860637737E+00
 -2.459682754E+00 -1.523406854E-01  2.137352733E+00  6.717739551E+00
 -2.459198970E+00 -2.371503178E-01  2.156172153E+00  6.577761932E+00
 -2.455842634E+00 -3.210062790E-01  2.175515086E+00  6.440807327E+00
 -2.449707486E+00 -4.038250235E-01  2.195379336E+00  6.306960890E+00
 -2.440887720E+00 -4.855299476E-01  2.215761909E+00  6.176291688E+00
 -2.429477569E+00 -5.660511098E-01  2.236658937E+00  6.048853898E+00
 -2.415570934E+00 -6.453249375E-01  2.258065599E+00  5.924687984E+00
 -2.399261052E+00 -7.232939244E-01  2.279976035E+00  5.803821853E+00
 -2.380640196E+00 -7.999063225E-01  2.302383266E+00  5.686271960E+00
 -2.359799414E+00 -8.751158308E-01  2.325279098E+00  5.572044383E+00
 -2.336828298E+00 -9.488812835E-01  2.348654036E+00  5.461135850E+00
 -2.311814789E+00 -1.021166341E+00  2.372497182E+00  5.353534708E+00
 -2.284845006E+00 -1.091939186E+00  2.396796146E+00  5.249221844E+00
 -2.256003102E+00 -1.161172219E+00  2.421536942E+00  5.148171558E+00
 -2.225371149E+00 -1.228841775E+00  2.446703891E+00  5.050352366E+00
 -2.193029044E+00 -1.294927831E+00  2.472279521E+00  4.955727769E+00
 -2.159054431E+00 -1.359413736E+00  2.498244466E+00  4.864256948E+00
 -2.123522651E+00 -1.422285949E+00  2.524577372E+00  4.775895422E+00
 -2.086506703E+00 -1.483533779E+00  2.551254797E+00  4.690595645E+00
 -2.048077220E+00 -1.543149149E+00  2.578251122E+00  4.608307564E+00
 -2.008302465E+00 -1.601126362E+00  2.605538463E+00  4.528979119E+00
 -1.967248331E+00 -1.657461878E+00  2.633086592E+00  4.452556709E+00
 -1.924978361E+00 -1.712154113E+00  2.660862860E+00  4.378985607E+00
 -1.881553768E+00 -1.765203236E+00  2.688832138E+00  4.308210345E+00
 -1.837033474E+00 -1.816610983E+00  2.716956763E+00  4.240175052E+00
 -1.791474148E+00 -1.866380486E+00  2.745196495E+00  4.174823766E+00
 -1.744930251E+00 -1.914516104E+00  2.773508500E+00  4.112100710E+00
 -1.697454093E+00 -1.961023271E+00  2.801847335E+00  4.051950537E+00
 -1.649095890E+00 -2.005908352E+00  2.830164965E+00  3.994318552E+00
 -1.599903822E+00 -2.049178506E+00  2.858410790E+00  3.939150903E+00
 -1.549924098E+00 -2.090841563E+00  2.886531703E+00  3.886394758E+00
 -1.499201026E+00 -2.130905903E+00  2.914472169E+00  3.835998450E+00
 -1.447777078E+00 -2.169380353E+00  2.942174332E+00  3.787911613E+00
 -1.395692962E+00 -2.206274079E+00  2.969578145E+00  3.742085293E+00
 -1.342987693E+00 -2.241596499E+00  2.996621538E+00  3.698472049E+00
 -1.289698666E+00 -2.275357192E+00  3.023240606E+00  3.657026036E+00
 -1.235861727E+00 -2.307565822E+00  3.049369839E+00  3.617703081E+00
 -1.181511247E+00 -2.338232059E+00  3.074942371E+00  3.580460739E+00
 -1.126680193E+00 -2.367365518E+00  3.099890273E+00  3.545258349E+00
 -1.071400202E+00 -2.394975691E+00  3.124144864E+00  3.512057074E+00
 -1.015701652E+00 -2.421071892E+00  3.147637061E+00  3.480819935E+00
 -9.596137329E-01 -2.445663208E+00  3.170297749E+00  3.451511844E+00
 -9.031645174E-01 -2.468758444E+00  3.192058178E+00  3.424099619E+00
 -8.463810310E-01 -2.490366086E+00  3.212850386E+00  3.398552008E+00
 -7.892893210E-01 -2.510494259E+00  3.232607631E+00  3.374839698E+00
 -7.319145244E-01 -2.529150691E+00  3.251264847E+00  3.352935325E+00
 -6.742809354E-01 -2.546342680E+00  3.268759099E+00  3.332813483E+00
 -6.164120717E-01 -2.562077066E+00  3.285030047E+00  3.314450724E+00
 -5.583307404E-01 -2.576360204E+00  3.300020407E+00  3.297825563E+00
 -5.000591027E-01 -2.589197941E+00  3.313676404E+00  3.282918476E+00
 -4.416187378E-01 -2.600595596E+00  3.325948206E+00  3.269711902E+00
 -3.830307066E-01 -2.610557938E+00  3.336790345E+00  3.258190238E+00
 -3.243156138E-01 -2.619089177E+00  3.346162104E+00  3.248339840E+00
 -2.654936706E-01 -2.626192943E+00  3.354027873E+00  3.240149020E+00
 -2.065847558E-01 -2.631872279E+00  3.360357464E+00  3.233608040E+00
 -1.476084769E-01 -2.636129632E+00  3.365126388E+00  3.228709115E+00
 -8.858423097E-02 -2.638966842E+00  3.368316077E+00  3.225446407E+00
 -2.953126479E-02 -2.640385139E+00  3.369914055E+00  3.223816025E+00
  2.953126479E-02 -2.640385139E+00  3.369914055E+00  3.223816025E+00
  8.858423097E-02 -2.638966842E+00  3.368316077E+00  3.225446407E+00
  1.476084769E-01 -2.636129632E+00  3.365126388E+00  3.228709115E+00
  2.065847558E-01 -2.631872279E+00  3.360357464E+00  3.233608040E+00
  2.654936706E-01 -2.626192943E+00  3.354027873E+00  3.240149020E+00
  3.243156138E-01 -2.619089177E+00  3.346162104E+00  3.248339840E+00
  3.830307066E-01 -2.610557938E+00  3.336790345E+00  3.258190238E+00
  4.416187378E-01 -2.600595596E+00  3.325948206E+00  3.269711902E+00
  5.000591027E-01 -2.589197941E+00  3.313676404E+00  3.282918476E+00
  5.583307404E-01 -2.576360204E+00  3.300020407E+00  3.297825563E+00
  6.164120717E-01 -2.562077066E+00  3.285030047E+00  3.314450724E+00
  6.742809354E-01 -2.546342680E+00  3.268759099E+00  3.332813483E+00
  7.319145244E-01 -2.529150691E+00  3.251264847E+00  3.352935325E+00
  7.892893210E-01 -2.510494259E+00  3.232607631E+00  3.374839698E+00
  8.463810310E-01 -2.490366086E+00  3.212850386E+00  3.398552008E+00
  9.031645174E-01 -2.468758444E+00  3.192058178E+00  3.424099619E+00
  9.596137329E-01 -2.445663208E+00  3.170297749E+00  3.451511844E+00
  1.015701652E+00 -2.421071892E+00  3.147637061E+00  3.480819935E+00
  1.071400202E+00 -2.394975691E+00  3.124144864E+00  3.512057074E+00
  1.126680193E+00 -2.367365518E+00  3.099890273E+00  3.545258349E+00
  1.181511247E+00 -2.338232059E+00  3.074942371E+00  3.580460739E+00
  1.235861727E+00 -2.307565822E+00  3.049369839E+00  3.617703081E+00
  1.289698666E+00 -2.275357192E+00  3.023240606E+00  3.657026036E+00
  1.342987693E+00 -2.241596499E+00  2.996621538E+00  3.698472049E+00
  1.395692962E+00 -2.206274079E+00  2.969578145E+00  3.742085293E+00
  1.447777078E+00 -2.169380353E+00  2.942174332E+00  3.787911613E+00
  1.499201026E+00 -2.130905903E+00  2.914472169E+00  3.835998450E+00
  1.549924098E+00 -2.090841563E+00  2.886531703E+00  3.886394758E+00
  1.599903822E+00 -2.049178506E+00  2.858410790E+00  3.939150903E+00
  1.649095890E+00 -2.005908352E+00  2.830164965E+00  3.994318552E+00
  1.697454093E+00 -1.961023271E+00  2.801847335E+00  4.051950537E+00
  1.744930251E+00 -1.914516104E+00  2.773508500E+00  4.112100710E+00
  1.791474148E+00 -1.866380486E+00  2.745196495E+00  4.174823766E+00
  1.837033474E+00 -1.816610983E+00  2.716956763E+00  4.240175052E+00
  1.881553768E+00 -1.765203236E+00  2.688832138E+00  4.308210345E+00
  1.924978361E+00 -1.712154113E+00  2.660862860E+00  4.378985607E+00
  1.967248331E+00 -1.657461878E+00  2.633086592E+00  4.452556709E+00
  2.008302465E+00 -1.601126362E+00  2.605538463E+00  4.528979119E+00
  2.048077220E+00 -1.543149149E+00  2.578251122E+00  4.608307564E+00
  2.086506703E+00 -1.483533779E+00  2.551254797E+00  4.690595645E+00
  2.123522651E+00 -1.422285949E+00  2.524577372E+00  4.775895422E+00
  2.159054431E+00 -1.359413736E+00  2.498244466E+00  4.864256948E+00
  2.193029044E+00 -1.294927831E+00  2.472279521E+00  4.955727769E+00
  2.225371149E+00 -1.228841775E+00  2.446703891E+00  5.050352366E+00
  2.256003102E+00 -1.161172219E+00  2.421536942E+00  5.148171558E+00
  2.284845006E+00 -1.091939186E+00  2.396796146E+00  5.249221844E+00
  2.311814789E+00 -1.021166341E+00  2.372497182E+00  5.353534708E+00
  2.336828298E+00 -9.488812835E-01  2.348654036E+00  5.461135850E+00
  2.359799414E+00 -8.751158308E-01  2.325279098E+00  5.572044383E+00
  2.380640196E+00 -7.999063225E-01  2.302383266E+00  5.686271960E+00
  2.399261052E+00 -7.232939244E-01  2.279976035E+00  5.803821853E+00
  2.415570934E+00 -6.453249375E-01  2.258065599E+00  5.924687984E+00
  2.429477569E+00 -5.660511098E-01  2.236658937E+00  6.048853898E+00
  2.440887720E+00 -4.855299476E-01  2.215761909E+00  6.176291688E+00
  2.449707486E+00 -4.038250235E-01  2.195379336E+00  6.306960890E+00
  2.455842634E+00 -3.210062790E-01  2.175515086E+00  6.440807327E+00
  2.459198970E+00 -2.371503178E-01  2.156172153E+00  6.577761932E+00
  2.459682754E+00 -1.523406854E-01  2.137352733E+00  6.717739551E+00
  2.457201151E+00 -6.666813163E-02  2.119058295E+00  6.860637737E+00
  2.451662725E+00  1.976914828E-02  2.101289651E+00  7.006335544E+00
  2.442977980E+00  1.068653001E-01  2.084047020E+00  7.154692350E+00
  2.431059932E+00  1.945066286E-01  2.067330090E+00  7.305546707E+00
  2.415824735E+00  2.825714538E-01  2.051138075E+00  7.458715251E+00
  2.397192337E+00  3.709300099E-01  2.035469769E+00  7.613991687E+00
  2.375087175E+00  4.594443949E-01  2.020323600E+00  7.771145875E+00
  2.349438914E+00  5.479685749E-01  2.005697674E+00  7.929923042E+00
  2.320183205E+00  6.363484517E-01  1.991589821E+00  8.090043139E+00
  2.287262475E+00  7.244219968E-01  1.977997637E+00  8.251200381E+00
  2.250626741E+00  8.120194618E-01  1.964918524E+00  8.413062997E+00
  2.210234432E+00  8.989636663E-01  1.952349723E+00  8.575273208E+00
  2.166053223E+00  9.850703723E-01  1.940288352E+00  8.737447478E+00
  2.118060862E+00  1.070148747E+00  1.928731433E+00  8.899177048E+00
  2.066245993E+00  1.154001920E+00  1.917675921E+00  9.060028797E+00
  2.010608951E+00  1.236427634E+00  1.907118735E+00  9.219546435E+00
  1.951162522E+00  1.317218995E+00  1.897056777E+00  9.377252062E+00
  1.887932665E+00  1.396165317E+00  1.887486959E+00  9.532648097E+00
  1.820959172E+00  1.473053068E+00  1.878406220E+00  9.685219596E+00
  1.750296256E+00  1.547666901E+00  1.869811548E+00  9.834436953E+00
  1.676013058E+00  1.619790781E+00  1.861699997E+00  9.979758987E+00
  1.598194055E+00  1.689209187E+00  1.854068701E+00  1.012063639E+01
  1.516939363E+00  1.755708388E+00  1.846914891E+00  1.025651555E+01
  1.432364916E+00  1.819077787E+00  1.840235908E+00  1.038684263E+01
  1.344602517E+00  1.879111302E+00  1.834029213E+00  1.051106802E+01
  1.253799742E+00  1.935608798E+00  1.828292400E+00  1.062865093E+01
  1.160119709E+00  1.988377522E+00  1.823023205E+00  1.073906420E+01
  1.063740678E+00  2.037233552E+00  1.818219516E+00  1.084179920E+01
  9.648555106E-01  2.082003225E+00  1.813879380E+00  1.093637078E+01
  8.636709612E-01  2.122524526E+00  1.810001007E+00  1.102232216E+01
  7.604068174E-01  2.158648427E+00  1.806582784E+00  1.109922969E+01
  6.552948915E-01  2.190240148E+00  1.803623272E+00  1.116670741E+01
  5.485778672E-01  2.217180323E+00  1.801121217E+00  1.122441129E+01
  4.405080159E-01  2.239366052E+00  1.799075549E+00  1.127204315E+01
  3.313457931E-01  2.256711828E+00  1.797485391E+00  1.130935408E+01
  2.213583321E-01  2.269150311E+00  1.796350056E+00  1.133614733E+01
  1.108178521E-01  2.276632948E+00  1.795669051E+00  1.135228066E+01
  4.127199261E-16  2.279130428E+00  1.795442083E+00  1.135766803E+01
 -4.033812710E-16  2.223323341E+00  1.773567333E+00  1.084950081E+01
 -1.083109468E-01  2.220895297E+00  1.773788804E+00  1.084447089E+01
 -2.163542752E-01  2.213620537E+00  1.774453310E+00  1.082940751E+01
 -3.238640016E-01  2.201527094E+00  1.775561127E+00  1.080438957E+01
 -4.305773913E-01  2.184661406E+00  1.777112714E+00  1.076954749E+01
 -5.362365305E-01  2.163087889E+00  1.779108713E+00  1.072506175E+01
 -6.405898372E-01  2.136888359E+00  1.781549942E+00  1.067116072E+01
 -7.433934926E-01  2.106161299E+00  1.784437400E+00  1.060811809E+01
 -8.444127757E-01  2.071020989E+00  1.787772258E+00  1.053624973E+01
 -9.434232873E-01  2.031596518E+00  1.791555854E+00  1.045591026E+01
 -1.040212051E+00  1.988030681E+00  1.795789695E+00  1.036748909E+01
 -1.134578480E+00  1.940478796E+00  1.800475445E+00  1.027140640E+01
 -1.226335205E+00  1.889107436E+00  1.805614919E+00  1.016810877E+01
 -1.315308755E+00  1.834093119E+00  1.811210082E+00  1.005806478E+01
 -1.401340091E+00  1.775620957E+00  1.817263035E+00  9.941760474E+00
 -1.484284998E+00  1.713883286E+00  1.823776007E+00  9.819694955E+00
 -1.564014322E+00  1.649078298E+00  1.830751350E+00  9.692375969E+00
 -1.640414079E+00  1.581408691E+00  1.838191521E+00  9.560315696E+00
 -1.713385424E+00  1.511080347E+00  1.846099074E+00  9.424026718E+00
 -1.782844497E+00  1.438301055E+00  1.854476649E+00  9.284018233E+00
 -1.848722159E+00  1.363279291E+00  1.863326953E+00  9.140792559E+00
 -1.910963616E+00  1.286223065E+00  1.872652745E+00  8.994841933E+00
 -1.969527957E+00  1.207338843E+00  1.882456821E+00  8.846645655E+00
 -2.024387607E+00  1.126830550E+00  1.892741996E+00  8.696667565E+00
 -2.075527718E+00  1.044898663E+00  1.903511078E+00  8.545353870E+00
 -2.122945493E+00  9.617393825E-01  1.914766852E+00  8.393131323E+00
 -2.166649472E+00  8.775439128E-01  1.926512052E+00  8.240405731E+00
 -2.206658786E+00  7.924978182E-01  1.938749337E+00  8.087560802E+00
 -2.243002382E+00  7.067804773E-01  1.951481260E+00  7.934957295E+00
 -2.275718243E+00  6.205646235E-01  1.964710244E+00  7.782932461E+00
 -2.304852591E+00  5.340159704E-01  1.978438540E+00  7.631799757E+00
 -2.330459112E+00  4.472929178E-01  1.992668200E+00  7.481848802E+00
 -2.352598178E+00  3.605463345E-01  2.007401036E+00  7.333345550E+00
 -2.371336094E+00  2.739194118E-01  2.022638577E+00  7.186532660E+00
 -2.386744368E+00  1.875475822E-01  2.038382032E+00  7.041630031E+00
 -2.398899007E+00  1.015584990E-01  2.054632238E+00  6.898835483E+00
 -2.407879848E+00  1.607206910E-02  2.071389613E+00  6.758325554E+00
 -2.413769920E+00 -6.879946524E-02  2.088654104E+00  6.620256396E+00
 -2.416654846E+00 -1.529514025E-01  2.106425131E+00  6.484764743E+00
 -2.416622283E+00 -2.362864204E-01  2.124701527E+00  6.351968938E+00
 -2.413761396E+00 -3.187143828E-01  2.143481478E+00  6.221970002E+00
 -2.408162382E+00 -4.001521197E-01  2.162762456E+00  6.094852712E+00
 -2.399916022E+00 -4.805231852E-01  2.182541150E+00  5.970686706E+00
 -2.389113279E+00 -5.597575971E-01  2.202813394E+00  5.849527568E+00
 -2.375844932E+00 -6.377915643E-01  2.223574091E+00  5.731417910E+00
 -2.360201245E+00 -7.145672019E-01  2.244817136E+00  5.616388425E+00
 -2.342271671E+00 -7.900322416E-01  2.266535332E+00  5.504458913E+00
 -2.322144595E+00 -8.641397370E-01  2.288720307E+00  5.395639271E+00
 -2.299907098E+00 -9.368477684E-01  2.311362427E+00  5.289930438E+00
 -2.275644765E+00 -1.008119148E+00  2.334450706E+00  5.187325303E+00
 -2.249441507E+00 -1.077921130E+00  2.357972717E+00  5.087809559E+00
 -2.221379418E+00 -1.146225122E+00  2.381914496E+00  4.991362518E+00
 -2.191538657E+00 -1.213006407E+00  2.406260453E+00  4.897957864E+00
 -2.159997341E+00 -1.278243870E+00  2.430993279E+00  4.807564370E+00
 -2.126831477E+00 -1.341919732E+00  2.456093852E+00  4.720146561E+00
 -2.092114892E+00 -1.404019300E+00  2.481541146E+00  4.635665326E+00
 -2.055919197E+00 -1.464530716E+00  2.507312146E+00  4.554078488E+00
 -2.018313759E+00 -1.523444724E+00  2.533381762E+00  4.475341331E+00
 -1.979365684E+00 -1.580754447E+00  2.559722752E+00  4.399407078E+00
 -1.939139818E+00 -1.636455172E+00  2.586305645E+00  4.326227331E+00
 -1.897698757E+00 -1.690544146E+00  2.613098681E+00  4.255752476E+00
 -1.855102867E+00 -1.743020385E+00  2.640067750E+00  4.187932042E+00
 -1.811410311E+00 -1.793884491E+00  2.667176352E+00  4.122715036E+00
 -1.766677083E+00 -1.843138481E+00  2.694385559E+00  4.060050239E+00
 -1.720957055E+00 -1.890785623E+00  2.721654002E+00  3.999886473E+00
 -1.674302020E+00 -1.936830289E+00  2.748937865E+00  3.942172844E+00
 -1.626761746E+00 -1.981277808E+00  2.776190904E+00  3.886858952E+00
 -1.578384033E+00 -2.024134338E+00  2.803364477E+00  3.833895087E+00
 -1.529214772E+00 -2.065406736E+00  2.830407610E+00  3.783232394E+00
 -1.479298010E+00 -2.105102445E+00  2.857267067E+00  3.734823023E+00
 -1.428676008E+00 -2.143229388E+00  2.883887462E+00  3.688620260E+00
 -1.377389317E+00 -2.179795864E+00  2.910211390E+00  3.644578644E+00
 -1.325476839E+00 -2.214810458E+00  2.936179579E+00  3.602654061E+00
 -1.272975896E+00 -2.248281953E+00  2.961731084E+00  3.562803837E+00
 -1.219922302E+00 -2.280219251E+00  2.986803496E+00  3.524986806E+00
 -1.166350433E+00 -2.310631301E+00  3.011333189E+00  3.489163375E+00
 -1.112293291E+00 -2.339527027E+00  3.035255592E+00  3.455295582E+00
 -1.057782582E+00 -2.366915271E+00  3.058505488E+00  3.423347135E+00
 -1.002848778E+00 -2.392804731E+00  3.081017340E+00  3.393283453E+00
 -9.475211901E-01 -2.417203911E+00  3.102725644E+00  3.365071694E+00
 -8.918280345E-01 -2.440121074E+00  3.123565301E+00  3.338680784E+00
 -8.357965022E-01 -2.461564194E+00  3.143472011E+00  3.314081436E+00
 -7.794528248E-01 -2.481540920E+00  3.162382682E+00  3.291246163E+00
 -7.228223412E-01 -2.500058537E+00  3.180235848E+00  3.270149294E+00
 -6.659295635E-01 -2.517123937E+00  3.196972103E+00  3.250766978E+00
 -6.087982414E-01 -2.532743583E+00  3.212534527E+00  3.233077199E+00
 -5.514514265E-01 -2.546923488E+00  3.226869116E+00  3.217059769E+00
 -4.939115362E-01 -2.559669190E+00  3.239925202E+00  3.202696341E+00
 -4.362004155E-01 -2.570985728E+00  3.251655859E+00  3.189970403E+00
 -3.783394001E-01 -2.580877629E+00  3.262018288E+00  3.178867283E+00
 -3.203493771E-01 -2.589348885E+00  3.270974177E+00  3.169374145E+00
 -2.622508464E-01 -2.596402944E+00  3.278490034E+00  3.161479992E+00
 -2.040639809E-01 -2.602042698E+00  3.284537474E+00  3.155175661E+00
 -1.458086867E-01 -2.606270470E+00  3.289093477E+00  3.150453823E+00
 -8.750466265E-02 -2.609088009E+00  3.292140591E+00  3.147308983E+00
 -2.917145970E-02 -2.610496486E+00  3.293667093E+00  3.145737479E+00
  2.917145970E-02 -2.610496486E+00  3.293667093E+00  3.145737479E+00
  8.750466265E-02 -2.609088009E+00  3.292140591E+00  3.147308983E+00
  1.458086867E-01 -2.606270470E+00  3.289093477E+00  3.150453823E+00
  2.040639809E-01 -2.602042698E+00  3.284537474E+00  3.155175661E+00
  2.622508464E-01 -2.596402944E+00  3.278490034E+00  3.161479992E+00
  3.203493771E-01 -2.589348885E+00  3.270974177E+00  3.169374145E+00
  3.783394001E-01 -2.580877629E+00  3.262018288E+00  3.178867283E+00
  4.362004155E-01 -2.570985728E+00  3.251655859E+00  3.189970403E+00
  4.939115362E-01 -2.559669190E+00  3.239925202E+00  3.202696341E+00
  5.514514265E-01 -2.546923488E+00  3.226869116E+00  3.217059769E+00
  6.087982414E-01 -2.532743583E+00  3.212534527E+00  3.233077199E+00
  6.659295635E-01 -2.517123937E+00  3.196972103E+00  3.250766978E+00
  7.228223412E-01 -2.500058537E+00  3.180235848E+00  3.270149294E+00
  7.794528248E-01 -2.481540920E+00  3.162382682E+00  3.291246163E+00
  8.357965022E-01 -2.461564194E+00  3.143472011E+00  3.314081436E+00
  8.918280345E-01 -2.440121074E+00  3.123565301E+00  3.338680784E+00
  9.475211901E-01 -2.417203911E+00  3.102725644E+00  3.365071694E+00
  1.002848778E+00 -2.392804731E+00  3.081017340E+00  3.393283453E+00
  1.057782582E+00 -2.366915271E+00  3.058505488E+00  3.423347135E+00
  1.112293291E+00 -2.339527027E+00  3.035255592E+00  3.455295582E+00
  1.166350433E+00 -2.310631301E+00  3.011333189E+00  3.489163375E+00
  1.219922302E+00 -2.280219251E+00  2.986803496E+00  3.524986806E+00
  1.272975896E+00 -2.248281953E+00  2.961731084E+00  3.562803837E+00
  1.325476839E+00 -2.214810458E+00  2.936179579E+00  3.602654061E+00
  1.377389317E+00 -2.179795864E+00  2.910211390E+00  3.644578644E+00
  1.428676008E+00 -2.143229388E+00  2.883887462E+00  3.688620260E+00
  1.479298010E+00 -2.105102445E+00  2.857267067E+00  3.734823023E+00
  1.529214772E+00 -2.065406736E+00  2.830407610E+00  3.783232394E+00
  1.578384033E+00 -2.024134338E+00  2.803364477E+00  3.833895087E+00
  1.626761746E+00 -1.981277808E+00  2.776190904E+00  3.886858952E+00
  1.674302020E+00 -1.936830289E+00  2.748937865E+00  3.942172844E+00
  1.720957055E+00 -1.890785623E+00  2.721654002E+00  3.999886473E+00
  1.766677083E+00 -1.843138481E+00  2.694385559E+00  4.060050239E+00
  1.811410311E+00 -1.793884491E+00  2.667176352E+00  4.122715036E+00
  1.855102867E+00 -1.743020385E+00  2.640067750E+00  4.187932042E+00
  1.897698757E+00 -1.690544146E+00  2.613098681E+00  4.255752476E+00
  1.939139818E+00 -1.636455172E+00  2.586305645E+00  4.326227331E+00
  1.979365684E+00 -1.580754447E+00  2.559722752E+00  4.399407078E+00
  2.018313759E+00 -1.523444724E+00  2.533381762E+00  4.475341331E+00
  2.055919197E+00 -1.464530716E+00  2.507312146E+00  4.554078488E+00
  2.092114892E+00 -1.404019300E+00  2.481541146E+00  4.635665326E+00
  2.126831477E+00 -1.341919732E+00  2.456093852E+00  4.720146561E+00
  2.159997341E+00 -1.278243870E+00  2.430993279E+00  4.807564370E+00
  2.191538657E+00 -1.213006407E+00  2.406260453E+00  4.897957864E+00
  2.221379418E+00 -1.146225122E+00  2.381914496E+00  4.991362518E+00
  2.249441507E+00 -1.077921130E+00  2.357972717E+00  5.087809559E+00
  2.275644765E+00 -1.008119148E+00  2.334450706E+00  5.187325303E+00
  2.299907098E+00 -9.368477684E-01  2.311362427E+00  5.289930438E+00
  2.322144595E+00 -8.641397370E-01  2.288720307E+00  5.395639271E+00
  2.342271671E+00 -7.900322416E-01  2.266535332E+00  5.504458913E+00
  2.360201245E+00 -7.145672019E-01  2.244817136E+00  5.616388425E+00
  2.375844932E+00 -6.377915643E-01  2.223574091E+00  5.731417910E+00
  2.389113279E+00 -5.597575971E-01  2.202813394E+00  5.849527568E+00
  2.399916022E+00 -4.805231852E-01  2.182541150E+00  5.970686706E+00
  2.408162382E+00 -4.001521197E-01  2.162762456E+00  6.094852712E+00
  2.413761396E+00 -3.187143828E-01  2.143481478E+00  6.221970002E+00
  2.416622283E+00 -2.362864204E-01  2.124701527E+00  6.351968938E+00
  2.416654846E+00 -1.529514025E-01  2.106425131E+00  6.484764743E+00
  2.413769920E+00 -6.879946524E-02  2.088654104E+00  6.620256396E+00
  2.407879848E+00  1.607206910E-02  2.071389613E+00  6.758325554E+00
  2.398899007E+00  1.015584990E-01  2.054632238E+00  6.898835483E+00
  2.386744368E+00  1.875475822E-01  2.038382032E+00  7.041630031E+00
  2.371336094E+00  2.739194118E-01  2.022638577E+00  7.186532660E+00
  2.352598178E+00  3.605463345E-01  2.007401036E+00  7.333345550E+00
  2.330459112E+00  4.472929178E-01  1.992668200E+00  7.481848802E+00
  2.304852591E+00  5.340159704E-01  1.978438540E+00  7.631799757E+00
  2.275718243E+00  6.205646235E-01  1.964710244E+00  7.782932461E+00
  2.243002382E+00  7.067804773E-01  1.951481260E+00  7.934957295E+00
  2.206658786E+00  7.924978182E-01  1.938749337E+00  8.087560802E+00
  2.166649472E+00  8.775439128E-01  1.926512052E+00  8.240405731E+00
  2.122945493E+00  9.617393825E-01  1.914766852E+00  8.393131323E+00
  2.075527718E+00  1.044898663E+00  1.903511078E+00  8.545353870E+00
  2.024387607E+00  1.126830550E+00  1.892741996E+00  8.696667565E+00
  1.969527957E+00  1.207338843E+00  1.882456821E+00  8.846645655E+00
  1.910963616E+00  1.286223065E+00  1.872652745E+00  8.994841933E+00
  1.848722159E+00  1.363279291E+00  1.863326953E+00  9.140792559E+00
  1.782844497E+00  1.438301055E+00  1.854476649E+00  9.284018233E+00
  1.713385424E+00  1.511080347E+00  1.846099074E+00  9.424026718E+00
  1.640414079E+00  1.581408691E+00  1.838191521E+00  9.560315696E+00
  1.564014322E+00  1.649078298E+00  1.830751350E+00  9.692375969E+00
  1.484284998E+00  1.713883286E+00  1.823776007E+00  9.819694955E+00
  1.401340091E+00  1.775620957E+00  1.817263035E+00  9.941760474E+00
  1.315308755E+00  1.834093119E+00  1.811210082E+00  1.005806478E+01
  1.226335205E+00  1.889107436E+00  1.805614919E+00  1.016810877E+01
  1.134578480E+00  1.940478796E+00  1.800475445E+00  1.027140640E+01
  1.040212051E+00  1.988030681E+00  1.795789695E+00  1.036748909E+01
  9.434232873E-01  2.031596518E+00  1.791555854E+00  1.045591026E+01
  8.444127757E-01  2.071020989E+00  1.787772258E+00  1.053624973E+01
  7.433934926E-01  2.106161299E+00  1.784437400E+00  1.060811809E+01
  6.405898372E-01  2.136888359E+00  1.781549942E+00  1.067116072E+01
  5.362365305E-01  2.163087889E+00  1.779108713E+00  1.072506175E+01
  4.305773913E-01  2.184661406E+00  1.777112714E+00  1.076954749E+01
  3.238640016E-01  2.201527094E+00  1.775561127E+00  1.080438957E+01
  2.163542752E-01  2.213620537E+00  1.774453310E+00  1.082940751E+01
  1.083109468E-01  2.220895297E+00  1.773788804E+00  1.084447089E+01
  4.033812710E-16  2.223323341E+00  1.773567333E+00  1.084950081E+01
 -3.942198344E-16  2.168284818E+00  1.751648627E+00  1.036227799E+01
 -1.058515885E-01  2.165924376E+00  1.751864658E+00  1.035758301E+01
 -2.114449710E-01  2.158852013E+00  1.752512836E+00  1.034352229E+01
 -3.165234905E-01  2.147094538E+00  1.753593418E+00  1.032016812E+01
 -4.208335694E-01  2.130696365E+00  1.755106833E+00  1.028764010E+01
 -5.241261997E-01  2.109719115E+00  1.757053678E+00  1.024610371E+01
 -6.261583775E-01  2.084241071E+00  1.759434716E+00  1.019576843E+01
 -7.266944621E-01  2.054356485E+00  1.762250875E+00  1.013688539E+01
 -8.255074459E-01  2.020174770E+00  1.765503246E+00  1.006974458E+01
 -9.223801208E-01  1.981819557E+00  1.769193073E+00  9.994671664E+00
 -1.017106129E+00  1.939427669E+00  1.773321756E+00  9.912024527E+00
 -1.109490891E+00  1.893147994E+00  1.777890838E+00  9.822189545E+00
 -1.199352398E+00  1.843140297E+00  1.782902006E+00  9.725577674E+00
 -1.286521873E+00  1.789573982E+00  1.788357078E+00  9.622620435E+00
 -1.370844293E+00  1.732626809E+00  1.794257999E+00  9.513765839E+00
 -1.452178768E+00  1.672483602E+00  1.800606829E+00  9.399474331E+00
 -1.530398791E+00  1.609334950E+00  1.807405738E+00  9.280214805E+00
 -1.605392354E+00  1.543375927E+00  1.814656990E+00  9.156460741E+00
 -1.677061932E+00  1.474804830E+00  1.822362933E+00  9.028686526E+00
 -1.745324364E+00  1.403821965E+00  1.830525988E+00  8.897363977E+00
 -1.810110606E+00  1.330628485E+00  1.839148632E+00  8.762959118E+00
 -1.871365402E+00  1.255425279E+00  1.848233384E+00  8.625929237E+00
 -1.929046855E+00  1.178411946E+00  1.857782785E+00  8.486720225E+00
 -1.983125922E+00  1.099785827E+00  1.867799387E+00  8.345764237E+00
 -2.033585850E+00  1.019741137E+00  1.878285723E+00  8.203477651E+00
 -2.080421544E+00  9.384681597E-01  1.889244291E+00  8.060259349E+00
 -2.123638901E+00  8.561525474E-01  1.900677532E+00  7.916489304E+00
 -2.163254106E+00  7.729746920E-01  1.912587798E+00  7.772527459E+00
 -2.199292906E+00  6.891091892E-01  1.924977333E+00  7.628712898E+00
 -2.231789865E+00  6.047243834E-01  1.937848234E+00  7.485363271E+00
 -2.260787620E+00  5.199819933E-01  1.951202427E+00  7.342774480E+00
 -2.286336138E+00  4.350368145E-01  1.965041629E+00  7.201220579E+00
 -2.308491974E+00  3.500364952E-01  1.979367313E+00  7.060953882E+00
 -2.327317559E+00  2.651213790E-01  1.994180666E+00  6.922205252E+00
 -2.342880495E+00  1.804244122E-01  2.009482551E+00  6.785184545E+00
 -2.355252884E+00  9.607110744E-02  2.025273458E+00  6.650081190E+00
 -2.364510682E+00  1.217956074E-02  2.041553463E+00  6.517064885E+00
 -2.370733088E+00 -7.113948466E-02  2.058322170E+00  6.386286383E+00
 -2.374001961E+00 -1.537825329E-01  2.075578662E+00  6.257878350E+00
 -2.374401281E+00 -2.356531935E-01  2.093321444E+00  6.131956286E+00
 -2.372016640E+00 -3.166620075E-01  2.111548384E+00  6.008619478E+00
 -2.366934774E+00 -3.967262477E-01  2.130256647E+00  5.887951982E+00
 -2.359243128E+00 -4.757696954E-01  2.149442633E+00  5.770023616E+00
 -2.349029460E+00 -5.537223999E-01  2.169101907E+00  5.654890954E+00
 -2.336381484E+00 -6.305204239E-01  2.189229127E+00  5.542598311E+00
 -2.321386542E+00 -7.061055769E-01  2.209817969E+00  5.433178709E+00
 -2.304131312E+00 -7.804251431E-01  2.230861049E+00  5.326654820E+00
 -2.284701549E+00 -8.534316024E-01  2.252349846E+00  5.223039879E+00
 -2.263181856E+00 -9.250823516E-01  2.274274617E+00  5.122338556E+00
 -2.239655482E+00 -9.953394240E-01  2.296624316E+00  5.024547802E+00
 -2.214204150E+00 -1.064169212E+00  2.319386506E+00  4.929657640E+00
 -2.186907910E+00 -1.131542194E+00  2.342547274E+00  4.837651922E+00
 -2.157845011E+00 -1.197432664E+00  2.366091146E+00  4.748509042E+00
 -2.127091801E+00 -1.261818474E+00  2.390000999E+00  4.662202598E+00
 -2.094722645E+00 -1.324680776E+00  2.414257976E+00  4.578702020E+00
 -2.060809857E+00 -1.386003776E+00  2.438841401E+00  4.497973148E+00
 -2.025423655E+00 -1.445774499E+00  2.463728704E+00  4.419978767E+00
 -1.988632128E+00 -1.503982562E+00  2.488895337E+00  4.344679106E+00
 -1.950501217E+00 -1.560619954E+00  2.514314707E+00  4.272032296E+00
 -1.911094710E+00 -1.615680827E+00  2.539958111E+00  4.201994785E+00
 -1.870474243E+00 -1.669161303E+00  2.565794672E+00  4.134521725E+00
 -1.828699316E+00 -1.721059282E+00  2.591791299E+00  4.069567320E+00
 -1.785827318E+00 -1.771374264E+00  2.617912641E+00  4.007085142E+00
 -1.741913554E+00 -1.820107184E+00  2.644121065E+00  3.947028420E+00
 -1.697011286E+00 -1.867260251E+00  2.670376641E+00  3.889350298E+00
 -1.651171770E+00 -1.912836802E+00  2.696637145E+00  3.834004069E+00
 -1.604444311E+00 -1.956841156E+00  2.722858081E+00  3.780943383E+00
 -1.556876309E+00 -1.999278491E+00  2.748992718E+00  3.730122431E+00
 -1.508513316E+00 -2.040154715E+00  2.774992145E+00  3.681496117E+00
 -1.459399098E+00 -2.079476353E+00  2.800805360E+00  3.635020199E+00
 -1.409575690E+00 -2.117250443E+00  2.826379365E+00  3.590651422E+00
 -1.359083462E+00 -2.153484432E+00  2.851659299E+00  3.548347630E+00
 -1.307961184E+00 -2.188186088E+00  2.876588589E+00  3.508067868E+00
 -1.256246089E+00 -2.221363411E+00  2.901109131E+00  3.469772468E+00
 -1.203973941E+00 -2.253024555E+00  2.925161494E+00  3.433423123E+00
 -1.151179098E+00 -2.283177756E+00  2.948685155E+00  3.398982955E+00
 -1.097894585E+00 -2.311831261E+00  2.971618754E+00  3.366416566E+00
 -1.044152154E+00 -2.338993268E+00  2.993900382E+00  3.335690088E+00
 -9.899823572E-01 -2.364671868E+00  3.015467885E+00  3.306771224E+00
 -9.354146082E-01 -2.388874993E+00  3.036259198E+00  3.279629279E+00
 -8.804772514E-01 -2.411610365E+00  3.056212696E+00  3.254235187E+00
 -8.251976266E-01 -2.432885454E+00  3.075267557E+00  3.230561536E+00
 -7.696021341E-01 -2.452707438E+00  3.093364151E+00  3.208582585E+00
 -7.137162994E-01 -2.471083166E+00  3.110444432E+00  3.188274278E+00
 -6.575648372E-01 -2.488019124E+00  3.126452332E+00  3.169614256E+00
 -6.011717144E-01 -2.503521405E+00  3.141334169E+00  3.152581867E+00
 -5.445602130E-01 -2.517595682E+00  3.155039041E+00  3.137158169E+00
 -4.877529920E-01 -2.530247185E+00  3.167519215E+00  3.123325939E+00
 -4.307721488E-01 -2.541480680E+00  3.178730509E+00  3.111069670E+00
 -3.736392799E-01 -2.551300448E+00  3.188632643E+00  3.100375582E+00
 -3.163755415E-01 -2.559710269E+00  3.197189575E+00  3.091231613E+00
 -2.590017089E-01 -2.566713409E+00  3.204369808E+00  3.083627428E+00
 -2.015382362E-01 -2.572312609E+00  3.210146657E+00  3.077554414E+00
 -1.440053148E-01 -2.576510070E+00  3.214498484E+00  3.073005682E+00
 -8.642293253E-02 -2.579307453E+00  3.217408891E+00  3.069976063E+00
 -2.881093188E-02 -2.580705867E+00  3.218866860E+00  3.068462115E+00
  2.881093188E-02 -2.580705867E+00  3.218866860E+00  3.068462115E+00
  8.642293253E-02 -2.579307453E+00  3.217408891E+00  3.069976063E+00
  1.440053148E-01 -2.576510070E+00  3.214498484E+00  3.073005682E+00
  2.015382362E-01 -2.572312609E+00  3.210146657E+00  3.077554414E+00
  2.590017089E-01 -2.566713409E+00  3.204369808E+00  3.083627428E+00
  3.163755415E-01 -2.559710269E+00  3.197189575E+00  3.091231613E+00
  3.736392799E-01 -2.551300448E+00  3.188632643E+00  3.100375582E+00
  4.307721488E-01 -2.541480680E+00  3.178730509E+00  3.111069670E+00
  4.877529920E-01 -2.530247185E+00  3.167519215E+00  3.123325939E+00
  5.445602130E-01 -2.517595682E+00  3.155039041E+00  3.137158169E+00
  6.011717144E-01 -2.503521405E+00  3.141334169E+00  3.152581867E+00
  6.575648372E-01 -2.488019124E+00  3.126452332E+00  3.169614256E+00
  7.137162994E-01 -2.471083166E+00  3.110444432E+00  3.188274278E+00
  7.696021341E-01 -2.452707438E+00  3.093364151E+00  3.208582585E+00
  8.251976266E-01 -2.432885454E+00  3.075267557E+00  3.230561536E+00
  8.804772514E-01 -2.411610365E+00  3.056212696E+00  3.254235187E+00
  9.354146082E-01 -2.388874993E+00  3.036259198E+00  3.279629279E+00
  9.899823572E-01 -2.364671868E+00  3.015467885E+00  3.306771224E+00
  1.044152154E+00 -2.338993268E+00  2.993900382E+00  3.335690088E+00
  1.097894585E+00 -2.311831261E+00  2.971618754E+00  3.366416566E+00
  1.151179098E+00 -2.283177756E+00  2.948685155E+00  3.398982955E+00
  1.203973941E+00 -2.253024555E+00  2.925161494E+00  3.433423123E+00
  1.256246089E+00 -2.221363411E+00  2.901109131E+00  3.469772468E+00
  1.307961184E+00 -2.188186088E+00  2.876588589E+00  3.508067868E+00
  1.359083462E+00 -2.153484432E+00  2.851659299E+00  3.548347630E+00
  1.409575690E+00 -2.117250443E+00  2.826379365E+00  3.590651422E+00
  1.459399098E+00 -2.079476353E+00  2.800805360E+00  3.635020199E+00
  1.508513316E+00 -2.040154715E+00  2.774992145E+00  3.681496117E+00
  1.556876309E+00 -1.999278491E+00  2.748992718E+00  3.730122431E+00
  1.604444311E+00 -1.956841156E+00  2.722858081E+00  3.780943383E+00
  1.651171770E+00 -1.912836802E+00  2.696637145E+00  3.834004069E+00
  1.697011286E+00 -1.867260251E+00  2.670376641E+00  3.889350298E+00
  1.741913554E+00 -1.820107184E+00  2.644121065E+00  3.947028420E+00
  1.785827318E+00 -1.771374264E+00  2.617912641E+00  4.007085142E+00
  1.828699316E+00 -1.721059282E+00  2.591791299E+00  4.069567320E+00
  1.870474243E+00 -1.669161303E+00  2.565794672E+00  4.134521725E+00
  1.911094710E+00 -1.615680827E+00  2.539958111E+00  4.201994785E+00
  1.950501217E+00 -1.560619954E+00  2.514314707E+00  4.272032296E+00
  1.988632128E+00 -1.503982562E+00  2.488895337E+00  4.344679106E+00
  2.025423655E+00 -1.445774499E+00  2.463728704E+00  4.419978767E+00
  2.060809857E+00 -1.386003776E+00  2.438841401E+00  4.497973148E+00
  2.094722645E+00 -1.324680776E+00  2.414257976E+00  4.578702020E+00
  2.127091801E+00 -1.261818474E+00  2.390000999E+00  4.662202598E+00
  2.157845011E+00 -1.197432664E+00  2.366091146E+00  4.748509042E+00
  2.186907910E+00 -1.131542194E+00  2.342547274E+00  4.837651922E+00
  2.214204150E+00 -1.064169212E+00  2.319386506E+00  4.929657640E+00
  2.239655482E+00 -9.953394240E-01  2.296624316E+00  5.024547802E+00
  2.263181856E+00 -9.250823516E-01  2.274274617E+00  5.122338556E+00
  2.284701549E+00 -8.534316024E-01  2.252349846E+00  5.223039879E+00
  2.304131312E+00 -7.804251431E-01  2.230861049E+00  5.326654820E+00
  2.321386542E+00 -7.061055769E-01  2.209817969E+00  5.433178709E+00
  2.336381484E+00 -6.305204239E-01  2.189229127E+00  5.542598311E+00
  2.349029460E+00 -5.537223999E-01  2.169101907E+00  5.654890954E+00
  2.359243128E+00 -4.757696954E-01  2.149442633E+00  5.770023616E+00
  2.366934774E+00 -3.967262477E-01  2.130256647E+00  5.887951982E+00
  2.372016640E+00 -3.166620075E-01  2.111548384E+00  6.008619478E+00
  2.374401281E+00 -2.356531935E-01  2.093321444E+00  6.131956286E+00
  2.374001961E+00 -1.537825329E-01  2.075578662E+00  6.257878350E+00
  2.370733088E+00 -7.113948466E-02  2.058322170E+00  6.386286383E+00
  2.364510682E+00  1.217956074E-02  2.041553463E+00  6.517064885E+00
  2.355252884E+00  9.607110744E-02  2.025273458E+00  6.650081190E+00
  2.342880495E+00  1.804244122E-01  2.009482551E+00  6.785184545E+00
  2.327317559E+00  2.651213790E-01  1.994180666E+00  6.922205252E+00
  2.308491974E+00  3.500364952E-01  1.979367313E+00  7.060953882E+00
  2.286336138E+00  4.350368145E-01  1.965041629E+00  7.201220579E+00
  2.260787620E+00  5.199819933E-01  1.951202427E+00  7.342774480E+00
  2.231789865E+00  6.047243834E-01  1.937848234E+00  7.485363271E+00
  2.199292906E+00  6.891091892E-01  1.924977333E+00  7.628712898E+00
  2.163254106E+00  7.729746920E-01  1.912587798E+00  7.772527459E+00
  2.123638901E+00  8.561525474E-01  1.900677532E+00  7.916489304E+00
  2.080421544E+00  9.384681597E-01  1.889244291E+00  8.060259349E+00
  2.033585850E+00  1.019741137E+00  1.878285723E+00  8.203477651E+00
  1.983125922E+00  1.099785827E+00  1.867799387E+00  8.345764237E+00
  1.929046855E+00  1.178411946E+00  1.857782785E+00  8.486720225E+00
  1.871365402E+00  1.255425279E+00  1.848233384E+00  8.625929237E+00
  1.810110606E+00  1.330628485E+00  1.839148632E+00  8.762959118E+00
  1.745324364E+00  1.403821965E+00  1.830525988E+00  8.897363977E+00
  1.677061932E+00  1.474804830E+00  1.822362933E+00  9.028686526E+00
  1.605392354E+00  1.543375927E+00  1.814656990E+00  9.156460741E+00
  1.530398791E+00  1.609334950E+00  1.807405738E+00  9.280214805E+00
  1.452178768E+00  1.672483602E+00  1.800606829E+00  9.399474331E+00
  1.370844293E+00  1.732626809E+00  1.794257999E+00  9.513765839E+00
  1.286521873E+00  1.789573982E+00  1.788357078E+00  9.622620435E+00
  1.199352398E+00  1.843140297E+00  1.782902006E+00  9.725577674E+00
  1.109490891E+00  1.893147994E+00  1.777890838E+00  9.822189545E+00
  1.017106129E+00  1.939427669E+00  1.773321756E+00  9.912024527E+00
  9.223801208E-01  1.981819557E+00  1.769193073E+00  9.994671664E+00
  8.255074459E-01  2.020174770E+00  1.765503246E+00  1.006974458E+01
  7.266944621E-01  2.054356485E+00  1.762250875E+00  1.013688539E+01
  6.261583775E-01  2.084241071E+00  1.759434716E+00  1.019576843E+01
  5.241261997E-01  2.109719115E+00  1.757053678E+00  1.024610371E+01
  4.208335694E-01  2.130696365E+00  1.755106833E+00  1.028764010E+01
  3.165234905E-01  2.147094538E+00  1.753593418E+00  1.032016812E+01
  2.114449710E-01  2.158852013E+00  1.752512836E+00  1.034352229E+01
  1.058515885E-01  2.165924376E+00  1.751864658E+00  1.035758301E+01
  3.942198344E-16  2.168284818E+00  1.751648627E+00  1.036227799E+01
 -3.852367453E-16  2.114033942E+00  1.729700958E+00  9.895408029E+00
 -1.034400820E-01  2.111739287E+00  1.729911609E+00  9.891026716E+00
 -2.066310367E-01  2.104863893E+00  1.730543641E+00  9.877904953E+00
 -3.093252049E-01  2.093433399E+00  1.731597293E+00  9.856109010E+00
 -4.112778458E-01  2.077490286E+00  1.733072963E+00  9.825748500E+00
 -5.122485506E-01  2.057093500E+00  1.734971206E+00  9.786975135E+00
 -6.120026032E-01  2.032317945E+00  1.737292731E+00  9.739981029E+00
 -7.103122718E-01  2.003253827E+00  1.740038401E+00  9.684996565E+00
 -8.069580168E-01  1.970005895E+00  1.743209224E+00  9.622287882E+00
 -9.017296017E-01  1.932692558E+00  1.746806358E+00  9.552154018E+00
 -9.944270973E-01  1.891444909E+00  1.750831097E+00  9.474923780E+00
 -1.084861768E+00  1.846405673E+00  1.755284871E+00  9.390952369E+00
 -1.172856839E+00  1.797728082E+00  1.760169240E+00  9.300617853E+00
 -1.258248127E+00  1.745574703E+00  1.765485882E+00  9.204317519E+00
 -1.340884556E+00  1.690116229E+00  1.771236593E+00  9.102464182E+00
 -1.420628526E+00  1.631530254E+00  1.777423269E+00  8.995482495E+00
 -1.497356169E+00  1.570000044E+00  1.784047905E+00  8.883805322E+00
 -1.570957470E+00  1.505713316E+00  1.791112580E+00  8.767870213E+00
 -1.641336274E+00  1.438861044E+00  1.798619444E+00  8.648116038E+00
 -1.708410185E+00  1.369636301E+00  1.806570709E+00  8.524979799E+00
 -1.772110349E+00  1.298233144E+00  1.814968630E+00  8.398893670E+00
 -1.832381156E+00  1.224845560E+00  1.823815496E+00  8.270282276E+00
 -1.889179848E+00  1.149666475E+00  1.833113607E+00  8.139560233E+00
 -1.942476057E+00  1.072886827E+00  1.842865259E+00  8.007129970E+00
 -1.992251274E+00  9.946947264E-01  1.853072724E+00  7.873379821E+00
 -2.038498266E+00  9.152746794E-01  1.863738229E+00  7.738682406E+00
 -2.081220453E+00  8.348069038E-01  1.874863932E+00  7.603393290E+00
 -2.120431243E+00  7.534667187E-01  1.886451896E+00  7.467849905E+00
 -2.156153351E+00  6.714240173E-01  1.898504066E+00  7.332370736E+00
 -2.188418098E+00  5.888428171E-01  1.911022236E+00  7.197254752E+00
 -2.217264701E+00  5.058808867E-01  1.924008020E+00  7.062781052E+00
 -2.242739572E+00  4.226894465E-01  1.937462820E+00  6.929208735E+00
 -2.264895611E+00  3.394129376E-01  1.951387787E+00  6.796776944E+00
 -2.283791527E+00  2.561888569E-01  1.965783786E+00  6.665705087E+00
 -2.299491164E+00  1.731476517E-01  1.980651355E+00  6.536193199E+00
 -2.312062855E+00  9.041267109E-02  1.995990661E+00  6.408422437E+00
 -2.321578809E+00  8.100167541E-03  2.011801457E+00  6.282555680E+00
 -2.328114514E+00 -7.368065606E-02  2.028083028E+00  6.158738216E+00
 -2.331748179E+00 -1.548275581E-01  2.044834146E+00  6.037098508E+00
 -2.332560212E+00 -2.352451343E-01  2.062053011E+00  5.917749006E+00
 -2.330632726E+00 -3.148446628E-01  2.079737197E+00  5.800787004E+00
 -2.326049079E+00 -3.935439223E-01  2.097883591E+00  5.686295530E+00
 -2.318893459E+00 -4.712669879E-01  2.116488331E+00  5.574344237E+00
 -2.309250489E+00 -5.479440089E-01  2.135546740E+00  5.464990312E+00
 -2.297204878E+00 -6.235109717E-01  2.155053255E+00  5.358279370E+00
 -2.282841098E+00 -6.979094508E-01  2.175001364E+00  5.254246341E+00
 -2.266243097E+00 -7.710863530E-01  2.195383525E+00  5.152916334E+00
 -2.247494040E+00 -8.429936550E-01  2.216191094E+00  5.054305478E+00
 -2.226676082E+00 -9.135881387E-01  2.237414248E+00  4.958421730E+00
 -2.203870164E+00 -9.828311257E-01  2.259041906E+00  4.865265650E+00
 -2.179155843E+00 -1.050688213E+00  2.281061650E+00  4.774831146E+00
 -2.152611136E+00 -1.117129013E+00  2.303459643E+00  4.687106173E+00
 -2.124312398E+00 -1.182126894E+00  2.326220549E+00  4.602073398E+00
 -2.094334212E+00 -1.245658732E+00  2.349327455E+00  4.519710823E+00
 -2.062749304E+00 -1.307704665E+00  2.372761788E+00  4.439992371E+00
 -2.029628475E+00 -1.368247856E+00  2.396503243E+00  4.362888431E+00
 -1.995040547E+00 -1.427274263E+00  2.420529705E+00  4.288366362E+00
 -1.959052325E+00 -1.484772424E+00  2.444817182E+00  4.216390968E+00
 -1.921728579E+00 -1.540733237E+00  2.469339740E+00  4.146924928E+00
 -1.883132023E+00 -1.595149767E+00  2.494069440E+00  4.079929191E+00
 -1.843323323E+00 -1.648017048E+00  2.518976295E+00  4.015363349E+00
 -1.802361103E+00 -1.699331902E+00  2.544028218E+00  3.953185964E+00
 -1.760301960E+00 -1.749092765E+00  2.569190999E+00  3.893354878E+00
 -1.717200495E+00 -1.797299522E+00  2.594428275E+00  3.835827482E+00
 -1.673109341E+00 -1.843953353E+00  2.619701529E+00  3.780560974E+00
 -1.628079204E+00 -1.889056588E+00  2.644970096E+00  3.727512578E+00
 -1.582158905E+00 -1.932612563E+00  2.670191183E+00  3.676639750E+00
 -1.535395424E+00 -1.974625501E+00  2.695319913E+00  3.627900359E+00
 -1.487833960E+00 -2.015100383E+00  2.720309384E+00  3.581252849E+00
 -1.439517976E+00 -2.054042836E+00  2.745110749E+00  3.536656385E+00
 -1.390489262E+00 -2.091459032E+00  2.769673317E+00  3.494070979E+00
 -1.340787992E+00 -2.127355584E+00  2.793944682E+00  3.453457604E+00
 -1.290452783E+00 -2.161739459E+00  2.817870864E+00  3.414778294E+00
 -1.239520760E+00 -2.194617887E+00  2.841396489E+00  3.377996231E+00
 -1.188027617E+00 -2.225998290E+00  2.864464980E+00  3.343075821E+00
 -1.136007681E+00 -2.255888200E+00  2.887018783E+00  3.309982758E+00
 -1.083493977E+00 -2.284295198E+00  2.908999609E+00  3.278684085E+00
 -1.030518291E+00 -2.311226851E+00  2.930348703E+00  3.249148239E+00
 -9.771112336E-01 -2.336690649E+00  2.951007136E+00  3.221345096E+00
 -9.233023066E-01 -2.360693958E+00  2.970916117E+00  3.195246002E+00
 -8.691199651E-01 -2.383243971E+00  2.990017319E+00  3.170823806E+00
 -8.145916819E-01 -2.404347658E+00  3.008253227E+00  3.148052885E+00
 -7.597440101E-01 -2.424011733E+00  3.025567495E+00  3.126909161E+00
 -7.046026465E-01 -2.442242612E+00  3.041905313E+00  3.107370121E+00
 -6.491924930E-01 -2.459046380E+00  3.057213777E+00  3.089414829E+00
 -5.935377191E-01 -2.474428764E+00  3.071442265E+00  3.073023936E+00
 -5.376618223E-01 -2.488395102E+00  3.084542806E+00  3.058179691E+00
 -4.815876892E-01 -2.500950319E+00  3.096470443E+00  3.044865944E+00
 -4.253376552E-01 -2.512098908E+00  3.107183579E+00  3.033068152E+00
 -3.689335641E-01 -2.521844909E+00  3.116644312E+00  3.022773384E+00
 -3.123968271E-01 -2.530191891E+00  3.124818738E+00  3.013970322E+00
 -2.557484818E-01 -2.537142940E+00  3.131677241E+00  3.006649264E+00
 -1.990092497E-01 -2.542700646E+00  3.137194736E+00  3.000802122E+00
 -1.421995947E-01 -2.546867091E+00  3.141350889E+00  2.996422427E+00
 -8.533978055E-02 -2.549643847E+00  3.144130289E+00  2.993505326E+00
 -2.844992795E-02 -2.551031962E+00  3.145522588E+00  2.992047584E+00
  2.844992795E-02 -2.551031962E+00  3.145522588E+00  2.992047584E+00
  8.533978055E-02 -2.549643847E+00  3.144130289E+00  2.993505326E+00
  1.421995947E-01 -2.546867091E+00  3.141350889E+00  2.996422427E+00
  1.990092497E-01 -2.542700646E+00  3.137194736E+00  3.000802122E+00
  2.557484818E-01 -2.537142940E+00  3.131677241E+00  3.006649264E+00
  3.123968271E-01 -2.530191891E+00  3.124818738E+00  3.013970322E+00
  3.689335641E-01 -2.521844909E+00  3.116644312E+00  3.022773384E+00
  4.253376552E-01 -2.512098908E+00  3.107183579E+00  3.033068152E+00
  4.815876892E-01 -2.500950319E+00  3.096470443E+00  3.044865944E+00
  5.376618223E-01 -2.488395102E+00  3.084542806E+00  3.058179691E+00
  5.935377191E-01 -2.474428764E+00  3.071442265E+00  3.073023936E+00
  6.491924930E-01 -2.459046380E+00  3.057213777E+00  3.089414829E+00
  7.046026465E-01 -2.442242612E+00  3.041905313E+00  3.107370121E+00
  7.597440101E-01 -2.424011733E+00  3.025567495E+00  3.126909161E+00
  8.145916819E-01 -2.404347658E+00  3.008253227E+00  3.148052885E+00
  8.691199651E-01 -2.383243971E+00  2.990017319E+00  3.170823806E+00
  9.233023066E-01 -2.360693958E+00  2.970916117E+00  3.195246002E+00
  9.771112336E-01 -2.336690649E+00  2.951007136E+00  3.221345096E+00
  1.030518291E+00 -2.311226851E+00  2.930348703E+00  3.249148239E+00
  1.083493977E+00 -2.284295198E+00  2.908999609E+00  3.278684085E+00
  1.136007681E+00 -2.255888200E+00  2.887018783E+00  3.309982758E+00
  1.188027617E+00 -2.225998290E+00  2.864464980E+00  3.343075821E+00
  1.239520760E+00 -2.194617887E+00  2.841396489E+00  3.377996231E+00
  1.290452783E+00 -2.161739459E+00  2.817870864E+00  3.414778294E+00
  1.340787992E+00 -2.127355584E+00  2.793944682E+00  3.453457604E+00
  1.390489262E+00 -2.091459032E+00  2.769673317E+00  3.494070979E+00
  1.439517976E+00 -2.054042836E+00  2.745110749E+00  3.536656385E+00
  1.487833960E+00 -2.015100383E+00  2.720309384E+00  3.581252849E+00
  1.535395424E+00 -1.974625501E+00  2.695319913E+00  3.627900359E+00
  1.582158905E+00 -1.932612563E+00  2.670191183E+00  3.676639750E+00
  1.628079204E+00 -1.889056588E+00  2.644970096E+00  3.727512578E+00
  1.673109341E+00 -1.843953353E+00  2.619701529E+00  3.780560974E+00
  1.717200495E+00 -1.797299522E+00  2.594428275E+00  3.835827482E+00
  1.760301960E+00 -1.749092765E+00  2.569190999E+00  3.893354878E+00
  1.802361103E+00 -1.699331902E+00  2.544028218E+00  3.953185964E+00
  1.843323323E+00 -1.648017048E+00  2.518976295E+00  4.015363349E+00
  1.883132023E+00 -1.595149767E+00  2.494069440E+00  4.079929191E+00
  1.921728579E+00 -1.540733237E+00  2.469339740E+00  4.146924928E+00
  1.959052325E+00 -1.484772424E+00  2.444817182E+00  4.216390968E+00
  1.995040547E+00 -1.427274263E+00  2.420529705E+00  4.288366362E+00
  2.029628475E+00 -1.368247856E+00  2.396503243E+00  4.362888431E+00
  2.062749304E+00 -1.307704665E+00  2.372761788E+00  4.439992371E+00
  2.094334212E+00 -1.245658732E+00  2.349327455E+00  4.519710823E+00
  2.124312398E+00 -1.182126894E+00  2.326220549E+00  4.602073398E+00
  2.152611136E+00 -1.117129013E+00  2.303459643E+00  4.687106173E+00
  2.179155843E+00 -1.050688213E+00  2.281061650E+00  4.774831146E+00
  2.203870164E+00 -9.828311257E-01  2.259041906E+00  4.865265650E+00
  2.226676082E+00 -9.135881387E-01  2.237414248E+00  4.958421730E+00
  2.247494040E+00 -8.429936550E-01  2.216191094E+00  5.054305478E+00
  2.266243097E+00 -7.710863530E-01  2.195383525E+00  5.152916334E+00
  2.282841098E+00 -6.979094508E-01  2.175001364E+00  5.254246341E+00
  2.297204878E+00 -6.235109717E-01  2.155053255E+00  5.358279370E+00
  2.309250489E+00 -5.479440089E-01  2.135546740E+00  5.464990312E+00
  2.318893459E+00 -4.712669879E-01  2.116488331E+00  5.574344237E+00
  2.326049079E+00 -3.935439223E-01  2.097883591E+00  5.686295530E+00
  2.330632726E+00 -3.148446628E-01  2.079737197E+00  5.800787004E+00
  2.332560212E+00 -2.352451343E-01  2.062053011E+00  5.917749006E+00
  2.331748179E+00 -1.548275581E-01  2.044834146E+00  6.037098508E+00
  2.328114514E+00 -7.368065606E-02  2.028083028E+00  6.158738216E+00
  2.321578809E+00  8.100167541E-03  2.011801457E+00  6.282555680E+00
  2.312062855E+00  9.041267109E-02  1.995990661E+00  6.408422437E+00
  2.299491164E+00  1.731476517E-01  1.980651355E+00  6.536193199E+00
  2.283791527E+00  2.561888569E-01  1.965783786E+00  6.665705087E+00
  2.264895611E+00  3.394129376E-01  1.951387787E+00  6.796776944E+00
  2.242739572E+00  4.226894465E-01  1.937462820E+00  6.929208735E+00
  2.217264701E+00  5.058808867E-01  1.924008020E+00  7.062781052E+00
  2.188418098E+00  5.888428171E-01  1.911022236E+00  7.197254752E+00
  2.156153351E+00  6.714240173E-01  1.898504066E+00  7.332370736E+00
  2.120431243E+00  7.534667187E-01  1.886451896E+00  7.467849905E+00
  2.081220453E+00  8.348069038E-01  1.874863932E+00  7.603393290E+00
  2.038498266E+00  9.152746794E-01  1.863738229E+00  7.738682406E+00
  1.992251274E+00  9.946947264E-01  1.853072724E+00  7.873379821E+00
  1.942476057E+00  1.072886827E+00  1.842865259E+00  8.007129970E+00
  1.889179848E+00  1.149666475E+00  1.833113607E+00  8.139560233E+00
  1.832381156E+00  1.224845560E+00  1.823815496E+00  8.270282276E+00
  1.772110349E+00  1.298233144E+00  1.814968630E+00  8.398893670E+00
  1.708410185E+00  1.369636301E+00  1.806570709E+00  8.524979799E+00
  1.641336274E+00  1.438861044E+00  1.798619444E+00  8.648116038E+00
  1.570957470E+00  1.505713316E+00  1.791112580E+00  8.767870213E+00
  1.497356169E+00  1.570000044E+00  1.784047905E+00  8.883805322E+00
  1.420628526E+00  1.631530254E+00  1.777423269E+00  8.995482495E+00
  1.340884556E+00  1.690116229E+00  1.771236593E+00  9.102464182E+00
  1.258248127E+00  1.745574703E+00  1.765485882E+00  9.204317519E+00
  1.172856839E+00  1.797728082E+00  1.760169240E+00  9.300617853E+00
  1.084861768E+00  1.846405673E+00  1.755284871E+00  9.390952369E+00
  9.944270973E-01  1.891444909E+00  1.750831097E+00  9.474923780E+00
  9.017296017E-01  1.932692558E+00  1.746806358E+00  9.552154018E+00
  8.069580168E-01  1.970005895E+00  1.743209224E+00  9.622287882E+00
  7.103122718E-01  2.003253827E+00  1.740038401E+00  9.684996565E+00
  6.120026032E-01  2.032317945E+00  1.737292731E+00  9.739981029E+00
  5.122485506E-01  2.057093500E+00  1.734971206E+00  9.786975135E+00
  4.112778458E-01  2.077490286E+00  1.733072963E+00  9.825748500E+00
  3.093252049E-01  2.093433399E+00  1.731597293E+00  9.856109010E+00
  2.066310367E-01  2.104863893E+00  1.730543641E+00  9.877904953E+00
  1.034400820E-01  2.111739287E+00  1.729911609E+00  9.891026716E+00
  3.852367453E-16  2.114033942E+00  1.729700958E+00  9.895408029E+00
 -3.764328640E-16  2.060588379E+00  1.707739436E+00  9.448293167E+00
 -1.010766595E-01  2.058357715E+00  1.707944771E+00  9.444205391E+00
 -2.019129449E-01  2.051673922E+00  1.708560851E+00  9.431962383E+00
 -3.022698736E-01  2.040561520E+00  1.709587897E+00  9.411624867E+00
 -4.019112289E-01  2.025061141E+00  1.711026277E+00  9.383293298E+00
 -5.006049008E-01  2.005229178E+00  1.712876506E+00  9.347106742E+00
 -5.981241773E-01  1.981137301E+00  1.715139240E+00  9.303241346E+00
 -6.942489715E-01  1.952871848E+00  1.717815278E+00  9.251908423E+00
 -7.887669702E-01  1.920533105E+00  1.720905553E+00  9.193352179E+00
 -8.814746924E-01  1.884234478E+00  1.724411136E+00  9.127847145E+00
 -9.721784481E-01  1.844101577E+00  1.728333221E+00  9.055695344E+00
 -1.060695187E+00  1.800271217E+00  1.732673128E+00  8.977223248E+00
 -1.146853235E+00  1.752890361E+00  1.737432295E+00  8.892778582E+00
 -1.230492905E+00  1.702115013E+00  1.742612267E+00  8.802727027E+00
 -1.311466995E+00  1.648109075E+00  1.748214694E+00  8.707448861E+00
 -1.389641157E+00  1.591043188E+00  1.754241317E+00  8.607335618E+00
 -1.464894148E+00  1.531093565E+00  1.760693964E+00  8.502786778E+00
 -1.537117961E+00  1.468440833E+00  1.767574534E+00  8.394206558E+00
 -1.606217852E+00  1.403268898E+00  1.774884987E+00  8.282000829E+00
 -1.672112251E+00  1.335763841E+00  1.782627336E+00  8.166574203E+00
 -1.734732580E+00  1.266112856E+00  1.790803625E+00  8.048327304E+00
 -1.794022978E+00  1.194503240E+00  1.799415921E+00  7.927654265E+00
 -1.849939947E+00  1.121121443E+00  1.808466293E+00  7.804940452E+00
 -1.902451925E+00  1.046152178E+00  1.817956795E+00  7.680560437E+00
 -1.951538791E+00  9.697776097E-01  1.827889450E+00  7.554876216E+00
 -1.997191330E+00  8.921766064E-01  1.838266225E+00  7.428235692E+00
 -2.039410641E+00  8.135240734E-01  1.849089009E+00  7.300971398E+00
 -2.078207522E+00  7.339903589E-01  1.860359592E+00  7.173399468E+00
 -2.113601821E+00  6.537407372E-01  1.872079635E+00  7.045818847E+00
 -2.145621780E+00  5.729349646E-01  1.884250643E+00  6.918510714E+00
 -2.174303362E+00  4.917269094E-01  1.896873938E+00  6.791738123E+00
 -2.199689585E+00  4.102642496E-01  1.909950620E+00  6.665745827E+00
 -2.221829853E+00  3.286882384E-01  1.923481542E+00  6.540760278E+00
 -2.240779300E+00  2.471335304E-01  1.937467263E+00  6.416989788E+00
 -2.256598159E+00  1.657280675E-01  1.951908018E+00  6.294624818E+00
 -2.269351135E+00  8.459301675E-02  1.966803671E+00  6.173838398E+00
 -2.279106815E+00  3.842758803E-03  1.982153673E+00  6.054786639E+00
 -2.285937100E+00 -7.641508031E-02  1.997957015E+00  5.937609339E+00
 -2.289916663E+00 -1.560795572E-01  2.014212177E+00  5.822430650E+00
 -2.291122443E+00 -2.350563044E-01  2.030917083E+00  5.709359809E+00
 -2.289633169E+00 -3.132573923E-01  2.048069035E+00  5.598491900E+00
 -2.285528912E+00 -3.906011654E-01  2.065664669E+00  5.489908651E+00
 -2.278890679E+00 -4.670120556E-01  2.083699884E+00  5.383679248E+00
 -2.269800028E+00 -5.424203776E-01  2.102169788E+00  5.279861150E+00
 -2.258338725E+00 -6.167621083E-01  2.121068627E+00  5.178500909E+00
 -2.244588430E+00 -6.899786552E-01  2.140389724E+00  5.079634980E+00
 -2.228630407E+00 -7.620166161E-01  2.160125404E+00  4.983290510E+00
 -2.210545273E+00 -8.328275321E-01  2.180266930E+00  4.889486113E+00
 -2.190412768E+00 -9.023676377E-01  2.200804423E+00  4.798232616E+00
 -2.168311556E+00 -9.705976087E-01  2.221726795E+00  4.709533775E+00
 -2.144319046E+00 -1.037482312E+00  2.243021669E+00  4.623386966E+00
 -2.118511247E+00 -1.102990555E+00  2.264675308E+00  4.539783833E+00
 -2.090962628E+00 -1.167094842E+00  2.286672537E+00  4.458710911E+00
 -2.061746018E+00 -1.229771131E+00  2.308996672E+00  4.380150206E+00
 -2.030932511E+00 -1.290998604E+00  2.331629444E+00  4.304079743E+00
 -1.998591394E+00 -1.350759433E+00  2.354550931E+00  4.230474083E+00
 -1.964790093E+00 -1.409038561E+00  2.377739489E+00  4.159304794E+00
 -1.929594126E+00 -1.465823493E+00  2.401171690E+00  4.090540897E+00
 -1.893067081E+00 -1.521104087E+00  2.424822262E+00  4.024149277E+00
 -1.855270595E+00 -1.574872360E+00  2.448664036E+00  3.960095060E+00
 -1.816264352E+00 -1.627122301E+00  2.472667906E+00  3.898341959E+00
 -1.776106085E+00 -1.677849692E+00  2.496802784E+00  3.838852597E+00
 -1.734851589E+00 -1.727051941E+00  2.521035580E+00  3.781588796E+00
 -1.692554744E+00 -1.774727916E+00  2.545331183E+00  3.726511839E+00
 -1.649267542E+00 -1.820877801E+00  2.569652460E+00  3.673582715E+00
 -1.605040118E+00 -1.865502945E+00  2.593960265E+00  3.622762335E+00
 -1.559920794E+00 -1.908605732E+00  2.618213465E+00  3.574011728E+00
 -1.513956116E+00 -1.950189453E+00  2.642368985E+00  3.527292219E+00
 -1.467190907E+00 -1.990258183E+00  2.666381865E+00  3.482565585E+00
 -1.419668314E+00 -2.028816677E+00  2.690205344E+00  3.439794202E+00
 -1.371429861E+00 -2.065870258E+00  2.713790958E+00  3.398941162E+00
 -1.322515506E+00 -2.101424724E+00  2.737088661E+00  3.359970394E+00
 -1.272963699E+00 -2.135486255E+00  2.760046967E+00  3.322846758E+00
 -1.222811436E+00 -2.168061331E+00  2.782613121E+00  3.287536131E+00
 -1.172094327E+00 -2.199156650E+00  2.804733280E+00  3.254005489E+00
 -1.120846646E+00 -2.228779058E+00  2.826352727E+00  3.222222966E+00
 -1.069101403E+00 -2.256935481E+00  2.847416105E+00  3.192157920E+00
 -1.016890398E+00 -2.283632860E+00  2.867867669E+00  3.163780975E+00
 -9.642442871E-01 -2.308878099E+00  2.887651560E+00  3.137064070E+00
 -9.111926410E-01 -2.332678007E+00  2.906712099E+00  3.111980495E+00
 -8.577640099E-01 -2.355039251E+00  2.924994095E+00  3.088504919E+00
 -8.039859832E-01 -2.375968311E+00  2.942443169E+00  3.066613421E+00
 -7.498852513E-01 -2.395471443E+00  2.959006087E+00  3.046283508E+00
 -6.954876664E-01 -2.413554635E+00  2.974631103E+00  3.027494137E+00
 -6.408183029E-01 -2.430223578E+00  2.989268307E+00  3.010225728E+00
 -5.859015174E-01 -2.445483635E+00  3.002869970E+00  2.994460177E+00
 -5.307610086E-01 -2.459339813E+00  3.015390890E+00  2.980180865E+00
 -4.754198759E-01 -2.471796736E+00  3.026788726E+00  2.967372669E+00
 -4.199006787E-01 -2.482858628E+00  3.037024323E+00  2.956021966E+00
 -3.642254938E-01 -2.492529289E+00  3.046062016E+00  2.946116636E+00
 -3.084159741E-01 -2.500812080E+00  3.053869920E+00  2.937646071E+00
 -2.524934051E-01 -2.507709908E+00  3.060420189E+00  2.930601173E+00
 -1.964787628E-01 -2.513225215E+00  3.065689243E+00  2.924974358E+00
 -1.403927699E-01 -2.517359965E+00  3.069657975E+00  2.920759558E+00
 -8.425595245E-02 -2.520115639E+00  3.072311904E+00  2.917952220E+00
 -2.808869644E-02 -2.521493228E+00  3.073641310E+00  2.916549310E+00
  2.808869644E-02 -2.521493228E+00  3.073641310E+00  2.916549310E+00
  8.425595245E-02 -2.520115639E+00  3.072311904E+00  2.917952220E+00
  1.403927699E-01 -2.517359965E+00  3.069657975E+00  2.920759558E+00
  1.964787628E-01 -2.513225215E+00  3.065689243E+00  2.924974358E+00
  2.524934051E-01 -2.507709908E+00  3.060420189E+00  2.930601173E+00
  3.084159741E-01 -2.500812080E+00  3.053869920E+00  2.937646071E+00
  3.642254938E-01 -2.492529289E+00  3.046062016E+00  2.946116636E+00
  4.199006787E-01 -2.482858628E+00  3.037024323E+00  2.956021966E+00
  4.754198759E-01 -2.471796736E+00  3.026788726E+00  2.967372669E+00
  5.307610086E-01 -2.459339813E+00  3.015390890E+00  2.980180865E+00
  5.859015174E-01 -2.445483635E+00  3.002869970E+00  2.994460177E+00
  6.408183029E-01 -2.430223578E+00  2.989268307E+00  3.010225728E+00
  6.954876664E-01 -2.413554635E+00  2.974631103E+00  3.027494137E+00
  7.498852513E-01 -2.395471443E+00  2.959006087E+00  3.046283508E+00
  8.039859832E-01 -2.375968311E+00  2.942443169E+00  3.066613421E+00
  8.577640099E-01 -2.355039251E+00  2.924994095E+00  3.088504919E+00
  9.111926410E-01 -2.332678007E+00  2.906712099E+00  3.111980495E+00
  9.642442871E-01 -2.308878099E+00  2.887651560E+00  3.137064070E+00
  1.016890398E+00 -2.283632860E+00  2.867867669E+00  3.163780975E+00
  1.069101403E+00 -2.256935481E+00  2.847416105E+00  3.192157920E+00
  1.120846646E+00 -2.228779058E+00  2.826352727E+00  3.222222966E+00
  1.172094327E+00 -2.199156650E+00  2.804733280E+00  3.254005489E+00
  1.222811436E+00 -2.168061331E+00  2.782613121E+00  3.287536131E+00
  1.272963699E+00 -2.135486255E+00  2.760046967E+00  3.322846758E+00
  1.322515506E+00 -2.101424724E+00  2.737088661E+00  3.359970394E+00
  1.371429861E+00 -2.065870258E+00  2.713790958E+00  3.398941162E+00
  1.419668314E+00 -2.028816677E+00  2.690205344E+00  3.439794202E+00
  1.467190907E+00 -1.990258183E+00  2.666381865E+00  3.482565585E+00
  1.513956116E+00 -1.950189453E+00  2.642368985E+00  3.527292219E+00
  1.559920794E+00 -1.908605732E+00  2.618213465E+00  3.574011728E+00
  1.605040118E+00 -1.865502945E+00  2.593960265E+00  3.622762335E+00
  1.649267542E+00 -1.820877801E+00  2.569652460E+00  3.673582715E+00
  1.692554744E+00 -1.774727916E+00  2.545331183E+00  3.726511839E+00
  1.734851589E+00 -1.727051941E+00  2.521035580E+00  3.781588796E+00
  1.776106085E+00 -1.677849692E+00  2.496802784E+00  3.838852597E+00
  1.816264352E+00 -1.627122301E+00  2.472667906E+00  3.898341959E+00
  1.855270595E+00 -1.574872360E+00  2.448664036E+00  3.960095060E+00
  1.893067081E+00 -1.521104087E+00  2.424822262E+00  4.024149277E+00
  1.929594126E+00 -1.465823493E+00  2.401171690E+00  4.090540897E+00
  1.964790093E+00 -1.409038561E+00  2.377739489E+00  4.159304794E+00
  1.998591394E+00 -1.350759433E+00  2.354550931E+00  4.230474083E+00
  2.030932511E+00 -1.290998604E+00  2.331629444E+00  4.304079743E+00
  2.061746018E+00 -1.229771131E+00  2.308996672E+00  4.380150206E+00
  2.090962628E+00 -1.167094842E+00  2.286672537E+00  4.458710911E+00
  2.118511247E+00 -1.102990555E+00  2.264675308E+00  4.539783833E+00
  2.144319046E+00 -1.037482312E+00  2.243021669E+00  4.623386966E+00
  2.168311556E+00 -9.705976087E-01  2.221726795E+00  4.709533775E+00
  2.190412768E+00 -9.023676377E-01  2.200804423E+00  4.798232616E+00
  2.210545273E+00 -8.328275321E-01  2.180266930E+00  4.889486113E+00
  2.228630407E+00 -7.620166161E-01  2.160125404E+00  4.983290510E+00
  2.244588430E+00 -6.899786552E-01  2.140389724E+00  5.079634980E+00
  2.258338725E+00 -6.167621083E-01  2.121068627E+00  5.178500909E+00
  2.269800028E+00 -5.424203776E-01  2.102169788E+00  5.279861150E+00
  2.278890679E+00 -4.670120556E-01  2.083699884E+00  5.383679248E+00
  2.285528912E+00 -3.906011654E-01  2.065664669E+00  5.489908651E+00
  2.289633169E+00 -3.132573923E-01  2.048069035E+00  5.598491900E+00
  2.291122443E+00 -2.350563044E-01  2.030917083E+00  5.709359809E+00
  2.289916663E+00 -1.560795572E-01  2.014212177E+00  5.822430650E+00
  2.285937100E+00 -7.641508031E-02  1.997957015E+00  5.937609339E+00
  2.279106815E+00  3.842758803E-03  1.982153673E+00  6.054786639E+00
  2.269351135E+00  8.459301675E-02  1.966803671E+00  6.173838398E+00
  2.256598159E+00  1.657280675E-01  1.951908018E+00  6.294624818E+00
  2.240779300E+00  2.471335304E-01  1.937467263E+00  6.416989788E+00
  2.221829853E+00  3.286882384E-01  1.923481542E+00  6.540760278E+00
  2.199689585E+00  4.102642496E-01  1.909950620E+00  6.665745827E+00
  2.174303362E+00  4.917269094E-01  1.896873938E+00  6.791738123E+00
  2.145621780E+00  5.729349646E-01  1.884250643E+00  6.918510714E+00
  2.113601821E+00  6.537407372E-01  1.872079635E+00  7.045818847E+00
  2.078207522E+00  7.339903589E-01  1.860359592E+00  7.173399468E+00
  2.039410641E+00  8.135240734E-01  1.849089009E+00  7.300971398E+00
  1.997191330E+00  8.921766064E-01  1.838266225E+00  7.428235692E+00
  1.951538791E+00  9.697776097E-01  1.827889450E+00  7.554876216E+00
  1.902451925E+00  1.046152178E+00  1.817956795E+00  7.680560437E+00
  1.849939947E+00  1.121121443E+00  1.808466293E+00  7.804940452E+00
  1.794022978E+00  1.194503240E+00  1.799415921E+00  7.927654265E+00
  1.734732580E+00  1.266112856E+00  1.790803625E+00  8.048327304E+00
  1.672112251E+00  1.335763841E+00  1.782627336E+00  8.166574203E+00
  1.606217852E+00  1.403268898E+00  1.774884987E+00  8.282000829E+00
  1.537117961E+00  1.468440833E+00  1.767574534E+00  8.394206558E+00
  1.464894148E+00  1.531093565E+00  1.760693964E+00  8.502786778E+00
  1.389641157E+00  1.591043188E+00  1.754241317E+00  8.607335618E+00
  1.311466995E+00  1.648109075E+00  1.748214694E+00  8.707448861E+00
  1.230492905E+00  1.702115013E+00  1.742612267E+00  8.802727027E+00
  1.146853235E+00  1.752890361E+00  1.737432295E+00  8.892778582E+00
  1.060695187E+00  1.800271217E+00  1.732673128E+00  8.977223248E+00
  9.721784481E-01  1.844101577E+00  1.728333221E+00  9.055695344E+00
  8.814746924E-01  1.884234478E+00  1.724411136E+00  9.127847145E+00
  7.887669702E-01  1.920533105E+00  1.720905553E+00  9.193352179E+00
  6.942489715E-01  1.952871848E+00  1.717815278E+00  9.251908423E+00
  5.981241773E-01  1.981137301E+00  1.715139240E+00  9.303241346E+00
  5.006049008E-01  2.005229178E+00  1.712876506E+00  9.347106742E+00
  4.019112289E-01  2.025061141E+00  1.711026277E+00  9.383293298E+00
  3.022698736E-01  2.040561520E+00  1.709587897E+00  9.411624867E+00
  2.019129449E-01  2.051673922E+00  1.708560851E+00  9.431962383E+00
  1.010766595E-01  2.058357715E+00  1.707944771E+00  9.444205391E+00
  3.764328640E-16  2.060588379E+00  1.707739436E+00  9.448293167E+00
 -3.678087875E-16  2.007964372E+00  1.685779245E+00  9.020331506E+00
 -9.876148288E-02  2.005795926E+00  1.685979333E+00  9.016518268E+00
 -1.972910275E-01  1.999298429E+00  1.686579665E+00  9.005097167E+00
 -2.953580145E-01  1.988495334E+00  1.687580446E+00  8.986123839E+00
 -3.927344461E-01  1.973425509E+00  1.688982017E+00  8.959690334E+00
 -4.891962179E-01  1.954142903E+00  1.690784852E+00  8.925924109E+00
 -5.845243447E-01  1.930716099E+00  1.692989559E+00  8.884986649E+00
 -6.785061254E-01  1.903227734E+00  1.695596872E+00  8.837071743E+00
 -7.709362362E-01  1.871773829E+00  1.698607655E+00  8.782403439E+00
 -8.616177386E-01  1.836463003E+00  1.702022892E+00  8.721233728E+00
 -9.503629952E-01  1.797415610E+00  1.705843683E+00  8.653839980E+00
 -1.036994482E+00  1.754762807E+00  1.710071243E+00  8.580522206E+00
 -1.121345494E+00  1.708645545E+00  1.714706891E+00  8.501600161E+00
 -1.203260739E+00  1.659213530E+00  1.719752046E+00  8.417410355E+00
 -1.282596819E+00  1.606624144E+00  1.725208218E+00  8.328303021E+00
 -1.359222589E+00  1.551041340E+00  1.731076999E+00  8.234639061E+00
 -1.433019416E+00  1.492634546E+00  1.737360054E+00  8.136787051E+00
 -1.503881314E+00  1.431577557E+00  1.744059113E+00  8.035120306E+00
 -1.571714980E+00  1.368047464E+00  1.751175956E+00  7.930014069E+00
 -1.636439731E+00  1.302223595E+00  1.758712401E+00  7.821842834E+00
 -1.697987341E+00  1.234286507E+00  1.766670294E+00  7.710977853E+00
 -1.756301795E+00  1.164417018E+00  1.775051487E+00  7.597784818E+00
 -1.811338967E+00  1.092795296E+00  1.783857831E+00  7.482621763E+00
 -1.863066225E+00  1.019600008E+00  1.793091149E+00  7.365837180E+00
 -1.911461980E+00  9.450075339E-01  1.802753227E+00  7.247768360E+00
 -1.956515177E+00  8.691912438E-01  1.812845784E+00  7.128739965E+00
 -1.998224750E+00  7.923208540E-01  1.823370455E+00  7.009062822E+00
 -2.036599041E+00  7.145618465E-01  1.834328770E+00  6.889032942E+00
 -2.071655196E+00  6.360749631E-01  1.845722121E+00  6.768930753E+00
 -2.103418537E+00  5.570157692E-01  1.857551741E+00  6.649020529E+00
 -2.131921935E+00  4.775342853E-01  1.869818674E+00  6.529550019E+00
 -2.157205170E+00  3.977746852E-01  1.882523740E+00  6.410750241E+00
 -2.179314303E+00  3.178750568E-01  1.895667506E+00  6.292835445E+00
 -2.198301047E+00  2.379672227E-01  1.909250250E+00  6.176003217E+00
 -2.214222162E+00  1.581766165E-01  1.923271919E+00  6.060434714E+00
 -2.227138862E+00  7.862220987E-02  1.937732097E+00  5.946295005E+00
 -2.237116244E+00 -5.835116700E-04  1.952629953E+00  5.833733516E+00
 -2.244222740E+00 -7.933453108E-02  1.967964205E+00  5.722884554E+00
 -2.248529602E+00 -1.575312430E-01  1.983733069E+00  5.613867896E+00
 -2.250110405E+00 -2.350803624E-01  1.999934207E+00  5.506789433E+00
 -2.249040591E+00 -3.118948039E-01  2.016564683E+00  5.401741855E+00
 -2.245397031E+00 -3.878935335E-01  2.033620897E+00  5.298805363E+00
 -2.239257631E+00 -4.630013995E-01  2.051098540E+00  5.198048403E+00
 -2.230700958E+00 -5.371489439E-01  2.068992527E+00  5.099528407E+00
 -2.219805901E+00 -6.102721983E-01  2.087296939E+00  5.003292538E+00
 -2.206651360E+00 -6.823124684E-01  2.106004959E+00  4.909378424E+00
 -2.191315968E+00 -7.532161087E-01  2.125108806E+00  4.817814888E+00
 -2.173877836E+00 -8.229342906E-01  2.144599672E+00  4.728622653E+00
 -2.154414327E+00 -8.914227663E-01  2.164467650E+00  4.641815035E+00
 -2.133001857E+00 -9.586416306E-01  2.184701664E+00  4.557398599E+00
 -2.109715718E+00 -1.024555082E+00  2.205289404E+00  4.475373800E+00
 -2.084629923E+00 -1.089131188E+00  2.226217254E+00  4.395735588E+00
 -2.057817077E+00 -1.152341645E+00  2.247470220E+00  4.318473984E+00
 -2.029348264E+00 -1.214161554E+00  2.269031865E+00  4.243574622E+00
 -1.999292953E+00 -1.274569194E+00  2.290884240E+00  4.171019267E+00
 -1.967718923E+00 -1.333545799E+00  2.313007821E+00  4.100786291E+00
 -1.934692201E+00 -1.391075350E+00  2.335381443E+00  4.032851121E+00
 -1.900277019E+00 -1.447144368E+00  2.357982251E+00  3.967186662E+00
 -1.864535779E+00 -1.501741714E+00  2.380785637E+00  3.903763680E+00
 -1.827529033E+00 -1.554858403E+00  2.403765203E+00  3.842551163E+00
 -1.789315473E+00 -1.606487420E+00  2.426892713E+00  3.783516649E+00
 -1.749951932E+00 -1.656623546E+00  2.450138070E+00  3.726626532E+00
 -1.709493391E+00 -1.705263195E+00  2.473469286E+00  3.671846338E+00
 -1.667992995E+00 -1.752404256E+00  2.496852480E+00  3.619140983E+00
 -1.625502080E+00 -1.798045945E+00  2.520251869E+00  3.568474997E+00
 -1.582070198E+00 -1.842188663E+00  2.543629789E+00  3.519812740E+00
 -1.537745154E+00 -1.884833868E+00  2.566946723E+00  3.473118590E+00
 -1.492573043E+00 -1.925983943E+00  2.590161341E+00  3.428357114E+00
 -1.446598296E+00 -1.965642087E+00  2.613230565E+00  3.385493224E+00
 -1.399863726E+00 -2.003812198E+00  2.636109648E+00  3.344492310E+00
 -1.352410575E+00 -2.040498774E+00  2.658752269E+00  3.305320372E+00
 -1.304278569E+00 -2.075706815E+00  2.681110655E+00  3.267944121E+00
 -1.255505969E+00 -2.109441735E+00  2.703135716E+00  3.232331086E+00
 -1.206129630E+00 -2.141709276E+00  2.724777202E+00  3.198449693E+00
 -1.156185055E+00 -2.172515428E+00  2.745983889E+00  3.166269343E+00
 -1.105706452E+00 -2.201866365E+00  2.766703772E+00  3.135760483E+00
 -1.054726796E+00 -2.229768367E+00  2.786884291E+00  3.106894660E+00
 -1.003277887E+00 -2.256227766E+00  2.806472567E+00  3.079644575E+00
 -9.513904060E-01 -2.281250885E+00  2.825415663E+00  3.053984123E+00
 -8.990939792E-01 -2.304843986E+00  2.843660859E+00  3.029888438E+00
 -8.464172344E-01 -2.327013220E+00  2.861155939E+00  3.007333919E+00
 -7.933878620E-01 -2.347764584E+00  2.877849497E+00  2.986298261E+00
 -7.400326736E-01 -2.367103881E+00  2.893691248E+00  2.966760480E+00
 -6.863776615E-01 -2.385036679E+00  2.908632346E+00  2.948700930E+00
 -6.324480571E-01 -2.401568279E+00  2.922625710E+00  2.932101323E+00
 -5.782683895E-01 -2.416703686E+00  2.935626345E+00  2.916944739E+00
 -5.238625434E-01 -2.430447580E+00  2.947591662E+00  2.903215641E+00
 -4.692538169E-01 -2.442804288E+00  2.958481788E+00  2.890899882E+00
 -4.144649786E-01 -2.453777767E+00  2.968259868E+00  2.879984715E+00
 -3.595183246E-01 -2.463371580E+00  2.976892349E+00  2.870458797E+00
 -3.044357348E-01 -2.471588883E+00  2.984349243E+00  2.862312193E+00
 -2.492387295E-01 -2.478432407E+00  2.990604370E+00  2.855536385E+00
 -1.939485251E-01 -2.483904446E+00  2.995635568E+00  2.850124268E+00
 -1.385860894E-01 -2.488006848E+00  2.999424882E+00  2.846070157E+00
 -8.317219754E-02 -2.490741006E+00  3.001958708E+00  2.843369787E+00
 -2.772748708E-02 -2.492107851E+00  3.003227914E+00  2.842020313E+00
  2.772748708E-02 -2.492107851E+00  3.003227914E+00  2.842020313E+00
  8.317219754E-02 -2.490741006E+00  3.001958708E+00  2.843369787E+00
  1.385860894E-01 -2.488006848E+00  2.999424882E+00  2.846070157E+00
  1.939485251E-01 -2.483904446E+00  2.995635568E+00  2.850124268E+00
  2.492387295E-01 -2.478432407E+00  2.990604370E+00  2.855536385E+00
  3.044357348E-01 -2.471588883E+00  2.984349243E+00  2.862312193E+00
  3.595183246E-01 -2.463371580E+00  2.976892349E+00  2.870458797E+00
  4.144649786E-01 -2.453777767E+00  2.968259868E+00  2.879984715E+00
  4.692538169E-01 -2.442804288E+00  2.958481788E+00  2.890899882E+00
  5.238625434E-01 -2.430447580E+00  2.947591662E+00  2.903215641E+00
  5.782683895E-01 -2.416703686E+00  2.935626345E+00  2.916944739E+00
  6.324480571E-01 -2.401568279E+00  2.922625710E+00  2.932101323E+00
  6.863776615E-01 -2.385036679E+00  2.908632346E+00  2.948700930E+00
  7.400326736E-01 -2.367103881E+00  2.893691248E+00  2.966760480E+00
  7.933878620E-01 -2.347764584E+00  2.877849497E+00  2.986298261E+00
  8.464172344E-01 -2.327013220E+00  2.861155939E+00  3.007333919E+00
  8.990939792E-01 -2.304843986E+00  2.843660859E+00  3.029888438E+00
  9.513904060E-01 -2.281250885E+00  2.825415663E+00  3.053984123E+00
  1.003277887E+00 -2.256227766E+00  2.806472567E+00  3.079644575E+00
  1.054726796E+00 -2.229768367E+00  2.786884291E+00  3.106894660E+00
  1.105706452E+00 -2.201866365E+00  2.766703772E+00  3.135760483E+00
  1.156185055E+00 -2.172515428E+00  2.745983889E+00  3.166269343E+00
  1.206129630E+00 -2.141709276E+00  2.724777202E+00  3.198449693E+00
  1.255505969E+00 -2.109441735E+00  2.703135716E+00  3.232331086E+00
  1.304278569E+00 -2.075706815E+00  2.681110655E+00  3.267944121E+00
  1.352410575E+00 -2.040498774E+00  2.658752269E+00  3.305320372E+00
  1.399863726E+00 -2.003812198E+00  2.636109648E+00  3.344492310E+00
  1.446598296E+00 -1.965642087E+00  2.613230565E+00  3.385493224E+00
  1.492573043E+00 -1.925983943E+00  2.590161341E+00  3.428357114E+00
  1.537745154E+00 -1.884833868E+00  2.566946723E+00  3.473118590E+00
  1.582070198E+00 -1.842188663E+00  2.543629789E+00  3.519812740E+00
  1.625502080E+00 -1.798045945E+00  2.520251869E+00  3.568474997E+00
  1.667992995E+00 -1.752404256E+00  2.496852480E+00  3.619140983E+00
  1.709493391E+00 -1.705263195E+00  2.473469286E+00  3.671846338E+00
  1.749951932E+00 -1.656623546E+00  2.450138070E+00  3.726626532E+00
  1.789315473E+00 -1.606487420E+00  2.426892713E+00  3.783516649E+00
  1.827529033E+00 -1.554858403E+00  2.403765203E+00  3.842551163E+00
  1.864535779E+00 -1.501741714E+00  2.380785637E+00  3.903763680E+00
  1.900277019E+00 -1.447144368E+00  2.357982251E+00  3.967186662E+00
  1.934692201E+00 -1.391075350E+00  2.335381443E+00  4.032851121E+00
  1.967718923E+00 -1.333545799E+00  2.313007821E+00  4.100786291E+00
  1.999292953E+00 -1.274569194E+00  2.290884240E+00  4.171019267E+00
  2.029348264E+00 -1.214161554E+00  2.269031865E+00  4.243574622E+00
  2.057817077E+00 -1.152341645E+00  2.247470220E+00  4.318473984E+00
  2.084629923E+00 -1.089131188E+00  2.226217254E+00  4.395735588E+00
  2.109715718E+00 -1.024555082E+00  2.205289404E+00  4.475373800E+00
  2.133001857E+00 -9.586416306E-01  2.184701664E+00  4.557398599E+00
  2.154414327E+00 -8.914227663E-01  2.164467650E+00  4.641815035E+00
  2.173877836E+00 -8.229342906E-01  2.144599672E+00  4.728622653E+00
  2.191315968E+00 -7.532161087E-01  2.125108806E+00  4.817814888E+00
  2.206651360E+00 -6.823124684E-01  2.106004959E+00  4.909378424E+00
  2.219805901E+00 -6.102721983E-01  2.087296939E+00  5.003292538E+00
  2.230700958E+00 -5.371489439E-01  2.068992527E+00  5.099528407E+00
  2.239257631E+00 -4.630013995E-01  2.051098540E+00  5.198048403E+00
  2.245397031E+00 -3.878935335E-01  2.033620897E+00  5.298805363E+00
  2.249040591E+00 -3.118948039E-01  2.016564683E+00  5.401741855E+00
  2.250110405E+00 -2.350803624E-01  1.999934207E+00  5.506789433E+00
  2.248529602E+00 -1.575312430E-01  1.983733069E+00  5.613867896E+00
  2.244222740E+00 -7.933453108E-02  1.967964205E+00  5.722884554E+00
  2.237116244E+00 -5.835116700E-04  1.952629953E+00  5.833733516E+00
  2.227138862E+00  7.862220987E-02  1.937732097E+00  5.946295005E+00
  2.214222162E+00  1.581766165E-01  1.923271919E+00  6.060434714E+00
  2.198301047E+00  2.379672227E-01  1.909250250E+00  6.176003217E+00
  2.179314303E+00  3.178750568E-01  1.895667506E+00  6.292835445E+00
  2.157205170E+00  3.977746852E-01  1.882523740E+00  6.410750241E+00
  2.131921935E+00  4.775342853E-01  1.869818674E+00  6.529550019E+00
  2.103418537E+00  5.570157692E-01  1.857551741E+00  6.649020529E+00
  2.071655196E+00  6.360749631E-01  1.845722121E+00  6.768930753E+00
  2.036599041E+00  7.145618465E-01  1.834328770E+00  6.889032942E+00
  1.998224750E+00  7.923208540E-01  1.823370455E+00  7.009062822E+00
  1.956515177E+00  8.691912438E-01  1.812845784E+00  7.128739965E+00
  1.911461980E+00  9.450075339E-01  1.802753227E+00  7.247768360E+00
  1.863066225E+00  1.019600008E+00  1.793091149E+00  7.365837180E+00
  1.811338967E+00  1.092795296E+00  1.783857831E+00  7.482621763E+00
  1.756301795E+00  1.164417018E+00  1.775051487E+00  7.597784818E+00
  1.697987341E+00  1.234286507E+00  1.766670294E+00  7.710977853E+00
  1.636439731E+00  1.302223595E+00  1.758712401E+00  7.821842834E+00
  1.571714980E+00  1.368047464E+00  1.751175956E+00  7.930014069E+00
  1.503881314E+00  1.431577557E+00  1.744059113E+00  8.035120306E+00
  1.433019416E+00  1.492634546E+00  1.737360054E+00  8.136787051E+00
  1.359222589E+00  1.551041340E+00  1.731076999E+00  8.234639061E+00
  1.282596819E+00  1.606624144E+00  1.725208218E+00  8.328303021E+00
  1.203260739E+00  1.659213530E+00  1.719752046E+00  8.417410355E+00
  1.121345494E+00  1.708645545E+00  1.714706891E+00  8.501600161E+00
  1.036994482E+00  1.754762807E+00  1.710071243E+00  8.580522206E+00
  9.503629952E-01  1.797415610E+00  1.705843683E+00  8.653839980E+00
  8.616177386E-01  1.836463003E+00  1.702022892E+00  8.721233728E+00
  7.709362362E-01  1.871773829E+00  1.698607655E+00  8.782403439E+00
  6.785061254E-01  1.903227734E+00  1.695596872E+00  8.837071743E+00
  5.845243447E-01  1.930716099E+00  1.692989559E+00  8.884986649E+00
  4.891962179E-01  1.954142903E+00  1.690784852E+00  8.925924109E+00
  3.927344461E-01  1.973425509E+00  1.688982017E+00  8.959690334E+00
  2.953580145E-01  1.988495334E+00  1.687580446E+00  8.986123839E+00
  1.972910275E-01  1.999298429E+00  1.686579665E+00  9.005097167E+00
  9.876148288E-02  2.005795926E+00  1.685979333E+00  9.016518268E+00
  3.678087875E-16  2.007964372E+00  1.685779245E+00  9.020331506E+00
 -3.593648579E-16  1.956176729E+00  1.663835595E+00  8.610919066E+00
 -9.649464532E-02  1.954068751E+00  1.664030507E+00  8.607362445E+00
 -1.927654791E-01  1.947752316E+00  1.664615308E+00  8.596709632E+00
 -2.885899398E-01  1.937249859E+00  1.665590185E+00  8.579011598E+00
 -3.837479514E-01  1.922598560E+00  1.666955452E+00  8.554352681E+00
 -4.780231289E-01  1.903850039E+00  1.668711547E+00  8.522849686E+00
 -5.712039425E-01  1.881069927E+00  1.670859027E+00  8.484650641E+00
 -6.630848238E-01  1.854337327E+00  1.673398570E+00  8.439933247E+00
 -7.534672058E-01  1.823744179E+00  1.676330969E+00  8.388903033E+00
 -8.421604835E-01  1.789394522E+00  1.679657125E+00  8.331791267E+00
 -9.289828871E-01  1.751403686E+00  1.683378051E+00  8.268852649E+00
 -1.013762261E+00  1.709897402E+00  1.687494858E+00  8.200362827E+00
 -1.096336740E+00  1.665010864E+00  1.692008753E+00  8.126615789E+00
 -1.176555323E+00  1.616887738E+00  1.696921031E+00  8.047921151E+00
 -1.254278339E+00  1.565679142E+00  1.702233071E+00  7.964601404E+00
 -1.329377804E+00  1.511542608E+00  1.707946321E+00  7.876989152E+00
 -1.401737671E+00  1.454641035E+00  1.714062293E+00  7.785424377E+00
 -1.471253979E+00  1.395141642E+00  1.720582553E+00  7.690251771E+00
 -1.537834899E+00  1.333214948E+00  1.727508707E+00  7.591818164E+00
 -1.601400683E+00  1.269033766E+00  1.734842391E+00  7.490470079E+00
 -1.661883528E+00  1.202772237E+00  1.742585258E+00  7.386551436E+00
 -1.719227358E+00  1.134604910E+00  1.750738960E+00  7.280401427E+00
 -1.773387523E+00  1.064705866E+00  1.759305136E+00  7.172352570E+00
 -1.824330444E+00  9.932479008E-01  1.768285393E+00  7.062728967E+00
 -1.872033190E+00  9.204017680E-01  1.777681287E+00  6.951844755E+00
 -1.916483009E+00  8.463354842E-01  1.787494306E+00  6.840002767E+00
 -1.957676816E+00  7.712137002E-01  1.797725844E+00  6.727493400E+00
 -1.995620653E+00  6.951971387E-01  1.808377181E+00  6.614593675E+00
 -2.030329114E+00  6.184420989E-01  1.819449459E+00  6.501566495E+00
 -2.061824762E+00  5.411000277E-01  1.830943654E+00  6.388660090E+00
 -2.090137528E+00  4.633171548E-01  1.842860547E+00  6.276107635E+00
 -2.115304112E+00  3.852341914E-01  1.855200694E+00  6.164127022E+00
 -2.137367379E+00  3.069860876E-01  1.867964397E+00  6.052920789E+00
 -2.156375769E+00  2.287018482E-01  1.881151667E+00  5.942676183E+00
 -2.172382711E+00  1.505044003E-01  1.894762186E+00  5.833565333E+00
 -2.185446061E+00  7.251051157E-02  1.908795274E+00  5.725745541E+00
 -2.195627554E+00 -5.169246687E-03  1.923249844E+00  5.619359653E+00
 -2.202992276E+00 -8.243049395E-02  1.938124358E+00  5.514536516E+00
 -2.207608168E+00 -1.591749980E-01  1.953416789E+00  5.411391492E+00
 -2.209545548E+00 -2.353105986E-01  1.969124565E+00  5.310027030E+00
 -2.208876667E+00 -3.107511016E-01  1.985244527E+00  5.210533275E+00
 -2.205675287E+00 -3.854161470E-01  2.001772869E+00  5.112988706E+00
 -2.200016293E+00 -4.592310552E-01  2.018705094E+00  5.017460794E+00
 -2.191975334E+00 -5.321266542E-01  2.036035949E+00  4.924006680E+00
 -2.181628488E+00 -6.040390916E-01  2.053759372E+00  4.832673840E+00
 -2.169051956E+00 -6.749096335E-01  2.071868433E+00  4.743500766E+00
 -2.154321790E+00 -7.446844543E-01  2.090355268E+00  4.656517622E+00
 -2.137513641E+00 -8.133144193E-01  2.109211020E+00  4.571746900E+00
 -2.118702534E+00 -8.807548619E-01  2.128425776E+00  4.489204049E+00
 -2.097962671E+00 -9.469653584E-01  2.147988497E+00  4.408898088E+00
 -2.075367250E+00 -1.011909502E+00  2.167886961E+00  4.330832193E+00
 -2.050988317E+00 -1.075554676E+00  2.188107689E+00  4.255004260E+00
 -2.024896627E+00 -1.137871833E+00  2.208635889E+00  4.181407439E+00
 -1.997161534E+00 -1.198835272E+00  2.229455388E+00  4.110030646E+00
 -1.967850890E+00 -1.258422423E+00  2.250548569E+00  4.040859036E+00
 -1.937030973E+00 -1.316613637E+00  2.271896317E+00  3.973874457E+00
 -1.904766415E+00 -1.373391982E+00  2.293477958E+00  3.909055868E+00
 -1.871120160E+00 -1.428743042E+00  2.315271210E+00  3.846379739E+00
 -1.836153421E+00 -1.482654731E+00  2.337252135E+00  3.785820410E+00
 -1.799925661E+00 -1.535117103E+00  2.359395096E+00  3.727350432E+00
 -1.762494572E+00 -1.586122179E+00  2.381672728E+00  3.670940883E+00
 -1.723916079E+00 -1.635663780E+00  2.404055905E+00  3.616561654E+00
 -1.684244337E+00 -1.683737364E+00  2.426513726E+00  3.564181716E+00
 -1.643531748E+00 -1.730339872E+00  2.449013510E+00  3.513769362E+00
 -1.601828975E+00 -1.775469586E+00  2.471520797E+00  3.465292426E+00
 -1.559184974E+00 -1.819125992E+00  2.493999364E+00  3.418718491E+00
 -1.515647018E+00 -1.861309645E+00  2.516411262E+00  3.374015067E+00
 -1.471260738E+00 -1.902022052E+00  2.538716854E+00  3.331149757E+00
 -1.426070156E+00 -1.941265556E+00  2.560874880E+00  3.290090412E+00
 -1.380117733E+00 -1.979043223E+00  2.582842535E+00  3.250805259E+00
 -1.333444414E+00 -2.015358746E+00  2.604575564E+00  3.213263025E+00
 -1.286089674E+00 -2.050216349E+00  2.626028376E+00  3.177433046E+00
 -1.238091572E+00 -2.083620693E+00  2.647154176E+00  3.143285361E+00
 -1.189486802E+00 -2.115576801E+00  2.667905120E+00  3.110790801E+00
 -1.140310743E+00 -2.146089974E+00  2.688232483E+00  3.079921060E+00
 -1.090597522E+00 -2.175165721E+00  2.708086851E+00  3.050648768E+00
 -1.040380062E+00 -2.202809694E+00  2.727418329E+00  3.022947543E+00
 -9.896901447E-01 -2.229027626E+00  2.746176770E+00  2.996792050E+00
 -9.385584616E-01 -2.253825269E+00  2.764312012E+00  2.972158040E+00
 -8.870146761E-01 -2.277208347E+00  2.781774146E+00  2.949022391E+00
 -8.350874786E-01 -2.299182507E+00  2.798513778E+00  2.927363145E+00
 -7.828046441E-01 -2.319753268E+00  2.814482321E+00  2.907159532E+00
 -7.301930902E-01 -2.338925988E+00  2.829632279E+00  2.888391997E+00
 -6.772789335E-01 -2.356705822E+00  2.843917550E+00  2.871042225E+00
 -6.240875474E-01 -2.373097687E+00  2.857293727E+00  2.855093153E+00
 -5.706436183E-01 -2.388106235E+00  2.869718394E+00  2.840528989E+00
 -5.169712023E-01 -2.401735822E+00  2.881151427E+00  2.827335223E+00
 -4.630937813E-01 -2.413990483E+00  2.891555282E+00  2.815498639E+00
 -4.090343189E-01 -2.424873912E+00  2.900895270E+00  2.805007323E+00
 -3.548153160E-01 -2.434389441E+00  2.909139825E+00  2.795850671E+00
 -3.004588659E-01 -2.442540019E+00  2.916260746E+00  2.788019393E+00
 -2.459867093E-01 -2.449328205E+00  2.922233419E+00  2.781505519E+00
 -1.914202890E-01 -2.454756146E+00  2.927037017E+00  2.776302402E+00
 -1.367808046E-01 -2.458825576E+00  2.930654666E+00  2.772404723E+00
 -8.208926651E-02 -2.461537801E+00  2.933073587E+00  2.769808488E+00
 -2.736655009E-02 -2.462893694E+00  2.934285202E+00  2.768511037E+00
  2.736655009E-02 -2.462893694E+00  2.934285202E+00  2.768511037E+00
  8.208926651E-02 -2.461537801E+00  2.933073587E+00  2.769808488E+00
  1.367808046E-01 -2.458825576E+00  2.930654666E+00  2.772404723E+00
  1.914202890E-01 -2.454756146E+00  2.927037017E+00  2.776302402E+00
  2.459867093E-01 -2.449328205E+00  2.922233419E+00  2.781505519E+00
  3.004588659E-01 -2.442540019E+00  2.916260746E+00  2.788019393E+00
  3.548153160E-01 -2.434389441E+00  2.909139825E+00  2.795850671E+00
  4.090343189E-01 -2.424873912E+00  2.900895270E+00  2.805007323E+00
  4.630937813E-01 -2.413990483E+00  2.891555282E+00  2.815498639E+00
  5.169712023E-01 -2.401735822E+00  2.881151427E+00  2.827335223E+00
  5.706436183E-01 -2.388106235E+00  2.869718394E+00  2.840528989E+00
  6.240875474E-01 -2.373097687E+00  2.857293727E+00  2.855093153E+00
  6.772789335E-01 -2.356705822E+00  2.843917550E+00  2.871042225E+00
  7.301930902E-01 -2.338925988E+00  2.829632279E+00  2.888391997E+00
  7.828046441E-01 -2.319753268E+00  2.814482321E+00  2.907159532E+00
  8.350874786E-01 -2.299182507E+00  2.798513778E+00  2.927363145E+00
  8.870146761E-01 -2.277208347E+00  2.781774146E+00  2.949022391E+00
  9.385584616E-01 -2.253825269E+00  2.764312012E+00  2.972158040E+00
  9.896901447E-01 -2.229027626E+00  2.746176770E+00  2.996792050E+00
  1.040380062E+00 -2.202809694E+00  2.727418329E+00  3.022947543E+00
  1.090597522E+00 -2.175165721E+00  2.708086851E+00  3.050648768E+00
  1.140310743E+00 -2.146089974E+00  2.688232483E+00  3.079921060E+00
  1.189486802E+00 -2.115576801E+00  2.667905120E+00  3.110790801E+00
  1.238091572E+00 -2.083620693E+00  2.647154176E+00  3.143285361E+00
  1.286089674E+00 -2.050216349E+00  2.626028376E+00  3.177433046E+00
  1.333444414E+00 -2.015358746E+00  2.604575564E+00  3.213263025E+00
  1.380117733E+00 -1.979043223E+00  2.582842535E+00  3.250805259E+00
  1.426070156E+00 -1.941265556E+00  2.560874880E+00  3.290090412E+00
  1.471260738E+00 -1.902022052E+00  2.538716854E+00  3.331149757E+00
  1.515647018E+00 -1.861309645E+00  2.516411262E+00  3.374015067E+00
  1.559184974E+00 -1.819125992E+00  2.493999364E+00  3.418718491E+00
  1.601828975E+00 -1.775469586E+00  2.471520797E+00  3.465292426E+00
  1.643531748E+00 -1.730339872E+00  2.449013510E+00  3.513769362E+00
  1.684244337E+00 -1.683737364E+00  2.426513726E+00  3.564181716E+00
  1.723916079E+00 -1.635663780E+00  2.404055905E+00  3.616561654E+00
  1.762494572E+00 -1.586122179E+00  2.381672728E+00  3.670940883E+00
  1.799925661E+00 -1.535117103E+00  2.359395096E+00  3.727350432E+00
  1.836153421E+00 -1.482654731E+00  2.337252135E+00  3.785820410E+00
  1.871120160E+00 -1.428743042E+00  2.315271210E+00  3.846379739E+00
  1.904766415E+00 -1.373391982E+00  2.293477958E+00  3.909055868E+00
  1.937030973E+00 -1.316613637E+00  2.271896317E+00  3.973874457E+00
  1.967850890E+00 -1.258422423E+00  2.250548569E+00  4.040859036E+00
  1.997161534E+00 -1.198835272E+00  2.229455388E+00  4.110030646E+00
  2.024896627E+00 -1.137871833E+00  2.208635889E+00  4.181407439E+00
  2.050988317E+00 -1.075554676E+00  2.188107689E+00  4.255004260E+00
  2.075367250E+00 -1.011909502E+00  2.167886961E+00  4.330832193E+00
  2.097962671E+00 -9.469653584E-01  2.147988497E+00  4.408898088E+00
  2.118702534E+00 -8.807548619E-01  2.128425776E+00  4.489204049E+00
  2.137513641E+00 -8.133144193E-01  2.109211020E+00  4.571746900E+00
  2.154321790E+00 -7.446844543E-01  2.090355268E+00  4.656517622E+00
  2.169051956E+00 -6.749096335E-01  2.071868433E+00  4.743500766E+00
  2.181628488E+00 -6.040390916E-01  2.053759372E+00  4.832673840E+00
  2.191975334E+00 -5.321266542E-01  2.036035949E+00  4.924006680E+00
  2.200016293E+00 -4.592310552E-01  2.018705094E+00  5.017460794E+00
  2.205675287E+00 -3.854161470E-01  2.001772869E+00  5.112988706E+00
  2.208876667E+00 -3.107511016E-01  1.985244527E+00  5.210533275E+00
  2.209545548E+00 -2.353105986E-01  1.969124565E+00  5.310027030E+00
  2.207608168E+00 -1.591749980E-01  1.953416789E+00  5.411391492E+00
  2.202992276E+00 -8.243049395E-02  1.938124358E+00  5.514536516E+00
  2.195627554E+00 -5.169246687E-03  1.923249844E+00  5.619359653E+00
  2.185446061E+00  7.251051157E-02  1.908795274E+00  5.725745541E+00
  2.172382711E+00  1.505044003E-01  1.894762186E+00  5.833565333E+00
  2.156375769E+00  2.287018482E-01  1.881151667E+00  5.942676183E+00
  2.137367379E+00  3.069860876E-01  1.867964397E+00  6.052920789E+00
  2.115304112E+00  3.852341914E-01  1.855200694E+00  6.164127022E+00
  2.090137528E+00  4.633171548E-01  1.842860547E+00  6.276107635E+00
  2.061824762E+00  5.411000277E-01  1.830943654E+00  6.388660090E+00
  2.030329114E+00  6.184420989E-01  1.819449459E+00  6.501566495E+00
  1.995620653E+00  6.951971387E-01  1.808377181E+00  6.614593675E+00
  1.957676816E+00  7.712137002E-01  1.797725844E+00  6.727493400E+00
  1.916483009E+00  8.463354842E-01  1.787494306E+00  6.840002767E+00
  1.872033190E+00  9.204017680E-01  1.777681287E+00  6.951844755E+00
  1.824330444E+00  9.932479008E-01  1.768285393E+00  7.062728967E+00
  1.773387523E+00  1.064705866E+00  1.759305136E+00  7.172352570E+00
  1.719227358E+00  1.134604910E+00  1.750738960E+00  7.280401427E+00
  1.661883528E+00  1.202772237E+00  1.742585258E+00  7.386551436E+00
  1.601400683E+00  1.269033766E+00  1.734842391E+00  7.490470079E+00
  1.537834899E+00  1.333214948E+00  1.727508707E+00  7.591818164E+00
  1.471253979E+00  1.395141642E+00  1.720582553E+00  7.690251771E+00
  1.401737671E+00  1.454641035E+00  1.714062293E+00  7.785424377E+00
  1.329377804E+00  1.511542608E+00  1.707946321E+00  7.876989152E+00
  1.254278339E+00  1.565679142E+00  1.702233071E+00  7.964601404E+00
  1.176555323E+00  1.616887738E+00  1.696921031E+00  8.047921151E+00
  1.096336740E+00  1.665010864E+00  1.692008753E+00  8.126615789E+00
  1.013762261E+00  1.709897402E+00  1.687494858E+00  8.200362827E+00
  9.289828871E-01  1.751403686E+00  1.683378051E+00  8.268852649E+00
  8.421604835E-01  1.789394522E+00  1.679657125E+00  8.331791267E+00
  7.534672058E-01  1.823744179E+00  1.676330969E+00  8.388903033E+00
  6.630848238E-01  1.854337327E+00  1.673398570E+00  8.439933247E+00
  5.712039425E-01  1.881069927E+00  1.670859027E+00  8.484650641E+00
  4.780231289E-01  1.903850039E+00  1.668711547E+00  8.522849686E+00
  3.837479514E-01  1.922598560E+00  1.666955452E+00  8.554352681E+00
  2.885899398E-01  1.937249859E+00  1.665590185E+00  8.579011598E+00
  1.927654791E-01  1.947752316E+00  1.664615308E+00  8.596709632E+00
  9.649464532E-02  1.954068751E+00  1.664030507E+00  8.607362445E+00
  3.593648579E-16  1.956176729E+00  1.663835595E+00  8.610919066E+00
 -3.511011689E-16  1.905238827E+00  1.641923681E+00  8.219451692E+00
 -9.427617346E-02  1.903189592E+00  1.642113493E+00  8.216134805E+00
 -1.883363613E-01  1.897049059E+00  1.642682988E+00  8.206199762E+00
 -2.819657627E-01  1.886838691E+00  1.643632337E+00  8.189693255E+00
 -3.749519335E-01  1.872594059E+00  1.644961831E+00  8.166692553E+00
 -4.670859295E-01  1.854364557E+00  1.646671868E+00  8.137304695E+00
 -5.581634114E-01  1.832212999E+00  1.648762961E+00  8.101665363E+00
 -6.479856962E-01  1.806215110E+00  1.651235731E+00  8.059937493E+00
 -7.363607458E-01  1.776458930E+00  1.654090902E+00  8.012309611E+00
 -8.231040827E-01  1.743044123E+00  1.657329302E+00  7.958993947E+00
 -9.080396235E-01  1.706081207E+00  1.660951854E+00  7.900224359E+00
 -9.910004239E-01  1.665690725E+00  1.664959571E+00  7.836254087E+00
 -1.071829329E+00  1.622002350E+00  1.669353554E+00  7.767353389E+00
 -1.150379525E+00  1.575153959E+00  1.674134982E+00  7.693807099E+00
 -1.226514993E+00  1.525290663E+00  1.679305103E+00  7.615912118E+00
 -1.300110856E+00  1.472563824E+00  1.684865231E+00  7.533974918E+00
 -1.371053633E+00  1.417130066E+00  1.690816730E+00  7.448309046E+00
 -1.439241387E+00  1.359150280E+00  1.697161010E+00  7.359232697E+00
 -1.504583784E+00  1.298788654E+00  1.703899513E+00  7.267066370E+00
 -1.567002062E+00  1.236211714E+00  1.711033700E+00  7.172130622E+00
 -1.626428905E+00  1.171587407E+00  1.718565040E+00  7.074743968E+00
 -1.682808256E+00  1.105084218E+00  1.726494995E+00  6.975220925E+00
 -1.736095045E+00  1.036870331E+00  1.734825003E+00  6.873870213E+00
 -1.786254856E+00  9.671128486E-01  1.743556464E+00  6.770993142E+00
 -1.833263541E+00  8.959770580E-01  1.752690720E+00  6.666882174E+00
 -1.877106786E+00  8.236257634E-01  1.762229035E+00  6.561819663E+00
 -1.917779630E+00  7.502186764E-01  1.772172578E+00  6.456076792E+00
 -1.955285956E+00  6.759118689E-01  1.782522395E+00  6.349912683E+00
 -1.989637961E+00  6.008572895E-01  1.793279389E+00  6.243573678E+00
 -2.020855598E+00  5.252023424E-01  1.804444294E+00  6.137292800E+00
 -2.048966010E+00  4.490895267E-01  1.816017644E+00  6.031289365E+00
 -2.074002967E+00  3.726561360E-01  1.827999751E+00  5.925768742E+00
 -2.096006286E+00  2.960340145E-01  1.840390665E+00  5.820922251E+00
 -2.115021275E+00  2.193493671E-01  1.853190150E+00  5.716927187E+00
 -2.131098174E+00  1.427226212E-01  1.866397641E+00  5.613946950E+00
 -2.144291612E+00  6.626833545E-02  1.880012215E+00  5.512131280E+00
 -2.154660087E+00 -9.904847190E-03  1.894032544E+00  5.411616571E+00
 -2.162265461E+00 -8.569420606E-02  1.908456861E+00  5.312526264E+00
 -2.167172476E+00 -1.610029132E-01  1.923282911E+00  5.214971297E+00
 -2.169448297E+00 -2.357399707E-01  1.938507913E+00  5.119050609E+00
 -2.169162082E+00 -3.098201192E-01  1.954128505E+00  5.024851679E+00
 -2.166384574E+00 -3.831637212E-01  1.970140700E+00  4.932451099E+00
 -2.161187721E+00 -4.556966214E-01  1.986539832E+00  4.841915168E+00
 -2.153644327E+00 -5.273499895E-01  2.003320505E+00  4.753300497E+00
 -2.143827725E+00 -5.980601465E-01  2.020476538E+00  4.666654620E+00
 -2.131811480E+00 -6.677683788E-01  2.038000907E+00  4.582016604E+00
 -2.117669116E+00 -7.364207414E-01  2.055885688E+00  4.499417659E+00
 -2.101473870E+00 -8.039678546E-01  2.074121999E+00  4.418881731E+00
 -2.083298471E+00 -8.703646942E-01  2.092699940E+00  4.340426080E+00
 -2.063214941E+00 -9.355703787E-01  2.111608531E+00  4.264061850E+00
 -2.041294416E+00 -9.995479555E-01  2.130835655E+00  4.189794606E+00
 -2.017606997E+00 -1.062264186E+00  2.150367992E+00  4.117624856E+00
 -1.992221610E+00 -1.123689332E+00  2.170190965E+00  4.047548552E+00
 -1.965205894E+00 -1.183796947E+00  2.190288679E+00  3.979557559E+00
 -1.936626098E+00 -1.242563669E+00  2.210643864E+00  3.913640102E+00
 -1.906547003E+00 -1.299969016E+00  2.231237822E+00  3.849781187E+00
 -1.875031855E+00 -1.355995194E+00  2.252050374E+00  3.787962999E+00
 -1.842142308E+00 -1.410626899E+00  2.273059819E+00  3.728165270E+00
 -1.807938388E+00 -1.463851141E+00  2.294242883E+00  3.670365622E+00
 -1.772478463E+00 -1.515657058E+00  2.315574690E+00  3.614539891E+00
 -1.735819223E+00 -1.566035750E+00  2.337028731E+00  3.560662421E+00
 -1.698015674E+00 -1.614980116E+00  2.358576840E+00  3.508706342E+00
 -1.659121138E+00 -1.662484693E+00  2.380189181E+00  3.458643817E+00
 -1.619187260E+00 -1.708545513E+00  2.401834248E+00  3.410446277E+00
 -1.578264024E+00 -1.753159955E+00  2.423478868E+00  3.364084633E+00
 -1.536399774E+00 -1.796326617E+00  2.445088222E+00  3.319529472E+00
 -1.493641240E+00 -1.838045185E+00  2.466625881E+00  3.276751228E+00
 -1.450033569E+00 -1.878316315E+00  2.488053846E+00  3.235720346E+00
 -1.405620364E+00 -1.917141516E+00  2.509332613E+00  3.196407426E+00
 -1.360443718E+00 -1.954523049E+00  2.530421247E+00  3.158783355E+00
 -1.314544262E+00 -1.990463824E+00  2.551277481E+00  3.122819423E+00
 -1.267961206E+00 -2.024967305E+00  2.571857819E+00  3.088487429E+00
 -1.220732389E+00 -2.058037424E+00  2.592117667E+00  3.055759777E+00
 -1.172894325E+00 -2.089678499E+00  2.612011480E+00  3.024609562E+00
 -1.124482259E+00 -2.119895155E+00  2.631492923E+00  2.995010638E+00
 -1.075530214E+00 -2.148692256E+00  2.650515053E+00  2.966937695E+00
 -1.026071050E+00 -2.176074837E+00  2.669030514E+00  2.940366308E+00
 -9.761365095E-01 -2.202048041E+00  2.686991756E+00  2.915272997E+00
 -9.257572812E-01 -2.226617065E+00  2.704351257E+00  2.891635267E+00
 -8.749630492E-01 -2.249787106E+00  2.721061774E+00  2.869431650E+00
 -8.237825501E-01 -2.271563310E+00  2.737076590E+00  2.848641740E+00
 -7.722436282E-01 -2.291950732E+00  2.752349784E+00  2.829246222E+00
 -7.203732911E-01 -2.310954291E+00  2.766836503E+00  2.811226901E+00
 -6.681977649E-01 -2.328578735E+00  2.780493237E+00  2.794566718E+00
 -6.157425494E-01 -2.344828603E+00  2.793278101E+00  2.779249776E+00
 -5.630324734E-01 -2.359708201E+00  2.805151117E+00  2.765261353E+00
 -5.100917497E-01 -2.373221566E+00  2.816074483E+00  2.752587916E+00
 -4.569440293E-01 -2.385372445E+00  2.826012848E+00  2.741217133E+00
 -4.036124565E-01 -2.396164274E+00  2.834933566E+00  2.731137882E+00
 -3.501197225E-01 -2.405600152E+00  2.842806939E+00  2.722340261E+00
 -2.964881197E-01 -2.413682830E+00  2.849606446E+00  2.714815593E+00
 -2.427395954E-01 -2.420414694E+00  2.855308949E+00  2.708556430E+00
 -1.888958050E-01 -2.425797750E+00  2.859894871E+00  2.703556562E+00
 -1.349781656E-01 -2.429833616E+00  2.863348358E+00  2.699811015E+00
 -8.100790918E-02 -2.432523512E+00  2.865657404E+00  2.697316058E+00
 -2.700613539E-02 -2.433868255E+00  2.866813950E+00  2.696069202E+00
  2.700613539E-02 -2.433868255E+00  2.866813950E+00  2.696069202E+00
  8.100790918E-02 -2.432523512E+00  2.865657404E+00  2.697316058E+00
  1.349781656E-01 -2.429833616E+00  2.863348358E+00  2.699811015E+00
  1.888958050E-01 -2.425797750E+00  2.859894871E+00  2.703556562E+00
  2.427395954E-01 -2.420414694E+00  2.855308949E+00  2.708556430E+00
  2.964881197E-01 -2.413682830E+00  2.849606446E+00  2.714815593E+00
  3.501197225E-01 -2.405600152E+00  2.842806939E+00  2.722340261E+00
  4.036124565E-01 -2.396164274E+00  2.834933566E+00  2.731137882E+00
  4.569440293E-01 -2.385372445E+00  2.826012848E+00  2.741217133E+00
  5.100917497E-01 -2.373221566E+00  2.816074483E+00  2.752587916E+00
  5.630324734E-01 -2.359708201E+00  2.805151117E+00  2.765261353E+00
  6.157425494E-01 -2.344828603E+00  2.793278101E+00  2.779249776E+00
  6.681977649E-01 -2.328578735E+00  2.780493237E+00  2.794566718E+00
  7.203732911E-01 -2.310954291E+00  2.766836503E+00  2.811226901E+00
  7.722436282E-01 -2.291950732E+00  2.752349784E+00  2.829246222E+00
  8.237825501E-01 -2.271563310E+00  2.737076590E+00  2.848641740E+00
  8.749630492E-01 -2.249787106E+00  2.721061774E+00  2.869431650E+00
  9.257572812E-01 -2.226617065E+00  2.704351257E+00  2.891635267E+00
  9.761365095E-01 -2.202048041E+00  2.686991756E+00  2.915272997E+00
  1.026071050E+00 -2.176074837E+00  2.669030514E+00  2.940366308E+00
  1.075530214E+00 -2.148692256E+00  2.650515053E+00  2.966937695E+00
  1.124482259E+00 -2.119895155E+00  2.631492923E+00  2.995010638E+00
  1.172894325E+00 -2.089678499E+00  2.612011480E+00  3.024609562E+00
  1.220732389E+00 -2.058037424E+00  2.592117667E+00  3.055759777E+00
  1.267961206E+00 -2.024967305E+00  2.571857819E+00  3.088487429E+00
  1.314544262E+00 -1.990463824E+00  2.551277481E+00  3.122819423E+00
  1.360443718E+00 -1.954523049E+00  2.530421247E+00  3.158783355E+00
  1.405620364E+00 -1.917141516E+00  2.509332613E+00  3.196407426E+00
  1.450033569E+00 -1.878316315E+00  2.488053846E+00  3.235720346E+00
  1.493641240E+00 -1.838045185E+00  2.466625881E+00  3.276751228E+00
  1.536399774E+00 -1.796326617E+00  2.445088222E+00  3.319529472E+00
  1.578264024E+00 -1.753159955E+00  2.423478868E+00  3.364084633E+00
  1.619187260E+00 -1.708545513E+00  2.401834248E+00  3.410446277E+00
  1.659121138E+00 -1.662484693E+00  2.380189181E+00  3.458643817E+00
  1.698015674E+00 -1.614980116E+00  2.358576840E+00  3.508706342E+00
  1.735819223E+00 -1.566035750E+00  2.337028731E+00  3.560662421E+00
  1.772478463E+00 -1.515657058E+00  2.315574690E+00  3.614539891E+00
  1.807938388E+00 -1.463851141E+00  2.294242883E+00  3.670365622E+00
  1.842142308E+00 -1.410626899E+00  2.273059819E+00  3.728165270E+00
  1.875031855E+00 -1.355995194E+00  2.252050374E+00  3.787962999E+00
  1.906547003E+00 -1.299969016E+00  2.231237822E+00  3.849781187E+00
  1.936626098E+00 -1.242563669E+00  2.210643864E+00  3.913640102E+00
  1.965205894E+00 -1.183796947E+00  2.190288679E+00  3.979557559E+00
  1.992221610E+00 -1.123689332E+00  2.170190965E+00  4.047548552E+00
  2.017606997E+00 -1.062264186E+00  2.150367992E+00  4.117624856E+00
  2.041294416E+00 -9.995479555E-01  2.130835655E+00  4.189794606E+00
  2.063214941E+00 -9.355703787E-01  2.111608531E+00  4.264061850E+00
  2.083298471E+00 -8.703646942E-01  2.092699940E+00  4.340426080E+00
  2.101473870E+00 -8.039678546E-01  2.074121999E+00  4.418881731E+00
  2.117669116E+00 -7.364207414E-01  2.055885688E+00  4.499417659E+00
  2.131811480E+00 -6.677683788E-01  2.038000907E+00  4.582016604E+00
  2.143827725E+00 -5.980601465E-01  2.020476538E+00  4.666654620E+00
  2.153644327E+00 -5.273499895E-01  2.003320505E+00  4.753300497E+00
  2.161187721E+00 -4.556966214E-01  1.986539832E+00  4.841915168E+00
  2.166384574E+00 -3.831637212E-01  1.970140700E+00  4.932451099E+00
  2.169162082E+00 -3.098201192E-01  1.954128505E+00  5.024851679E+00
  2.169448297E+00 -2.357399707E-01  1.938507913E+00  5.119050609E+00
  2.167172476E+00 -1.610029132E-01  1.923282911E+00  5.214971297E+00
  2.162265461E+00 -8.569420606E-02  1.908456861E+00  5.312526264E+00
  2.154660087E+00 -9.904847190E-03  1.894032544E+00  5.411616571E+00
  2.144291612E+00  6.626833545E-02  1.880012215E+00  5.512131280E+00
  2.131098174E+00  1.427226212E-01  1.866397641E+00  5.613946950E+00
  2.115021275E+00  2.193493671E-01  1.853190150E+00  5.716927187E+00
  2.096006286E+00  2.960340145E-01  1.840390665E+00  5.820922251E+00
  2.074002967E+00  3.726561360E-01  1.827999751E+00  5.925768742E+00
  2.048966010E+00  4.490895267E-01  1.816017644E+00  6.031289365E+00
  2.020855598E+00  5.252023424E-01  1.804444294E+00  6.137292800E+00
  1.989637961E+00  6.008572895E-01  1.793279389E+00  6.243573678E+00
  1.955285956E+00  6.759118689E-01  1.782522395E+00  6.349912683E+00
  1.917779630E+00  7.502186764E-01  1.772172578E+00  6.456076792E+00
  1.877106786E+00  8.236257634E-01  1.762229035E+00  6.561819663E+00
  1.833263541E+00  8.959770580E-01  1.752690720E+00  6.666882174E+00
  1.786254856E+00  9.671128486E-01  1.743556464E+00  6.770993142E+00
  1.736095045E+00  1.036870331E+00  1.734825003E+00  6.873870213E+00
  1.682808256E+00  1.105084218E+00  1.726494995E+00  6.975220925E+00
  1.626428905E+00  1.171587407E+00  1.718565040E+00  7.074743968E+00
  1.567002062E+00  1.236211714E+00  1.711033700E+00  7.172130622E+00
  1.504583784E+00  1.298788654E+00  1.703899513E+00  7.267066370E+00
  1.439241387E+00  1.359150280E+00  1.697161010E+00  7.359232697E+00
  1.371053633E+00  1.417130066E+00  1.690816730E+00  7.448309046E+00
  1.300110856E+00  1.472563824E+00  1.684865231E+00  7.533974918E+00
  1.226514993E+00  1.525290663E+00  1.679305103E+00  7.615912118E+00
  1.150379525E+00  1.575153959E+00  1.674134982E+00  7.693807099E+00
  1.071829329E+00  1.622002350E+00  1.669353554E+00  7.767353389E+00
  9.910004239E-01  1.665690725E+00  1.664959571E+00  7.836254087E+00
  9.080396235E-01  1.706081207E+00  1.660951854E+00  7.900224359E+00
  8.231040827E-01  1.743044123E+00  1.657329302E+00  7.958993947E+00
  7.363607458E-01  1.776458930E+00  1.654090902E+00  8.012309611E+00
  6.479856962E-01  1.806215110E+00  1.651235731E+00  8.059937493E+00
  5.581634114E-01  1.832212999E+00  1.648762961E+00  8.101665363E+00
  4.670859295E-01  1.854364557E+00  1.646671868E+00  8.137304695E+00
  3.749519335E-01  1.872594059E+00  1.644961831E+00  8.166692553E+00
  2.819657627E-01  1.886838691E+00  1.643632337E+00  8.189693255E+00
  1.883363613E-01  1.897049059E+00  1.642682988E+00  8.206199762E+00
  9.427617346E-02  1.903189592E+00  1.642113493E+00  8.216134805E+00
  3.511011689E-16  1.905238827E+00  1.641923681E+00  8.219451692E+00
 -3.430175753E-16  1.855162614E+00  1.620058636E+00  7.845326852E+00
 -9.210602963E-02  1.853170422E+00  1.620243426E+00  7.842233809E+00
 -1.840036070E-01  1.847200710E+00  1.620797850E+00  7.832968985E+00
 -2.754854034E-01  1.837274010E+00  1.621722065E+00  7.817575153E+00
 -3.663463243E-01  1.823424362E+00  1.623016335E+00  7.796123105E+00
 -4.563845949E-01  1.805699033E+00  1.624681026E+00  7.768710924E+00
 -5.454028084E-01  1.784158148E+00  1.626716606E+00  7.735462977E+00
 -6.332089252E-01  1.758874207E+00  1.629123640E+00  7.696528655E+00
 -7.196172135E-01  1.729931526E+00  1.631902791E+00  7.652080879E+00
 -8.044491216E-01  1.697425583E+00  1.635054811E+00  7.602314401E+00
 -8.875340733E-01  1.661462298E+00  1.638580539E+00  7.547443928E+00
 -9.687101812E-01  1.622157246E+00  1.642480897E+00  7.487702095E+00
 -1.047824870E+00  1.579634819E+00  1.646756882E+00  7.423337327E+00
 -1.124735411E+00  1.534027343E+00  1.651409561E+00  7.354611630E+00
 -1.199309358E+00  1.485474168E+00  1.656440061E+00  7.281798317E+00
 -1.271424890E+00  1.434120735E+00  1.661849564E+00  7.205179740E+00
 -1.340971063E+00  1.380117636E+00  1.667639297E+00  7.125045026E+00
 -1.407847961E+00  1.323619678E+00  1.673810519E+00  7.041687860E+00
 -1.471966767E+00  1.264784950E+00  1.680364515E+00  6.955404349E+00
 -1.533249738E+00  1.203773921E+00  1.687302581E+00  6.866490970E+00
 -1.591630111E+00  1.140748557E+00  1.694626012E+00  6.775242640E+00
 -1.647051925E+00  1.075871482E+00  1.702336086E+00  6.681950917E+00
 -1.699469779E+00  1.009305175E+00  1.710434055E+00  6.586902346E+00
 -1.748848529E+00  9.412112153E-01  1.718921119E+00  6.490376961E+00
 -1.795162930E+00  8.717495846E-01  1.727798419E+00  6.392646946E+00
 -1.838397231E+00  8.010780176E-01  1.737067010E+00  6.293975462E+00
 -1.878544728E+00  7.293514127E-01  1.746727843E+00  6.194615647E+00
 -1.915607293E+00  6.567213012E-01  1.756781747E+00  6.094809767E+00
 -1.949594863E+00  5.833353754E-01  1.767229399E+00  5.994788533E+00
 -1.980524930E+00  5.093370749E-01  1.778071306E+00  5.894770573E+00
 -2.008421998E+00  4.348652317E-01  1.789307773E+00  5.794962046E+00
 -2.033317048E+00  3.600537704E-01  1.800938879E+00  5.695556389E+00
 -2.055246997E+00  2.850314642E-01  1.812964443E+00  5.596734196E+00
 -2.074254160E+00  2.099217406E-01  1.825383997E+00  5.498663205E+00
 -2.090385721E+00  1.348425376E-01  1.838196749E+00  5.401498391E+00
 -2.103693217E+00  5.990620469E-02  1.851401549E+00  5.305382156E+00
 -2.114232033E+00 -1.478055385E-02  1.864996849E+00  5.210444586E+00
 -2.122060924E+00 -8.911669622E-02  1.878980671E+00  5.116803794E+00
 -2.127241544E+00 -1.630068255E-01  1.893350557E+00  5.024566307E+00
 -2.129838013E+00 -2.363611398E-01  1.908103531E+00  4.933827510E+00
 -2.129916491E+00 -3.090953545E-01  1.923236053E+00  4.844672128E+00
 -2.127544792E+00 -3.811305986E-01  1.938743973E+00  4.757174733E+00
 -2.122792011E+00 -4.523932901E-01  1.954622481E+00  4.671400277E+00
 -2.115728182E+00 -5.228149925E-01  1.970866058E+00  4.587404640E+00
 -2.106423963E+00 -5.923322552E-01  1.987468423E+00  4.505235179E+00
 -2.094950342E+00 -6.608864410E-01  2.004422482E+00  4.424931290E+00
 -2.081378372E+00 -7.284235438E-01  2.021720272E+00  4.346524956E+00
 -2.065778926E+00 -7.948939976E-01  2.039352906E+00  4.270041290E+00
 -2.048222477E+00 -8.602524796E-01  2.057310516E+00  4.195499074E+00
 -2.028778905E+00 -9.244577095E-01  2.075582201E+00  4.122911270E+00
 -2.007517317E+00 -9.874722471E-01  2.094155965E+00  4.052285529E+00
 -1.984505895E+00 -1.049262288E+00  2.113018663E+00  3.983624664E+00
 -1.959811757E+00 -1.109797462E+00  2.132155950E+00  3.916927118E+00
 -1.933500844E+00 -1.169050632E+00  2.151552219E+00  3.852187402E+00
 -1.905637817E+00 -1.226997694E+00  2.171190558E+00  3.789396509E+00
 -1.876285971E+00 -1.283617388E+00  2.191052693E+00  3.728542308E+00
 -1.845507169E+00 -1.338891103E+00  2.211118947E+00  3.669609917E+00
 -1.813361783E+00 -1.392802700E+00  2.231368197E+00  3.612582049E+00
 -1.779908649E+00 -1.445338327E+00  2.251777835E+00  3.557439334E+00
 -1.745205040E+00 -1.496486251E+00  2.272323738E+00  3.504160626E+00
 -1.709306639E+00 -1.546236692E+00  2.292980240E+00  3.452723279E+00
 -1.672267529E+00 -1.594581665E+00  2.313720118E+00  3.403103411E+00
 -1.634140190E+00 -1.641514826E+00  2.334514582E+00  3.355276141E+00
 -1.594975503E+00 -1.687031328E+00  2.355333271E+00  3.309215813E+00
 -1.554822761E+00 -1.731127685E+00  2.376144267E+00  3.264896196E+00
 -1.513729683E+00 -1.773801636E+00  2.396914114E+00  3.222290670E+00
 -1.471742444E+00 -1.815052028E+00  2.417607855E+00  3.181372396E+00
 -1.428905698E+00 -1.854878690E+00  2.438189074E+00  3.142114471E+00
 -1.385262610E+00 -1.893282328E+00  2.458619962E+00  3.104490068E+00
 -1.340854894E+00 -1.930264418E+00  2.478861385E+00  3.068472562E+00
 -1.295722849E+00 -1.965827109E+00  2.498872984E+00  3.034035643E+00
 -1.249905406E+00 -1.999973126E+00  2.518613273E+00  3.001153425E+00
 -1.203440167E+00 -2.032705692E+00  2.538039767E+00  2.969800532E+00
 -1.156363455E+00 -2.064028436E+00  2.557109119E+00  2.939952186E+00
 -1.108710360E+00 -2.093945325E+00  2.575777274E+00  2.911584276E+00
 -1.060514790E+00 -2.122460593E+00  2.593999645E+00  2.884673431E+00
 -1.011809518E+00 -2.149578670E+00  2.611731294E+00  2.859197073E+00
 -9.626262407E-01 -2.175304125E+00  2.628927139E+00  2.835133470E+00
 -9.129956224E-01 -2.199641608E+00  2.645542166E+00  2.812461785E+00
 -8.629473535E-01 -2.222595800E+00  2.661531660E+00  2.791162113E+00
 -8.125102013E-01 -2.244171360E+00  2.676851439E+00  2.771215516E+00
 -7.617120639E-01 -2.264372883E+00  2.691458108E+00  2.752604055E+00
 -7.105800235E-01 -2.283204860E+00  2.705309310E+00  2.735310819E+00
 -6.591404003E-01 -2.300671637E+00  2.718363984E+00  2.719319945E+00
 -6.074188056E-01 -2.316777385E+00  2.730582629E+00  2.704616638E+00
 -5.554401959E-01 -2.331526067E+00  2.741927561E+00  2.691187191E+00
 -5.032289255E-01 -2.344921406E+00  2.752363170E+00  2.679018996E+00
 -4.508088002E-01 -2.356966868E+00  2.761856170E+00  2.668100562E+00
 -3.982031304E-01 -2.367665631E+00  2.770375835E+00  2.658421517E+00
 -3.454347834E-01 -2.377020571E+00  2.777894227E+00  2.649972628E+00
 -2.925262365E-01 -2.385034240E+00  2.784386405E+00  2.642745797E+00
 -2.394996293E-01 -2.391708854E+00  2.789830615E+00  2.636734075E+00
 -1.863768158E-01 -2.397046278E+00  2.794208458E+00  2.631931665E+00
 -1.331794170E-01 -2.401048019E+00  2.797505035E+00  2.628333923E+00
 -7.992887232E-02 -2.403715211E+00  2.799709067E+00  2.625937366E+00
 -2.664649187E-02 -2.405048617E+00  2.800812983E+00  2.624739669E+00
  2.664649187E-02 -2.405048617E+00  2.800812983E+00  2.624739669E+00
  7.992887232E-02 -2.403715211E+00  2.799709067E+00  2.625937366E+00
  1.331794170E-01 -2.401048019E+00  2.797505035E+00  2.628333923E+00
  1.863768158E-01 -2.397046278E+00  2.794208458E+00  2.631931665E+00
  2.394996293E-01 -2.391708854E+00  2.789830615E+00  2.636734075E+00
  2.925262365E-01 -2.385034240E+00  2.784386405E+00  2.642745797E+00
  3.454347834E-01 -2.377020571E+00  2.777894227E+00  2.649972628E+00
  3.982031304E-01 -2.367665631E+00  2.770375835E+00  2.658421517E+00
  4.508088002E-01 -2.356966868E+00  2.761856170E+00  2.668100562E+00
  5.032289255E-01 -2.344921406E+00  2.752363170E+00  2.679018996E+00
  5.554401959E-01 -2.331526067E+00  2.741927561E+00  2.691187191E+00
  6.074188056E-01 -2.316777385E+00  2.730582629E+00  2.704616638E+00
  6.591404003E-01 -2.300671637E+00  2.718363984E+00  2.719319945E+00
  7.105800235E-01 -2.283204860E+00  2.705309310E+00  2.735310819E+00
  7.617120639E-01 -2.264372883E+00  2.691458108E+00  2.752604055E+00
  8.125102013E-01 -2.244171360E+00  2.676851439E+00  2.771215516E+00
  8.629473535E-01 -2.222595800E+00  2.661531660E+00  2.791162113E+00
  9.129956224E-01 -2.199641608E+00  2.645542166E+00  2.812461785E+00
  9.626262407E-01 -2.175304125E+00  2.628927139E+00  2.835133470E+00
  1.011809518E+00 -2.149578670E+00  2.611731294E+00  2.859197073E+00
  1.060514790E+00 -2.122460593E+00  2.593999645E+00  2.884673431E+00
  1.108710360E+00 -2.093945325E+00  2.575777274E+00  2.911584276E+00
  1.156363455E+00 -2.064028436E+00  2.557109119E+00  2.939952186E+00
  1.203440167E+00 -2.032705692E+00  2.538039767E+00  2.969800532E+00
  1.249905406E+00 -1.999973126E+00  2.518613273E+00  3.001153425E+00
  1.295722849E+00 -1.965827109E+00  2.498872984E+00  3.034035643E+00
  1.340854894E+00 -1.930264418E+00  2.478861385E+00  3.068472562E+00
  1.385262610E+00 -1.893282328E+00  2.458619962E+00  3.104490068E+00
  1.428905698E+00 -1.854878690E+00  2.438189074E+00  3.142114471E+00
  1.471742444E+00 -1.815052028E+00  2.417607855E+00  3.181372396E+00
  1.513729683E+00 -1.773801636E+00  2.396914114E+00  3.222290670E+00
  1.554822761E+00 -1.731127685E+00  2.376144267E+00  3.264896196E+00
  1.594975503E+00 -1.687031328E+00  2.355333271E+00  3.309215813E+00
  1.634140190E+00 -1.641514826E+00  2.334514582E+00  3.355276141E+00
  1.672267529E+00 -1.594581665E+00  2.313720118E+00  3.403103411E+00
  1.709306639E+00 -1.546236692E+00  2.292980240E+00  3.452723279E+00
  1.745205040E+00 -1.496486251E+00  2.272323738E+00  3.504160626E+00
  1.779908649E+00 -1.445338327E+00  2.251777835E+00  3.557439334E+00
  1.813361783E+00 -1.392802700E+00  2.231368197E+00  3.612582049E+00
  1.845507169E+00 -1.338891103E+00  2.211118947E+00  3.669609917E+00
  1.876285971E+00 -1.283617388E+00  2.191052693E+00  3.728542308E+00
  1.905637817E+00 -1.226997694E+00  2.171190558E+00  3.789396509E+00
  1.933500844E+00 -1.169050632E+00  2.151552219E+00  3.852187402E+00
  1.959811757E+00 -1.109797462E+00  2.132155950E+00  3.916927118E+00
  1.984505895E+00 -1.049262288E+00  2.113018663E+00  3.983624664E+00
  2.007517317E+00 -9.874722471E-01  2.094155965E+00  4.052285529E+00
  2.028778905E+00 -9.244577095E-01  2.075582201E+00  4.122911270E+00
  2.048222477E+00 -8.602524796E-01  2.057310516E+00  4.195499074E+00
  2.065778926E+00 -7.948939976E-01  2.039352906E+00  4.270041290E+00
  2.081378372E+00 -7.284235438E-01  2.021720272E+00  4.346524956E+00
  2.094950342E+00 -6.608864410E-01  2.004422482E+00  4.424931290E+00
  2.106423963E+00 -5.923322552E-01  1.987468423E+00  4.505235179E+00
  2.115728182E+00 -5.228149925E-01  1.970866058E+00  4.587404640E+00
  2.122792011E+00 -4.523932901E-01  1.954622481E+00  4.671400277E+00
  2.127544792E+00 -3.811305986E-01  1.938743973E+00  4.757174733E+00
  2.129916491E+00 -3.090953545E-01  1.923236053E+00  4.844672128E+00
  2.129838013E+00 -2.363611398E-01  1.908103531E+00  4.933827510E+00
  2.127241544E+00 -1.630068255E-01  1.893350557E+00  5.024566307E+00
  2.122060924E+00 -8.911669622E-02  1.878980671E+00  5.116803794E+00
  2.114232033E+00 -1.478055385E-02  1.864996849E+00  5.210444586E+00
  2.103693217E+00  5.990620469E-02  1.851401549E+00  5.305382156E+00
  2.090385721E+00  1.348425376E-01  1.838196749E+00  5.401498391E+00
  2.074254160E+00  2.099217406E-01  1.825383997E+00  5.498663205E+00
  2.055246997E+00  2.850314642E-01  1.812964443E+00  5.596734196E+00
  2.033317048E+00  3.600537704E-01  1.800938879E+00  5.695556389E+00
  2.008421998E+00  4.348652317E-01  1.789307773E+00  5.794962046E+00
  1.980524930E+00  5.093370749E-01  1.778071306E+00  5.894770573E+00
  1.949594863E+00  5.833353754E-01  1.767229399E+00  5.994788533E+00
  1.915607293E+00  6.567213012E-01  1.756781747E+00  6.094809767E+00
  1.878544728E+00  7.293514127E-01  1.746727843E+00  6.194615647E+00
  1.838397231E+00  8.010780176E-01  1.737067010E+00  6.293975462E+00
  1.795162930E+00  8.717495846E-01  1.727798419E+00  6.392646946E+00
  1.748848529E+00  9.412112153E-01  1.718921119E+00  6.490376961E+00
  1.699469779E+00  1.009305175E+00  1.710434055E+00  6.586902346E+00
  1.647051925E+00  1.075871482E+00  1.702336086E+00  6.681950917E+00
  1.591630111E+00  1.140748557E+00  1.694626012E+00  6.775242640E+00
  1.533249738E+00  1.203773921E+00  1.687302581E+00  6.866490970E+00
  1.471966767E+00  1.264784950E+00  1.680364515E+00  6.955404349E+00
  1.407847961E+00  1.323619678E+00  1.673810519E+00  7.041687860E+00
  1.340971063E+00  1.380117636E+00  1.667639297E+00  7.125045026E+00
  1.271424890E+00  1.434120735E+00  1.661849564E+00  7.205179740E+00
  1.199309358E+00  1.485474168E+00  1.656440061E+00  7.281798317E+00
  1.124735411E+00  1.534027343E+00  1.651409561E+00  7.354611630E+00
  1.047824870E+00  1.579634819E+00  1.646756882E+00  7.423337327E+00
  9.687101812E-01  1.622157246E+00  1.642480897E+00  7.487702095E+00
  8.875340733E-01  1.661462298E+00  1.638580539E+00  7.547443928E+00
  8.044491216E-01  1.697425583E+00  1.635054811E+00  7.602314401E+00
  7.196172135E-01  1.729931526E+00  1.631902791E+00  7.652080879E+00
  6.332089252E-01  1.758874207E+00  1.629123640E+00  7.696528655E+00
  5.454028084E-01  1.784158148E+00  1.626716606E+00  7.735462977E+00
  4.563845949E-01  1.805699033E+00  1.624681026E+00  7.768710924E+00
  3.663463243E-01  1.823424362E+00  1.623016335E+00  7.796123105E+00
  2.754854034E-01  1.837274010E+00  1.621722065E+00  7.817575153E+00
  1.840036070E-01  1.847200710E+00  1.620797850E+00  7.832968985E+00
  9.210602963E-02  1.853170422E+00  1.620243426E+00  7.842233809E+00
  3.430175753E-16  1.855162614E+00  1.620058636E+00  7.845326852E+00
 -3.351137007E-16  1.805958613E+00  1.598255484E+00  7.487945317E+00
 -8.998411419E-02  1.804021794E+00  1.598435334E+00  7.485061176E+00
 -1.797670254E-01  1.798217903E+00  1.598974931E+00  7.476421859E+00
 -2.691485963E-01  1.788566589E+00  1.599874419E+00  7.462066549E+00
 -3.579308081E-01  1.775100426E+00  1.601134038E+00  7.442060106E+00
 -4.459187911E-01  1.757864655E+00  1.602754121E+00  7.416492407E+00
 -5.329218196E-01  1.736916835E+00  1.604735093E+00  7.385477447E+00
 -6.187542618E-01  1.712326387E+00  1.607077468E+00  7.349152201E+00
 -7.032364742E-01  1.684174071E+00  1.609781848E+00  7.307675277E+00
 -7.861956331E-01  1.652551365E+00  1.612848913E+00  7.261225385E+00
 -8.674664939E-01  1.617559795E+00  1.616279424E+00  7.209999643E+00
 -9.468920728E-01  1.579310185E+00  1.620074214E+00  7.154211752E+00
 -1.024324247E+00  1.537921867E+00  1.624234181E+00  7.094090058E+00
 -1.099624266E+00  1.493521854E+00  1.628760286E+00  7.029875551E+00
 -1.172663179E+00  1.446243973E+00  1.633653540E+00  6.961819813E+00
 -1.243322166E+00  1.396227982E+00  1.638915001E+00  6.890182949E+00
 -1.311492789E+00  1.343618684E+00  1.644545762E+00  6.815231536E+00
 -1.377077147E+00  1.288565032E+00  1.650546941E+00  6.737236605E+00
 -1.439987951E+00  1.231219251E+00  1.656919674E+00  6.656471684E+00
 -1.500148517E+00  1.171735969E+00  1.663665099E+00  6.573210931E+00
 -1.557492685E+00  1.110271385E+00  1.670784346E+00  6.487727359E+00
 -1.611964662E+00  1.046982461E+00  1.678278521E+00  6.400291185E+00
 -1.663518805E+00  9.820261543E-01  1.686148695E+00  6.311168304E+00
 -1.712119341E+00  9.155586987E-01  1.694395885E+00  6.220618904E+00
 -1.757740039E+00  8.477349258E-01  1.703021037E+00  6.128896220E+00
 -1.800363832E+00  7.787076432E-01  1.712025010E+00  6.036245443E+00
 -1.839982406E+00  7.086270633E-01  1.721408553E+00  5.942902774E+00
 -1.876595748E+00  6.376402883E-01  1.731172286E+00  5.849094629E+00
 -1.910211685E+00  5.658908494E-01  1.741316678E+00  5.755036980E+00
 -1.940845381E+00  4.935183028E-01  1.751842021E+00  5.660934848E+00
 -1.968518845E+00  4.206578786E-01  1.762748407E+00  5.566981916E+00
 -1.993260414E+00  3.474401850E-01  1.774035696E+00  5.473360272E+00
 -2.015104240E+00  2.739909623E-01  1.785703494E+00  5.380240270E+00
 -2.034089785E+00  2.004308867E-01  1.797751118E+00  5.287780488E+00
 -2.050261310E+00  1.268754212E-01  1.810177564E+00  5.196127789E+00
 -2.063667385E+00  5.343470960E-02  1.822981474E+00  5.105417467E+00
 -2.074360408E+00 -1.978648843E-02  1.836161102E+00  5.015773466E+00
 -2.082396142E+00 -9.268882497E-02  1.849714272E+00  4.927308662E+00
 -2.087833268E+00 -1.651783569E-01  1.863638343E+00  4.840125210E+00
 -2.090732959E+00 -2.371665082E-01  1.877930168E+00  4.754314924E+00
 -2.091158480E+00 -3.085700043E-01  1.892586047E+00  4.669959707E+00
 -2.089174804E+00 -3.793107821E-01  1.907601686E+00  4.587132004E+00
 -2.084848254E+00 -4.493158778E-01  1.922972152E+00  4.505895276E+00
 -2.078246174E+00 -5.185172974E-01  1.938691823E+00  4.426304496E+00
 -2.069436614E+00 -5.868518701E-01  1.954754339E+00  4.348406646E+00
 -2.058488051E+00 -6.542610892E-01  1.971152556E+00  4.272241222E+00
 -2.045469121E+00 -7.206909426E-01  1.987878489E+00  4.197840738E+00
 -2.030448382E+00 -7.860917340E-01  2.004923266E+00  4.125231220E+00
 -2.013494098E+00 -8.504178990E-01  2.022277072E+00  4.054432701E+00
 -1.994674046E+00 -9.136278152E-01  2.039929097E+00  3.985459689E+00
 -1.974055334E+00 -9.756836112E-01  2.057867486E+00  3.918321636E+00
 -1.951704255E+00 -1.036550973E+00  2.076079283E+00  3.853023378E+00
 -1.927686145E+00 -1.096198953E+00  2.094550385E+00  3.789565565E+00
 -1.902065266E+00 -1.154599775E+00  2.113265489E+00  3.727945069E+00
 -1.874904703E+00 -1.211728650E+00  2.132208043E+00  3.668155369E+00
 -1.846266281E+00 -1.267563585E+00  2.151360208E+00  3.610186922E+00
 -1.816210485E+00 -1.322085207E+00  2.170702810E+00  3.554027507E+00
 -1.784796411E+00 -1.375276583E+00  2.190215303E+00  3.499662552E+00
 -1.752081710E+00 -1.427123047E+00  2.209875741E+00  3.447075437E+00
 -1.718122557E+00 -1.477612038E+00  2.229660744E+00  3.396247781E+00
 -1.682973627E+00 -1.526732938E+00  2.249545480E+00  3.347159708E+00
 -1.646688076E+00 -1.574476915E+00  2.269503651E+00  3.299790089E+00
 -1.609317536E+00 -1.620836782E+00  2.289507486E+00  3.254116775E+00
 -1.570912116E+00 -1.665806850E+00  2.309527744E+00  3.210116802E+00
 -1.531520406E+00 -1.709382797E+00  2.329533726E+00  3.167766591E+00
 -1.491189495E+00 -1.751561540E+00  2.349493299E+00  3.127042118E+00
 -1.449964990E+00 -1.792341110E+00  2.369372929E+00  3.087919081E+00
 -1.407891038E+00 -1.831720541E+00  2.389137731E+00  3.050373049E+00
 -1.365010354E+00 -1.869699761E+00  2.408751527E+00  3.014379596E+00
 -1.321364258E+00 -1.906279485E+00  2.428176916E+00  2.979914420E+00
 -1.276992706E+00 -1.941461122E+00  2.447375371E+00  2.946953461E+00
 -1.231934334E+00 -1.975246683E+00  2.466307333E+00  2.915472996E+00
 -1.186226492E+00 -2.007638695E+00  2.484932333E+00  2.885449735E+00
 -1.139905297E+00 -2.038640123E+00  2.503209123E+00  2.856860895E+00
 -1.093005668E+00 -2.068254290E+00  2.521095828E+00  2.829684278E+00
 -1.045561381E+00 -2.096484813E+00  2.538550100E+00  2.803898338E+00
 -9.976051134E-01 -2.123335534E+00  2.555529304E+00  2.779482233E+00
 -9.491684924E-01 -2.148810461E+00  2.571990703E+00  2.756415882E+00
 -9.002821470E-01 -2.172913710E+00  2.587891662E+00  2.734680008E+00
 -8.509757575E-01 -2.195649456E+00  2.603189861E+00  2.714256180E+00
 -8.012781065E-01 -2.217021879E+00  2.617843521E+00  2.695126847E+00
 -7.512171304E-01 -2.237035127E+00  2.631811636E+00  2.677275373E+00
 -7.008199712E-01 -2.255693269E+00  2.645054206E+00  2.660686059E+00
 -6.501130279E-01 -2.273000260E+00  2.657532484E+00  2.645344170E+00
 -5.991220086E-01 -2.288959905E+00  2.669209216E+00  2.631235958E+00
 -5.478719823E-01 -2.303575832E+00  2.680048883E+00  2.618348675E+00
 -4.963874306E-01 -2.316851460E+00  2.690017938E+00  2.606670591E+00
 -4.446922994E-01 -2.328789972E+00  2.699085038E+00  2.596191009E+00
 -3.928100506E-01 -2.339394299E+00  2.707221266E+00  2.586900271E+00
 -3.407637135E-01 -2.348667091E+00  2.714400337E+00  2.578789775E+00
 -2.885759359E-01 -2.356610709E+00  2.720598794E+00  2.571851975E+00
 -2.362690358E-01 -2.363227200E+00  2.725796185E+00  2.566080395E+00
 -1.838650519E-01 -2.368518293E+00  2.729975216E+00  2.561469629E+00
 -1.313857946E-01 -2.372485381E+00  2.733121886E+00  2.558015346E+00
 -7.885289734E-02 -2.375129519E+00  2.735225598E+00  2.555714298E+00
 -2.628786668E-02 -2.376451410E+00  2.736279240E+00  2.554564316E+00
  2.628786668E-02 -2.376451410E+00  2.736279240E+00  2.554564316E+00
  7.885289734E-02 -2.375129519E+00  2.735225598E+00  2.555714298E+00
  1.313857946E-01 -2.372485381E+00  2.733121886E+00  2.558015346E+00
  1.838650519E-01 -2.368518293E+00  2.729975216E+00  2.561469629E+00
  2.362690358E-01 -2.363227200E+00  2.725796185E+00  2.566080395E+00
  2.885759359E-01 -2.356610709E+00  2.720598794E+00  2.571851975E+00
  3.407637135E-01 -2.348667091E+00  2.714400337E+00  2.578789775E+00
  3.928100506E-01 -2.339394299E+00  2.707221266E+00  2.586900271E+00
  4.446922994E-01 -2.328789972E+00  2.699085038E+00  2.596191009E+00
  4.963874306E-01 -2.316851460E+00  2.690017938E+00  2.606670591E+00
  5.478719823E-01 -2.303575832E+00  2.680048883E+00  2.618348675E+00
  5.991220086E-01 -2.288959905E+00  2.669209216E+00  2.631235958E+00
  6.501130279E-01 -2.273000260E+00  2.657532484E+00  2.645344170E+00
  7.008199712E-01 -2.255693269E+00  2.645054206E+00  2.660686059E+00
  7.512171304E-01 -2.237035127E+00  2.631811636E+00  2.677275373E+00
  8.012781065E-01 -2.217021879E+00  2.617843521E+00  2.695126847E+00
  8.509757575E-01 -2.195649456E+00  2.603189861E+00  2.714256180E+00
  9.002821470E-01 -2.172913710E+00  2.587891662E+00  2.734680008E+00
  9.491684924E-01 -2.148810461E+00  2.571990703E+00  2.756415882E+00
  9.976051134E-01 -2.123335534E+00  2.555529304E+00  2.779482233E+00
  1.045561381E+00 -2.096484813E+00  2.538550100E+00  2.803898338E+00
  1.093005668E+00 -2.068254290E+00  2.521095828E+00  2.829684278E+00
  1.139905297E+00 -2.038640123E+00  2.503209123E+00  2.856860895E+00
  1.186226492E+00 -2.007638695E+00  2.484932333E+00  2.885449735E+00
  1.231934334E+00 -1.975246683E+00  2.466307333E+00  2.915472996E+00
  1.276992706E+00 -1.941461122E+00  2.447375371E+00  2.946953461E+00
  1.321364258E+00 -1.906279485E+00  2.428176916E+00  2.979914420E+00
  1.365010354E+00 -1.869699761E+00  2.408751527E+00  3.014379596E+00
  1.407891038E+00 -1.831720541E+00  2.389137731E+00  3.050373049E+00
  1.449964990E+00 -1.792341110E+00  2.369372929E+00  3.087919081E+00
  1.491189495E+00 -1.751561540E+00  2.349493299E+00  3.127042118E+00
  1.531520406E+00 -1.709382797E+00  2.329533726E+00  3.167766591E+00
  1.570912116E+00 -1.665806850E+00  2.309527744E+00  3.210116802E+00
  1.609317536E+00 -1.620836782E+00  2.289507486E+00  3.254116775E+00
  1.646688076E+00 -1.574476915E+00  2.269503651E+00  3.299790089E+00
  1.682973627E+00 -1.526732938E+00  2.249545480E+00  3.347159708E+00
  1.718122557E+00 -1.477612038E+00  2.229660744E+00  3.396247781E+00
  1.752081710E+00 -1.427123047E+00  2.209875741E+00  3.447075437E+00
  1.784796411E+00 -1.375276583E+00  2.190215303E+00  3.499662552E+00
  1.816210485E+00 -1.322085207E+00  2.170702810E+00  3.554027507E+00
  1.846266281E+00 -1.267563585E+00  2.151360208E+00  3.610186922E+00
  1.874904703E+00 -1.211728650E+00  2.132208043E+00  3.668155369E+00
  1.902065266E+00 -1.154599775E+00  2.113265489E+00  3.727945069E+00
  1.927686145E+00 -1.096198953E+00  2.094550385E+00  3.789565565E+00
  1.951704255E+00 -1.036550973E+00  2.076079283E+00  3.853023378E+00
  1.974055334E+00 -9.756836112E-01  2.057867486E+00  3.918321636E+00
  1.994674046E+00 -9.136278152E-01  2.039929097E+00  3.985459689E+00
  2.013494098E+00 -8.504178990E-01  2.022277072E+00  4.054432701E+00
  2.030448382E+00 -7.860917340E-01  2.004923266E+00  4.125231220E+00
  2.045469121E+00 -7.206909426E-01  1.987878489E+00  4.197840738E+00
  2.058488051E+00 -6.542610892E-01  1.971152556E+00  4.272241222E+00
  2.069436614E+00 -5.868518701E-01  1.954754339E+00  4.348406646E+00
  2.078246174E+00 -5.185172974E-01  1.938691823E+00  4.426304496E+00
  2.084848254E+00 -4.493158778E-01  1.922972152E+00  4.505895276E+00
  2.089174804E+00 -3.793107821E-01  1.907601686E+00  4.587132004E+00
  2.091158480E+00 -3.085700043E-01  1.892586047E+00  4.669959707E+00
  2.090732959E+00 -2.371665082E-01  1.877930168E+00  4.754314924E+00
  2.087833268E+00 -1.651783569E-01  1.863638343E+00  4.840125210E+00
  2.082396142E+00 -9.268882497E-02  1.849714272E+00  4.927308662E+00
  2.074360408E+00 -1.978648843E-02  1.836161102E+00  5.015773466E+00
  2.063667385E+00  5.343470960E-02  1.822981474E+00  5.105417467E+00
  2.050261310E+00  1.268754212E-01  1.810177564E+00  5.196127789E+00
  2.034089785E+00  2.004308867E-01  1.797751118E+00  5.287780488E+00
  2.015104240E+00  2.739909623E-01  1.785703494E+00  5.380240270E+00
  1.993260414E+00  3.474401850E-01  1.774035696E+00  5.473360272E+00
  1.968518845E+00  4.206578786E-01  1.762748407E+00  5.566981916E+00
  1.940845381E+00  4.935183028E-01  1.751842021E+00  5.660934848E+00
  1.910211685E+00  5.658908494E-01  1.741316678E+00  5.755036980E+00
  1.876595748E+00  6.376402883E-01  1.731172286E+00  5.849094629E+00
  1.839982406E+00  7.086270633E-01  1.721408553E+00  5.942902774E+00
  1.800363832E+00  7.787076432E-01  1.712025010E+00  6.036245443E+00
  1.757740039E+00  8.477349258E-01  1.703021037E+00  6.128896220E+00
  1.712119341E+00  9.155586987E-01  1.694395885E+00  6.220618904E+00
  1.663518805E+00  9.820261543E-01  1.686148695E+00  6.311168304E+00
  1.611964662E+00  1.046982461E+00  1.678278521E+00  6.400291185E+00
  1.557492685E+00  1.110271385E+00  1.670784346E+00  6.487727359E+00
  1.500148517E+00  1.171735969E+00  1.663665099E+00  6.573210931E+00
  1.439987951E+00  1.231219251E+00  1.656919674E+00  6.656471684E+00
  1.377077147E+00  1.288565032E+00  1.650546941E+00  6.737236605E+00
  1.311492789E+00  1.343618684E+00  1.644545762E+00  6.815231536E+00
  1.243322166E+00  1.396227982E+00  1.638915001E+00  6.890182949E+00
  1.172663179E+00  1.446243973E+00  1.633653540E+00  6.961819813E+00
  1.099624266E+00  1.493521854E+00  1.628760286E+00  7.029875551E+00
  1.024324247E+00  1.537921867E+00  1.624234181E+00  7.094090058E+00
  9.468920728E-01  1.579310185E+00  1.620074214E+00  7.154211752E+00
  8.674664939E-01  1.617559795E+00  1.616279424E+00  7.209999643E+00
  7.861956331E-01  1.652551365E+00  1.612848913E+00  7.261225385E+00
  7.032364742E-01  1.684174071E+00  1.609781848E+00  7.307675277E+00
  6.187542618E-01  1.712326387E+00  1.607077468E+00  7.349152201E+00
  5.329218196E-01  1.736916835E+00  1.604735093E+00  7.385477447E+00
  4.459187911E-01  1.757864655E+00  1.602754121E+00  7.416492407E+00
  3.579308081E-01  1.775100426E+00  1.601134038E+00  7.442060106E+00
  2.691485963E-01  1.788566589E+00  1.599874419E+00  7.462066549E+00
  1.797670254E-01  1.798217903E+00  1.598974931E+00  7.476421859E+00
  8.998411419E-02  1.804021794E+00  1.598435334E+00  7.485061176E+00
  3.351137007E-16  1.805958613E+00  1.598255484E+00  7.487945317E+00
 -3.273889476E-16  1.757635943E+00  1.576529100E+00  7.146712710E+00
 -8.791026800E-02  1.755752854E+00  1.576704093E+00  7.144023438E+00
 -1.756263067E-01  1.750109871E+00  1.577229115E+00  7.135967626E+00
 -2.629548974E-01  1.740725800E+00  1.578104297E+00  7.122581170E+00
 -3.497048313E-01  1.727631817E+00  1.579329856E+00  7.103923499E+00
 -4.356878867E-01  1.710871233E+00  1.580906093E+00  7.080076978E+00
 -5.207197747E-01  1.690499155E+00  1.582833393E+00  7.051146099E+00
 -6.046210411E-01  1.666582070E+00  1.585112222E+00  7.017256457E+00
 -6.872179185E-01  1.639197340E+00  1.587743120E+00  6.978553536E+00
 -7.683431174E-01  1.608432627E+00  1.590726702E+00  6.935201332E+00
 -8.478365517E-01  1.574385252E+00  1.594063654E+00  6.887380820E+00
 -9.255459914E-01  1.537161499E+00  1.597754723E+00  6.835288303E+00
 -1.001327637E+00  1.496875862E+00  1.601800714E+00  6.779133672E+00
 -1.075046615E+00  1.453650263E+00  1.606202487E+00  6.719138584E+00
 -1.146577387E+00  1.407613237E+00  1.610960942E+00  6.655534604E+00
 -1.215804079E+00  1.358899093E+00  1.616077018E+00  6.588561334E+00
 -1.282620726E+00  1.307647076E+00  1.621551683E+00  6.518464541E+00
 -1.346931428E+00  1.254000515E+00  1.627385921E+00  6.445494323E+00
 -1.408650437E+00  1.198105992E+00  1.633580724E+00  6.369903326E+00
 -1.467702157E+00  1.140112513E+00  1.640137083E+00  6.291945033E+00
 -1.524021080E+00  1.080170714E+00  1.647055970E+00  6.211872141E+00
 -1.577551648E+00  1.018432092E+00  1.654338329E+00  6.129935042E+00
 -1.628248054E+00  9.550482681E-01  1.661985061E+00  6.046380419E+00
 -1.676073991E+00  8.901702982E-01  1.669997007E+00  5.961449960E+00
 -1.721002348E+00  8.239480216E-01  1.678374934E+00  5.875379210E+00
 -1.763014858E+00  7.565294607E-01  1.687119512E+00  5.788396546E+00
 -1.802101716E+00  6.880602691E-01  1.696231303E+00  5.700722296E+00
 -1.838261161E+00  6.186832317E-01  1.705710730E+00  5.612567980E+00
 -1.871499032E+00  5.485378161E-01  1.715558067E+00  5.524135691E+00
 -1.901828311E+00  4.777597771E-01  1.725773405E+00  5.435617601E+00
 -1.929268645E+00  4.064808121E-01  1.736356636E+00  5.347195580E+00
 -1.953845863E+00  3.348282668E-01  1.747307421E+00  5.259040938E+00
 -1.975591491E+00  2.629248905E-01  1.758625163E+00  5.171314266E+00
 -1.994542269E+00  1.908886377E-01  1.770308983E+00  5.084165379E+00
 -2.010739664E+00  1.188325143E-01  1.782357681E+00  4.997733346E+00
 -2.024229408E+00  4.686446600E-02  1.794769710E+00  4.912146596E+00
 -2.035061032E+00 -2.491269466E-02  1.807543139E+00  4.827523102E+00
 -2.043287421E+00 -9.640132447E-02  1.820675618E+00  4.743970620E+00
 -2.048964393E+00 -1.675089530E-01  1.834164339E+00  4.661586982E+00
 -2.052150279E+00 -2.381482559E-01  1.848006001E+00  4.580460437E+00
 -2.052905542E+00 -3.082370008E-01  1.862196763E+00  4.500670024E+00
 -2.051292407E+00 -3.776979692E-01  1.876732210E+00  4.422285978E+00
 -2.047374509E+00 -4.464588576E-01  1.891607301E+00  4.345370150E+00
 -2.041216576E+00 -5.144521596E-01  1.906816331E+00  4.269976457E+00
 -2.032884125E+00 -5.816150327E-01  1.922352881E+00  4.196151329E+00
 -2.022443180E+00 -6.478891515E-01  1.938209773E+00  4.123934166E+00
 -2.009960021E+00 -7.132205500E-01  1.954379023E+00  4.053357794E+00
 -1.995500943E+00 -7.775594558E-01  1.970851787E+00  3.984448925E+00
 -1.979132047E+00 -8.408601168E-01  1.987618321E+00  3.917228597E+00
 -1.960919044E+00 -9.030806234E-01  2.004667922E+00  3.851712614E+00
 -1.940927082E+00 -9.641827277E-01  2.021988891E+00  3.787911972E+00
 -1.919220594E+00 -1.024131660E+00  2.039568472E+00  3.725833267E+00
 -1.895863157E+00 -1.082895948E+00  2.057392816E+00  3.665479095E+00
 -1.870917376E+00 -1.140447231E+00  2.075446931E+00  3.606848425E+00
 -1.844444782E+00 -1.196760081E+00  2.093714638E+00  3.549936964E+00
 -1.816505736E+00 -1.251811828E+00  2.112178531E+00  3.494737496E+00
 -1.787159362E+00 -1.305582380E+00  2.130819942E+00  3.441240207E+00
 -1.756463482E+00 -1.358054059E+00  2.149618901E+00  3.389432992E+00
 -1.724474568E+00 -1.409211429E+00  2.168554117E+00  3.339301738E+00
 -1.691247700E+00 -1.459041144E+00  2.187602944E+00  3.290830595E+00
 -1.656836542E+00 -1.507531786E+00  2.206741369E+00  3.244002224E+00
 -1.621293322E+00 -1.554673720E+00  2.225944001E+00  3.198798031E+00
 -1.584668818E+00 -1.600458949E+00  2.245184064E+00  3.155198384E+00
 -1.547012360E+00 -1.644880979E+00  2.264433407E+00  3.113182808E+00
 -1.508371831E+00 -1.687934685E+00  2.283662517E+00  3.072730175E+00
 -1.468793678E+00 -1.729616192E+00  2.302840539E+00  3.033818871E+00
 -1.428322929E+00 -1.769922747E+00  2.321935319E+00  2.996426951E+00
 -1.387003213E+00 -1.808852617E+00  2.340913446E+00  2.960532282E+00
 -1.344876786E+00 -1.846404974E+00  2.359740311E+00  2.926112673E+00
 -1.301984560E+00 -1.882579799E+00  2.378380182E+00  2.893145995E+00
 -1.258366135E+00 -1.917377786E+00  2.396796286E+00  2.861610284E+00
 -1.214059835E+00 -1.950800250E+00  2.414950910E+00  2.831483846E+00
 -1.169102749E+00 -1.982849046E+00  2.432805514E+00  2.802745338E+00
 -1.123530769E+00 -2.013526488E+00  2.450320855E+00  2.775373851E+00
 -1.077378632E+00 -2.042835275E+00  2.467457129E+00  2.749348981E+00
 -1.030679966E+00 -2.070778425E+00  2.484174128E+00  2.724650895E+00
 -9.834673356E-01 -2.097359205E+00  2.500431401E+00  2.701260384E+00
 -9.357722865E-01 -2.122581075E+00  2.516188439E+00  2.679158917E+00
 -8.876253959E-01 -2.146447629E+00  2.531404863E+00  2.658328690E+00
 -8.390563191E-01 -2.168962549E+00  2.546040624E+00  2.638752660E+00
 -7.900938390E-01 -2.190129548E+00  2.560056216E+00  2.620414583E+00
 -7.407659156E-01 -2.209952333E+00  2.573412888E+00  2.603299050E+00
 -6.910997353E-01 -2.228434562E+00  2.586072872E+00  2.587391508E+00
 -6.411217613E-01 -2.245579805E+00  2.597999600E+00  2.572678291E+00
 -5.908577838E-01 -2.261391513E+00  2.609157939E+00  2.559146634E+00
 -5.403329697E-01 -2.275872982E+00  2.619514409E+00  2.546784699E+00
 -4.895719131E-01 -2.289027330E+00  2.629037406E+00  2.535581586E+00
 -4.385986858E-01 -2.300857469E+00  2.637697417E+00  2.525527348E+00
 -3.874368869E-01 -2.311366081E+00  2.645467222E+00  2.516613006E+00
 -3.361096932E-01 -2.320555601E+00  2.652322092E+00  2.508830552E+00
 -2.846399092E-01 -2.328428196E+00  2.658239966E+00  2.502172966E+00
 -2.330500169E-01 -2.334985751E+00  2.663201611E+00  2.496634216E+00
 -1.813622256E-01 -2.340229858E+00  2.667190773E+00  2.492209269E+00
 -1.295985217E-01 -2.344161802E+00  2.670194293E+00  2.488894091E+00
 -7.778071818E-02 -2.346782555E+00  2.672202212E+00  2.486685656E+00
 -2.593050445E-02 -2.348092769E+00  2.673207849E+00  2.485581944E+00
  2.593050445E-02 -2.348092769E+00  2.673207849E+00  2.485581944E+00
  7.778071818E-02 -2.346782555E+00  2.672202212E+00  2.486685656E+00
  1.295985217E-01 -2.344161802E+00  2.670194293E+00  2.488894091E+00
  1.813622256E-01 -2.340229858E+00  2.667190773E+00  2.492209269E+00
  2.330500169E-01 -2.334985751E+00  2.663201611E+00  2.496634216E+00
  2.846399092E-01 -2.328428196E+00  2.658239966E+00  2.502172966E+00
  3.361096932E-01 -2.320555601E+00  2.652322092E+00  2.508830552E+00
  3.874368869E-01 -2.311366081E+00  2.645467222E+00  2.516613006E+00
  4.385986858E-01 -2.300857469E+00  2.637697417E+00  2.525527348E+00
  4.895719131E-01 -2.289027330E+00  2.629037406E+00  2.535581586E+00
  5.403329697E-01 -2.275872982E+00  2.619514409E+00  2.546784699E+00
  5.908577838E-01 -2.261391513E+00  2.609157939E+00  2.559146634E+00
  6.411217613E-01 -2.245579805E+00  2.597999600E+00  2.572678291E+00
  6.910997353E-01 -2.228434562E+00  2.586072872E+00  2.587391508E+00
  7.407659156E-01 -2.209952333E+00  2.573412888E+00  2.603299050E+00
  7.900938390E-01 -2.190129548E+00  2.560056216E+00  2.620414583E+00
  8.390563191E-01 -2.168962549E+00  2.546040624E+00  2.638752660E+00
  8.876253959E-01 -2.146447629E+00  2.531404863E+00  2.658328690E+00
  9.357722865E-01 -2.122581075E+00  2.516188439E+00  2.679158917E+00
  9.834673356E-01 -2.097359205E+00  2.500431401E+00  2.701260384E+00
  1.030679966E+00 -2.070778425E+00  2.484174128E+00  2.724650895E+00
  1.077378632E+00 -2.042835275E+00  2.467457129E+00  2.749348981E+00
  1.123530769E+00 -2.013526488E+00  2.450320855E+00  2.775373851E+00
  1.169102749E+00 -1.982849046E+00  2.432805514E+00  2.802745338E+00
  1.214059835E+00 -1.950800250E+00  2.414950910E+00  2.831483846E+00
  1.258366135E+00 -1.917377786E+00  2.396796286E+00  2.861610284E+00
  1.301984560E+00 -1.882579799E+00  2.378380182E+00  2.893145995E+00
  1.344876786E+00 -1.846404974E+00  2.359740311E+00  2.926112673E+00
  1.387003213E+00 -1.808852617E+00  2.340913446E+00  2.960532282E+00
  1.428322929E+00 -1.769922747E+00  2.321935319E+00  2.996426951E+00
  1.468793678E+00 -1.729616192E+00  2.302840539E+00  3.033818871E+00
  1.508371831E+00 -1.687934685E+00  2.283662517E+00  3.072730175E+00
  1.547012360E+00 -1.644880979E+00  2.264433407E+00  3.113182808E+00
  1.584668818E+00 -1.600458949E+00  2.245184064E+00  3.155198384E+00
  1.621293322E+00 -1.554673720E+00  2.225944001E+00  3.198798031E+00
  1.656836542E+00 -1.507531786E+00  2.206741369E+00  3.244002224E+00
  1.691247700E+00 -1.459041144E+00  2.187602944E+00  3.290830595E+00
  1.724474568E+00 -1.409211429E+00  2.168554117E+00  3.339301738E+00
  1.756463482E+00 -1.358054059E+00  2.149618901E+00  3.389432992E+00
  1.787159362E+00 -1.305582380E+00  2.130819942E+00  3.441240207E+00
  1.816505736E+00 -1.251811828E+00  2.112178531E+00  3.494737496E+00
  1.844444782E+00 -1.196760081E+00  2.093714638E+00  3.549936964E+00
  1.870917376E+00 -1.140447231E+00  2.075446931E+00  3.606848425E+00
  1.895863157E+00 -1.082895948E+00  2.057392816E+00  3.665479095E+00
  1.919220594E+00 -1.024131660E+00  2.039568472E+00  3.725833267E+00
  1.940927082E+00 -9.641827277E-01  2.021988891E+00  3.787911972E+00
  1.960919044E+00 -9.030806234E-01  2.004667922E+00  3.851712614E+00
  1.979132047E+00 -8.408601168E-01  1.987618321E+00  3.917228597E+00
  1.995500943E+00 -7.775594558E-01  1.970851787E+00  3.984448925E+00
  2.009960021E+00 -7.132205500E-01  1.954379023E+00  4.053357794E+00
  2.022443180E+00 -6.478891515E-01  1.938209773E+00  4.123934166E+00
  2.032884125E+00 -5.816150327E-01  1.922352881E+00  4.196151329E+00
  2.041216576E+00 -5.144521596E-01  1.906816331E+00  4.269976457E+00
  2.047374509E+00 -4.464588576E-01  1.891607301E+00  4.345370150E+00
  2.051292407E+00 -3.776979692E-01  1.876732210E+00  4.422285978E+00
  2.052905542E+00 -3.082370008E-01  1.862196763E+00  4.500670024E+00
  2.052150279E+00 -2.381482559E-01  1.848006001E+00  4.580460437E+00
  2.048964393E+00 -1.675089530E-01  1.834164339E+00  4.661586982E+00
  2.043287421E+00 -9.640132447E-02  1.820675618E+00  4.743970620E+00
  2.035061032E+00 -2.491269466E-02  1.807543139E+00  4.827523102E+00
  2.024229408E+00  4.686446600E-02  1.794769710E+00  4.912146596E+00
  2.010739664E+00  1.188325143E-01  1.782357681E+00  4.997733346E+00
  1.994542269E+00  1.908886377E-01  1.770308983E+00  5.084165379E+00
  1.975591491E+00  2.629248905E-01  1.758625163E+00  5.171314266E+00
  1.953845863E+00  3.348282668E-01  1.747307421E+00  5.259040938E+00
  1.929268645E+00  4.064808121E-01  1.736356636E+00  5.347195580E+00
  1.901828311E+00  4.777597771E-01  1.725773405E+00  5.435617601E+00
  1.871499032E+00  5.485378161E-01  1.715558067E+00  5.524135691E+00
  1.838261161E+00  6.186832317E-01  1.705710730E+00  5.612567980E+00
  1.802101716E+00  6.880602691E-01  1.696231303E+00  5.700722296E+00
  1.763014858E+00  7.565294607E-01  1.687119512E+00  5.788396546E+00
  1.721002348E+00  8.239480216E-01  1.678374934E+00  5.875379210E+00
  1.676073991E+00  8.901702982E-01  1.669997007E+00  5.961449960E+00
  1.628248054E+00  9.550482681E-01  1.661985061E+00  6.046380419E+00
  1.577551648E+00  1.018432092E+00  1.654338329E+00  6.129935042E+00
  1.524021080E+00  1.080170714E+00  1.647055970E+00  6.211872141E+00
  1.467702157E+00  1.140112513E+00  1.640137083E+00  6.291945033E+00
  1.408650437E+00  1.198105992E+00  1.633580724E+00  6.369903326E+00
  1.346931428E+00  1.254000515E+00  1.627385921E+00  6.445494323E+00
  1.282620726E+00  1.307647076E+00  1.621551683E+00  6.518464541E+00
  1.215804079E+00  1.358899093E+00  1.616077018E+00  6.588561334E+00
  1.146577387E+00  1.407613237E+00  1.610960942E+00  6.655534604E+00
  1.075046615E+00  1.453650263E+00  1.606202487E+00  6.719138584E+00
  1.001327637E+00  1.496875862E+00  1.601800714E+00  6.779133672E+00
  9.255459914E-01  1.537161499E+00  1.597754723E+00  6.835288303E+00
  8.478365517E-01  1.574385252E+00  1.594063654E+00  6.887380820E+00
  7.683431174E-01  1.608432627E+00  1.590726702E+00  6.935201332E+00
  6.872179185E-01  1.639197340E+00  1.587743120E+00  6.978553536E+00
  6.046210411E-01  1.666582070E+00  1.585112222E+00  7.017256457E+00
  5.207197747E-01  1.690499155E+00  1.582833393E+00  7.051146099E+00
  4.356878867E-01  1.710871233E+00  1.580906093E+00  7.080076978E+00
  3.497048313E-01  1.727631817E+00  1.579329856E+00  7.103923499E+00
  2.629548974E-01  1.740725800E+00  1.578104297E+00  7.122581170E+00
  1.756263067E-01  1.750109871E+00  1.577229115E+00  7.135967626E+00
  8.791026800E-02  1.755752854E+00  1.576704093E+00  7.144023438E+00
  3.273889476E-16  1.757635943E+00  1.576529100E+00  7.146712710E+00
 -3.198425064E-16  1.710202331E+00  1.554894161E+00  6.821040947E+00
 -8.588427499E-02  1.708371359E+00  1.555064384E+00  6.818533371E+00
 -1.715810271E-01  1.702884460E+00  1.555575091E+00  6.811021641E+00
 -2.569036919E-01  1.693759634E+00  1.556426400E+00  6.798538647E+00
 -3.416676122E-01  1.681026729E+00  1.557618507E+00  6.781138844E+00
 -4.256909654E-01  1.664727210E+00  1.559151684E+00  6.758897721E+00
 -5.087956610E-01  1.644913852E+00  1.561026275E+00  6.731911068E+00
 -5.908081992E-01  1.621650337E+00  1.563242700E+00  6.700294054E+00
 -6.715604808E-01  1.595010788E+00  1.565801444E+00  6.664180138E+00
 -7.508905616E-01  1.565079220E+00  1.568703059E+00  6.623719819E+00
 -8.286433447E-01  1.531948942E+00  1.571948156E+00  6.579079259E+00
 -9.046712051E-01  1.495721895E+00  1.575537402E+00  6.530438795E+00
 -9.788345410E-01  1.456507947E+00  1.579471516E+00  6.477991354E+00
 -1.051002250E+00  1.414424147E+00  1.583751258E+00  6.421940814E+00
 -1.121052129E+00  1.369593960E+00  1.588377425E+00  6.362500319E+00
 -1.188871190E+00  1.322146474E+00  1.593350844E+00  6.299890578E+00
 -1.254355902E+00  1.272215597E+00  1.598672363E+00  6.234338166E+00
 -1.317412356E+00  1.219939260E+00  1.604342838E+00  6.166073853E+00
 -1.377956349E+00  1.165458617E+00  1.610363127E+00  6.095330979E+00
 -1.435913399E+00  1.108917263E+00  1.616734079E+00  6.022343889E+00
 -1.491218693E+00  1.050460475E+00  1.623456520E+00  5.947346449E+00
 -1.543816967E+00  9.902344756E-01  1.630531239E+00  5.870570647E+00
 -1.593662328E+00  9.283857303E-01  1.637958977E+00  5.792245301E+00
 -1.640718021E+00  8.650602856E-01  1.645740410E+00  5.712594874E+00
 -1.684956155E+00  8.004031433E-01  1.653876134E+00  5.631838405E+00
 -1.726357371E+00  7.345576817E-01  1.662366645E+00  5.550188556E+00
 -1.764910491E+00  6.676651224E-01  1.671212325E+00  5.467850785E+00
 -1.800612127E+00  5.998640456E-01  1.680413418E+00  5.385022635E+00
 -1.833466263E+00  5.312899538E-01  1.689970012E+00  5.301893141E+00
 -1.863483825E+00  4.620748847E-01  1.699882013E+00  5.218642354E+00
 -1.890682230E+00  3.923470727E-01  1.710149126E+00  5.135440975E+00
 -1.915084935E+00  3.222306590E-01  1.720770825E+00  5.052450088E+00
 -1.936720969E+00  2.518454462E-01  1.731746330E+00  4.969820997E+00
 -1.955624480E+00  1.813066996E-01  1.743074577E+00  4.887695146E+00
 -1.971834272E+00  1.107249896E-01  1.754754190E+00  4.806204126E+00
 -1.985393356E+00  4.020607461E-02  1.766783447E+00  4.725469752E+00
 -1.996348516E+00 -3.014917823E-02  1.779160250E+00  4.645604212E+00
 -2.004749877E+00 -1.002448378E-01  1.791882091E+00  4.566710264E+00
 -2.010650495E+00 -1.699899214E-01  1.804946014E+00  4.488881493E+00
 -2.014105967E+00 -2.392983784E-01  1.818348580E+00  4.412202603E+00
 -2.015174049E+00 -3.080890466E-01  1.832085829E+00  4.336749747E+00
 -2.013914304E+00 -3.762855863E-01  1.846153236E+00  4.262590888E+00
 -2.010387767E+00 -4.438163920E-01  1.860545676E+00  4.189786174E+00
 -2.004656627E+00 -5.106144871E-01  1.875257377E+00  4.118388339E+00
 -1.996783934E+00 -5.766174026E-01  1.890281878E+00  4.048443110E+00
 -1.986833330E+00 -6.417670418E-01  1.905611987E+00  3.979989616E+00
 -1.974868793E+00 -7.060095349E-01  1.921239732E+00  3.913060808E+00
 -1.960954409E+00 -7.692950842E-01  1.937156320E+00  3.847683872E+00
 -1.945154163E+00 -8.315778022E-01  1.953352087E+00  3.783880634E+00
 -1.927531742E+00 -8.928155443E-01  1.969816456E+00  3.721667966E+00
 -1.908150370E+00 -9.529697385E-01  1.986537892E+00  3.661058174E+00
 -1.887072651E+00 -1.012005212E+00  2.003503855E+00  3.602059374E+00
 -1.864360433E+00 -1.069890019E+00  2.020700758E+00  3.544675865E+00
 -1.840074686E+00 -1.126595265E+00  2.038113927E+00  3.488908473E+00
 -1.814275402E+00 -1.182094936E+00  2.055727559E+00  3.434754887E+00
 -1.787021498E+00 -1.236365727E+00  2.073524688E+00  3.382209980E+00
 -1.758370745E+00 -1.289386880E+00  2.091487147E+00  3.331266111E+00
 -1.728379704E+00 -1.341140014E+00  2.109595543E+00  3.281913407E+00
 -1.697103669E+00 -1.391608970E+00  2.127829230E+00  3.234140036E+00
 -1.664596631E+00 -1.440779656E+00  2.146166286E+00  3.187932455E+00
 -1.630911245E+00 -1.488639898E+00  2.164583502E+00  3.143275651E+00
 -1.596098805E+00 -1.535179293E+00  2.183056372E+00  3.100153353E+00
 -1.560209236E+00 -1.580389073E+00  2.201559093E+00  3.058548244E+00
 -1.523291083E+00 -1.624261973E+00  2.220064574E+00  3.018442145E+00
 -1.485391514E+00 -1.666792101E+00  2.238544448E+00  2.979816194E+00
 -1.446556328E+00 -1.707974816E+00  2.256969103E+00  2.942651006E+00
 -1.406829965E+00 -1.747806617E+00  2.275307714E+00  2.906926820E+00
 -1.366255527E+00 -1.786285026E+00  2.293528290E+00  2.872623639E+00
 -1.324874796E+00 -1.823408491E+00  2.311597735E+00  2.839721352E+00
 -1.282728267E+00 -1.859176282E+00  2.329481914E+00  2.808199850E+00
 -1.239855170E+00 -1.893588398E+00  2.347145739E+00  2.778039129E+00
 -1.196293508E+00 -1.926645482E+00  2.364553263E+00  2.749219384E+00
 -1.152080093E+00 -1.958348738E+00  2.381667786E+00  2.721721097E+00
 -1.107250578E+00 -1.988699847E+00  2.398451979E+00  2.695525111E+00
 -1.061839503E+00 -2.017700904E+00  2.414868014E+00  2.670612702E+00
 -1.015880337E+00 -2.045354340E+00  2.430877713E+00  2.646965643E+00
 -9.694055146E-01 -2.071662863E+00  2.446442704E+00  2.624566258E+00
 -9.224464871E-01 -2.096629401E+00  2.461524592E+00  2.603397476E+00
 -8.750337645E-01 -2.120257040E+00  2.476085135E+00  2.583442871E+00
 -8.271969626E-01 -2.142548977E+00  2.490086435E+00  2.564686709E+00
 -7.789648499E-01 -2.163508470E+00  2.503491135E+00  2.547113978E+00
 -7.303653952E-01 -2.183138798E+00  2.516262618E+00  2.530710422E+00
 -6.814258149E-01 -2.201443215E+00  2.528365218E+00  2.515462571E+00
 -6.321726219E-01 -2.218424915E+00  2.539764427E+00  2.501357763E+00
 -5.826316735E-01 -2.234087000E+00  2.550427110E+00  2.488384166E+00
 -5.328282204E-01 -2.248432444E+00  2.560321705E+00  2.476530798E+00
 -4.827869550E-01 -2.261464070E+00  2.569418439E+00  2.465787543E+00
 -4.325320602E-01 -2.273184522E+00  2.577689517E+00  2.456145165E+00
 -3.820872584E-01 -2.283596241E+00  2.585109318E+00  2.447595322E+00
 -3.314758597E-01 -2.292701446E+00  2.591654574E+00  2.440130573E+00
 -2.807208112E-01 -2.300502119E+00  2.597304532E+00  2.433744390E+00
 -2.298447449E-01 -2.306999985E+00  2.602041108E+00  2.428431166E+00
 -1.788700268E-01 -2.312196500E+00  2.605849020E+00  2.424186218E+00
 -1.278188052E-01 -2.316092844E+00  2.608715900E+00  2.421005795E+00
 -7.671305910E-02 -2.318689909E+00  2.610632391E+00  2.418887079E+00
 -2.557464661E-02 -2.319988291E+00  2.611592212E+00  2.417828191E+00
  2.557464661E-02 -2.319988291E+00  2.611592212E+00  2.417828191E+00
  7.671305910E-02 -2.318689909E+00  2.610632391E+00  2.418887079E+00
  1.278188052E-01 -2.316092844E+00  2.608715900E+00  2.421005795E+00
  1.788700268E-01 -2.312196500E+00  2.605849020E+00  2.424186218E+00
  2.298447449E-01 -2.306999985E+00  2.602041108E+00  2.428431166E+00
  2.807208112E-01 -2.300502119E+00  2.597304532E+00  2.433744390E+00
  3.314758597E-01 -2.292701446E+00  2.591654574E+00  2.440130573E+00
  3.820872584E-01 -2.283596241E+00  2.585109318E+00  2.447595322E+00
  4.325320602E-01 -2.273184522E+00  2.577689517E+00  2.456145165E+00
  4.827869550E-01 -2.261464070E+00  2.569418439E+00  2.465787543E+00
  5.328282204E-01 -2.248432444E+00  2.560321705E+00  2.476530798E+00
  5.826316735E-01 -2.234087000E+00  2.550427110E+00  2.488384166E+00
  6.321726219E-01 -2.218424915E+00  2.539764427E+00  2.501357763E+00
  6.814258149E-01 -2.201443215E+00  2.528365218E+00  2.515462571E+00
  7.303653952E-01 -2.183138798E+00  2.516262618E+00  2.530710422E+00
  7.789648499E-01 -2.163508470E+00  2.503491135E+00  2.547113978E+00
  8.271969626E-01 -2.142548977E+00  2.490086435E+00  2.564686709E+00
  8.750337645E-01 -2.120257040E+00  2.476085135E+00  2.583442871E+00
  9.224464871E-01 -2.096629401E+00  2.461524592E+00  2.603397476E+00
  9.694055146E-01 -2.071662863E+00  2.446442704E+00  2.624566258E+00
  1.015880337E+00 -2.045354340E+00  2.430877713E+00  2.646965643E+00
  1.061839503E+00 -2.017700904E+00  2.414868014E+00  2.670612702E+00
  1.107250578E+00 -1.988699847E+00  2.398451979E+00  2.695525111E+00
  1.152080093E+00 -1.958348738E+00  2.381667786E+00  2.721721097E+00
  1.196293508E+00 -1.926645482E+00  2.364553263E+00  2.749219384E+00
  1.239855170E+00 -1.893588398E+00  2.347145739E+00  2.778039129E+00
  1.282728267E+00 -1.859176282E+00  2.329481914E+00  2.808199850E+00
  1.324874796E+00 -1.823408491E+00  2.311597735E+00  2.839721352E+00
  1.366255527E+00 -1.786285026E+00  2.293528290E+00  2.872623639E+00
  1.406829965E+00 -1.747806617E+00  2.275307714E+00  2.906926820E+00
  1.446556328E+00 -1.707974816E+00  2.256969103E+00  2.942651006E+00
  1.485391514E+00 -1.666792101E+00  2.238544448E+00  2.979816194E+00
  1.523291083E+00 -1.624261973E+00  2.220064574E+00  3.018442145E+00
  1.560209236E+00 -1.580389073E+00  2.201559093E+00  3.058548244E+00
  1.596098805E+00 -1.535179293E+00  2.183056372E+00  3.100153353E+00
  1.630911245E+00 -1.488639898E+00  2.164583502E+00  3.143275651E+00
  1.664596631E+00 -1.440779656E+00  2.146166286E+00  3.187932455E+00
  1.697103669E+00 -1.391608970E+00  2.127829230E+00  3.234140036E+00
  1.728379704E+00 -1.341140014E+00  2.109595543E+00  3.281913407E+00
  1.758370745E+00 -1.289386880E+00  2.091487147E+00  3.331266111E+00
  1.787021498E+00 -1.236365727E+00  2.073524688E+00  3.382209980E+00
  1.814275402E+00 -1.182094936E+00  2.055727559E+00  3.434754887E+00
  1.840074686E+00 -1.126595265E+00  2.038113927E+00  3.488908473E+00
  1.864360433E+00 -1.069890019E+00  2.020700758E+00  3.544675865E+00
  1.887072651E+00 -1.012005212E+00  2.003503855E+00  3.602059374E+00
  1.908150370E+00 -9.529697385E-01  1.986537892E+00  3.661058174E+00
  1.927531742E+00 -8.928155443E-01  1.969816456E+00  3.721667966E+00
  1.945154163E+00 -8.315778022E-01  1.953352087E+00  3.783880634E+00
  1.960954409E+00 -7.692950842E-01  1.937156320E+00  3.847683872E+00
  1.974868793E+00 -7.060095349E-01  1.921239732E+00  3.913060808E+00
  1.986833330E+00 -6.417670418E-01  1.905611987E+00  3.979989616E+00
  1.996783934E+00 -5.766174026E-01  1.890281878E+00  4.048443110E+00
  2.004656627E+00 -5.106144871E-01  1.875257377E+00  4.118388339E+00
  2.010387767E+00 -4.438163920E-01  1.860545676E+00  4.189786174E+00
  2.013914304E+00 -3.762855863E-01  1.846153236E+00  4.262590888E+00
  2.015174049E+00 -3.080890466E-01  1.832085829E+00  4.336749747E+00
  2.014105967E+00 -2.392983784E-01  1.818348580E+00  4.412202603E+00
  2.010650495E+00 -1.699899214E-01  1.804946014E+00  4.488881493E+00
  2.004749877E+00 -1.002448378E-01  1.791882091E+00  4.566710264E+00
  1.996348516E+00 -3.014917823E-02  1.779160250E+00  4.645604212E+00
  1.985393356E+00  4.020607461E-02  1.766783447E+00  4.725469752E+00
  1.971834272E+00  1.107249896E-01  1.754754190E+00  4.806204126E+00
  1.955624480E+00  1.813066996E-01  1.743074577E+00  4.887695146E+00
  1.936720969E+00  2.518454462E-01  1.731746330E+00  4.969820997E+00
  1.915084935E+00  3.222306590E-01  1.720770825E+00  5.052450088E+00
  1.890682230E+00  3.923470727E-01  1.710149126E+00  5.135440975E+00
  1.863483825E+00  4.620748847E-01  1.699882013E+00  5.218642354E+00
  1.833466263E+00  5.312899538E-01  1.689970012E+00  5.301893141E+00
  1.800612127E+00  5.998640456E-01  1.680413418E+00  5.385022635E+00
  1.764910491E+00  6.676651224E-01  1.671212325E+00  5.467850785E+00
  1.726357371E+00  7.345576817E-01  1.662366645E+00  5.550188556E+00
  1.684956155E+00  8.004031433E-01  1.653876134E+00  5.631838405E+00
  1.640718021E+00  8.650602856E-01  1.645740410E+00  5.712594874E+00
  1.593662328E+00  9.283857303E-01  1.637958977E+00  5.792245301E+00
  1.543816967E+00  9.902344756E-01  1.630531239E+00  5.870570647E+00
  1.491218693E+00  1.050460475E+00  1.623456520E+00  5.947346449E+00
  1.435913399E+00  1.108917263E+00  1.616734079E+00  6.022343889E+00
  1.377956349E+00  1.165458617E+00  1.610363127E+00  6.095330979E+00
  1.317412356E+00  1.219939260E+00  1.604342838E+00  6.166073853E+00
  1.254355902E+00  1.272215597E+00  1.598672363E+00  6.234338166E+00
  1.188871190E+00  1.322146474E+00  1.593350844E+00  6.299890578E+00
  1.121052129E+00  1.369593960E+00  1.588377425E+00  6.362500319E+00
  1.051002250E+00  1.414424147E+00  1.583751258E+00  6.421940814E+00
  9.788345410E-01  1.456507947E+00  1.579471516E+00  6.477991354E+00
  9.046712051E-01  1.495721895E+00  1.575537402E+00  6.530438795E+00
  8.286433447E-01  1.531948942E+00  1.571948156E+00  6.579079259E+00
  7.508905616E-01  1.565079220E+00  1.568703059E+00  6.623719819E+00
  6.715604808E-01  1.595010788E+00  1.565801444E+00  6.664180138E+00
  5.908081992E-01  1.621650337E+00  1.563242700E+00  6.700294054E+00
  5.087956610E-01  1.644913852E+00  1.561026275E+00  6.731911068E+00
  4.256909654E-01  1.664727210E+00  1.559151684E+00  6.758897721E+00
  3.416676122E-01  1.681026729E+00  1.557618507E+00  6.781138844E+00
  2.569036919E-01  1.693759634E+00  1.556426400E+00  6.798538647E+00
  1.715810271E-01  1.702884460E+00  1.555575091E+00  6.811021641E+00
  8.588427499E-02  1.708371359E+00  1.555064384E+00  6.818533371E+00
  3.198425064E-16  1.710202331E+00  1.554894161E+00  6.821040947E+00
 -3.124733654E-16  1.663664133E+00  1.533365107E+00  6.510349537E+00
 -8.390586482E-02  1.661883698E+00  1.533530648E+00  6.508011306E+00
 -1.676306541E-01  1.656548150E+00  1.534027307E+00  6.501006692E+00
 -2.509942019E-01  1.647674724E+00  1.534855189E+00  6.489365833E+00
 -3.338181519E-01  1.635291999E+00  1.536014469E+00  6.473138635E+00
 -4.159268385E-01  1.619439686E+00  1.537505390E+00  6.452394292E+00
 -4.971481391E-01  1.600168332E+00  1.539328261E+00  6.427220629E+00
 -5.773142904E-01  1.577538947E+00  1.541483456E+00  6.397723268E+00
 -6.562626592E-01  1.551622560E+00  1.543971407E+00  6.364024649E+00
 -7.338364619E-01  1.522499709E+00  1.546792606E+00  6.326262901E+00
 -8.098854249E-01  1.490259870E+00  1.549947594E+00  6.284590602E+00
 -8.842663822E-01  1.455000834E+00  1.553436964E+00  6.239173428E+00
 -9.568438051E-01  1.416828044E+00  1.557261348E+00  6.190188731E+00
 -1.027490260E+00  1.375853890E+00  1.561421416E+00  6.137824045E+00
 -1.096086795E+00  1.332196983E+00  1.565917866E+00  6.082275566E+00
 -1.162523249E+00  1.285981403E+00  1.570751418E+00  6.023746604E+00
 -1.226698490E+00  1.237335944E+00  1.575922806E+00  5.962446042E+00
 -1.288520579E+00  1.186393351E+00  1.581432766E+00  5.898586812E+00
 -1.347906862E+00  1.133289565E+00  1.587282030E+00  5.832384418E+00
 -1.404783991E+00  1.078162973E+00  1.593471312E+00  5.764055499E+00
 -1.459087889E+00  1.021153690E+00  1.600001299E+00  5.693816475E+00
 -1.510763638E+00  9.624028524E-01  1.606872635E+00  5.621882260E+00
 -1.559765327E+00  9.020519486E-01  1.614085911E+00  5.548465076E+00
 -1.606055840E+00  8.402421808E-01  1.621641647E+00  5.473773355E+00
 -1.649606595E+00  7.771138662E-01  1.629540278E+00  5.398010747E+00
 -1.690397247E+00  7.128058792E-01  1.637782139E+00  5.321375238E+00
 -1.728415356E+00  6.474551357E-01  1.646367443E+00  5.244058373E+00
 -1.763656023E+00  5.811961241E-01  1.655296266E+00  5.166244585E+00
 -1.796121498E+00  5.141604805E-01  1.664568521E+00  5.088110639E+00
 -1.825820778E+00  4.464766111E-01  1.674183945E+00  5.009825168E+00
 -1.852769180E+00  3.782693602E-01  1.684142067E+00  4.931548321E+00
 -1.876987913E+00  3.096597230E-01  1.694442191E+00  4.853431496E+00
 -1.898503640E+00  2.407646033E-01  1.705083366E+00  4.775617172E+00
 -1.917348040E+00  1.716966126E-01  1.716064360E+00  4.698238808E+00
 -1.933557376E+00  1.025639102E-01  1.727383634E+00  4.621420839E+00
 -1.947172065E+00  3.347008185E-02  1.739039308E+00  4.545278720E+00
 -1.958236254E+00 -3.548594583E-02  1.751029134E+00  4.469919044E+00
 -1.966797420E+00 -1.042099574E-01  1.763350460E+00  4.395439712E+00
 -1.972905968E+00 -1.726124694E-01  1.776000201E+00  4.321930143E+00
 -1.976614856E+00 -2.406087232E-01  1.788974796E+00  4.249471536E+00
 -1.977979230E+00 -3.081186518E-01  1.802270181E+00  4.178137156E+00
 -1.977056085E+00 -3.750668237E-01  1.815881743E+00  4.107992652E+00
 -1.973903933E+00 -4.413823666E-01  1.829804285E+00  4.039096395E+00
 -1.968582502E+00 -5.069988724E-01  1.844031987E+00  3.971499833E+00
 -1.961152450E+00 -5.718542874E-01  1.858558363E+00  3.905247860E+00
 -1.951675098E+00 -6.358907887E-01  1.873376220E+00  3.840379185E+00
 -1.940212184E+00 -6.990546494E-01  1.888477617E+00  3.776926712E+00
 -1.926825639E+00 -7.612960949E-01  1.903853823E+00  3.714917919E+00
 -1.911577376E+00 -8.225691517E-01  1.919495271E+00  3.654375224E+00
 -1.894529106E+00 -8.828314906E-01  1.935391521E+00  3.595316359E+00
 -1.875742164E+00 -9.420442660E-01  1.951531215E+00  3.537754726E+00
 -1.855277360E+00 -1.000171953E+00  1.967902036E+00  3.481699745E+00
 -1.833194838E+00 -1.057182181E+00  1.984490668E+00  3.427157194E+00
 -1.809553960E+00 -1.113045571E+00  2.001282763E+00  3.374129532E+00
 -1.784413199E+00 -1.167735571E+00  2.018262896E+00  3.322616210E+00
 -1.757830045E+00 -1.221228292E+00  2.035414541E+00  3.272613965E+00
 -1.729860931E+00 -1.273502352E+00  2.052720034E+00  3.224117107E+00
 -1.700561163E+00 -1.324538713E+00  2.070160551E+00  3.177117783E+00
 -1.669984868E+00 -1.374320537E+00  2.087716083E+00  3.131606227E+00
 -1.638184952E+00 -1.422833027E+00  2.105365420E+00  3.087570997E+00
 -1.605213060E+00 -1.470063292E+00  2.123086140E+00  3.044999201E+00
 -1.571119557E+00 -1.516000201E+00  2.140854603E+00  3.003876697E+00
 -1.535953510E+00 -1.560634252E+00  2.158645953E+00  2.964188294E+00
 -1.499762677E+00 -1.603957442E+00  2.176434126E+00  2.925917925E+00
 -1.462593506E+00 -1.645963143E+00  2.194191871E+00  2.889048817E+00
 -1.424491138E+00 -1.686645987E+00  2.211890773E+00  2.853563644E+00
 -1.385499421E+00 -1.726001746E+00  2.229501289E+00  2.819444668E+00
 -1.345660918E+00 -1.764027232E+00  2.246992798E+00  2.786673871E+00
 -1.305016932E+00 -1.800720191E+00  2.264333654E+00  2.755233073E+00
 -1.263607525E+00 -1.836079208E+00  2.281491258E+00  2.725104045E+00
 -1.221471548E+00 -1.870103612E+00  2.298432134E+00  2.696268606E+00
 -1.178646672E+00 -1.902793396E+00  2.315122021E+00  2.668708713E+00
 -1.135169414E+00 -1.934149130E+00  2.331525980E+00  2.642406551E+00
 -1.091075182E+00 -1.964171886E+00  2.347608503E+00  2.617344600E+00
 -1.046398305E+00 -1.992863168E+00  2.363333644E+00  2.593505709E+00
 -1.001172073E+00 -2.020224840E+00  2.378665156E+00  2.570873154E+00
 -9.554287831E-01 -2.046259068E+00  2.393566642E+00  2.549430696E+00
 -9.091997752E-01 -2.070968258E+00  2.408001708E+00  2.529162629E+00
 -8.625154787E-01 -2.094355002E+00  2.421934141E+00  2.510053828E+00
 -8.154054558E-01 -2.116422027E+00  2.435328075E+00  2.492089784E+00
 -7.678984462E-01 -2.137172147E+00  2.448148186E+00  2.475256643E+00
 -7.200224130E-01 -2.156608220E+00  2.460359873E+00  2.459541237E+00
 -6.718045886E-01 -2.174733108E+00  2.471929453E+00  2.444931112E+00
 -6.232715210E-01 -2.191549637E+00  2.482824361E+00  2.431414553E+00
 -5.744491207E-01 -2.207060568E+00  2.493013341E+00  2.418980606E+00
 -5.253627077E-01 -2.221268560E+00  2.502466642E+00  2.407619097E+00
 -4.760370583E-01 -2.234176148E+00  2.511156209E+00  2.397320649E+00
 -4.264964530E-01 -2.245785712E+00  2.519055866E+00  2.388076698E+00
 -3.767647228E-01 -2.256099459E+00  2.526141492E+00  2.379879501E+00
 -3.268652976E-01 -2.265119397E+00  2.532391190E+00  2.372722153E+00
 -2.768212527E-01 -2.272847324E+00  2.537785438E+00  2.366598594E+00
 -2.266553564E-01 -2.279284808E+00  2.542307229E+00  2.361503614E+00
 -1.763901177E-01 -2.284433175E+00  2.545942192E+00  2.357432864E+00
 -1.260478327E-01 -2.288293500E+00  2.548678703E+00  2.354382856E+00
 -7.565063260E-02 -2.290866595E+00  2.550507965E+00  2.352350974E+00
 -2.522053067E-02 -2.292153005E+00  2.551424077E+00  2.351335470E+00
  2.522053067E-02 -2.292153005E+00  2.551424077E+00  2.351335470E+00
  7.565063260E-02 -2.290866595E+00  2.550507965E+00  2.352350974E+00
  1.260478327E-01 -2.288293500E+00  2.548678703E+00  2.354382856E+00
  1.763901177E-01 -2.284433175E+00  2.545942192E+00  2.357432864E+00
  2.266553564E-01 -2.279284808E+00  2.542307229E+00  2.361503614E+00
  2.768212527E-01 -2.272847324E+00  2.537785438E+00  2.366598594E+00
  3.268652976E-01 -2.265119397E+00  2.532391190E+00  2.372722153E+00
  3.767647228E-01 -2.256099459E+00  2.526141492E+00  2.379879501E+00
  4.264964530E-01 -2.245785712E+00  2.519055866E+00  2.388076698E+00
  4.760370583E-01 -2.234176148E+00  2.511156209E+00  2.397320649E+00
  5.253627077E-01 -2.221268560E+00  2.502466642E+00  2.407619097E+00
  5.744491207E-01 -2.207060568E+00  2.493013341E+00  2.418980606E+00
  6.232715210E-01 -2.191549637E+00  2.482824361E+00  2.431414553E+00
  6.718045886E-01 -2.174733108E+00  2.471929453E+00  2.444931112E+00
  7.200224130E-01 -2.156608220E+00  2.460359873E+00  2.459541237E+00
  7.678984462E-01 -2.137172147E+00  2.448148186E+00  2.475256643E+00
  8.154054558E-01 -2.116422027E+00  2.435328075E+00  2.492089784E+00
  8.625154787E-01 -2.094355002E+00  2.421934141E+00  2.510053828E+00
  9.091997752E-01 -2.070968258E+00  2.408001708E+00  2.529162629E+00
  9.554287831E-01 -2.046259068E+00  2.393566642E+00  2.549430696E+00
  1.001172073E+00 -2.020224840E+00  2.378665156E+00  2.570873154E+00
  1.046398305E+00 -1.992863168E+00  2.363333644E+00  2.593505709E+00
  1.091075182E+00 -1.964171886E+00  2.347608503E+00  2.617344600E+00
  1.135169414E+00 -1.934149130E+00  2.331525980E+00  2.642406551E+00
  1.178646672E+00 -1.902793396E+00  2.315122021E+00  2.668708713E+00
  1.221471548E+00 -1.870103612E+00  2.298432134E+00  2.696268606E+00
  1.263607525E+00 -1.836079208E+00  2.281491258E+00  2.725104045E+00
  1.305016932E+00 -1.800720191E+00  2.264333654E+00  2.755233073E+00
  1.345660918E+00 -1.764027232E+00  2.246992798E+00  2.786673871E+00
  1.385499421E+00 -1.726001746E+00  2.229501289E+00  2.819444668E+00
  1.424491138E+00 -1.686645987E+00  2.211890773E+00  2.853563644E+00
  1.462593506E+00 -1.645963143E+00  2.194191871E+00  2.889048817E+00
  1.499762677E+00 -1.603957442E+00  2.176434126E+00  2.925917925E+00
  1.535953510E+00 -1.560634252E+00  2.158645953E+00  2.964188294E+00
  1.571119557E+00 -1.516000201E+00  2.140854603E+00  3.003876697E+00
  1.605213060E+00 -1.470063292E+00  2.123086140E+00  3.044999201E+00
  1.638184952E+00 -1.422833027E+00  2.105365420E+00  3.087570997E+00
  1.669984868E+00 -1.374320537E+00  2.087716083E+00  3.131606227E+00
  1.700561163E+00 -1.324538713E+00  2.070160551E+00  3.177117783E+00
  1.729860931E+00 -1.273502352E+00  2.052720034E+00  3.224117107E+00
  1.757830045E+00 -1.221228292E+00  2.035414541E+00  3.272613965E+00
  1.784413199E+00 -1.167735571E+00  2.018262896E+00  3.322616210E+00
  1.809553960E+00 -1.113045571E+00  2.001282763E+00  3.374129532E+00
  1.833194838E+00 -1.057182181E+00  1.984490668E+00  3.427157194E+00
  1.855277360E+00 -1.000171953E+00  1.967902036E+00  3.481699745E+00
  1.875742164E+00 -9.420442660E-01  1.951531215E+00  3.537754726E+00
  1.894529106E+00 -8.828314906E-01  1.935391521E+00  3.595316359E+00
  1.911577376E+00 -8.225691517E-01  1.919495271E+00  3.654375224E+00
  1.926825639E+00 -7.612960949E-01  1.903853823E+00  3.714917919E+00
  1.940212184E+00 -6.990546494E-01  1.888477617E+00  3.776926712E+00
  1.951675098E+00 -6.358907887E-01  1.873376220E+00  3.840379185E+00
  1.961152450E+00 -5.718542874E-01  1.858558363E+00  3.905247860E+00
  1.968582502E+00 -5.069988724E-01  1.844031987E+00  3.971499833E+00
  1.973903933E+00 -4.413823666E-01  1.829804285E+00  4.039096395E+00
  1.977056085E+00 -3.750668237E-01  1.815881743E+00  4.107992652E+00
  1.977979230E+00 -3.081186518E-01  1.802270181E+00  4.178137156E+00
  1.976614856E+00 -2.406087232E-01  1.788974796E+00  4.249471536E+00
  1.972905968E+00 -1.726124694E-01  1.776000201E+00  4.321930143E+00
  1.966797420E+00 -1.042099574E-01  1.763350460E+00  4.395439712E+00
  1.958236254E+00 -3.548594583E-02  1.751029134E+00  4.469919044E+00
  1.947172065E+00  3.347008185E-02  1.739039308E+00  4.545278720E+00
  1.933557376E+00  1.025639102E-01  1.727383634E+00  4.621420839E+00
  1.917348040E+00  1.716966126E-01  1.716064360E+00  4.698238808E+00
  1.898503640E+00  2.407646033E-01  1.705083366E+00  4.775617172E+00
  1.876987913E+00  3.096597230E-01  1.694442191E+00  4.853431496E+00
  1.852769180E+00  3.782693602E-01  1.684142067E+00  4.931548321E+00
  1.825820778E+00  4.464766111E-01  1.674183945E+00  5.009825168E+00
  1.796121498E+00  5.141604805E-01  1.664568521E+00  5.088110639E+00
  1.763656023E+00  5.811961241E-01  1.655296266E+00  5.166244585E+00
  1.728415356E+00  6.474551357E-01  1.646367443E+00  5.244058373E+00
  1.690397247E+00  7.128058792E-01  1.637782139E+00  5.321375238E+00
  1.649606595E+00  7.771138662E-01  1.629540278E+00  5.398010747E+00
  1.606055840E+00  8.402421808E-01  1.621641647E+00  5.473773355E+00
  1.559765327E+00  9.020519486E-01  1.614085911E+00  5.548465076E+00
  1.510763638E+00  9.624028524E-01  1.606872635E+00  5.621882260E+00
  1.459087889E+00  1.021153690E+00  1.600001299E+00  5.693816475E+00
  1.404783991E+00  1.078162973E+00  1.593471312E+00  5.764055499E+00
  1.347906862E+00  1.133289565E+00  1.587282030E+00  5.832384418E+00
  1.288520579E+00  1.186393351E+00  1.581432766E+00  5.898586812E+00
  1.226698490E+00  1.237335944E+00  1.575922806E+00  5.962446042E+00
  1.162523249E+00  1.285981403E+00  1.570751418E+00  6.023746604E+00
  1.096086795E+00  1.332196983E+00  1.565917866E+00  6.082275566E+00
  1.027490260E+00  1.375853890E+00  1.561421416E+00  6.137824045E+00
  9.568438051E-01  1.416828044E+00  1.557261348E+00  6.190188731E+00
  8.842663822E-01  1.455000834E+00  1.553436964E+00  6.239173428E+00
  8.098854249E-01  1.490259870E+00  1.549947594E+00  6.284590602E+00
  7.338364619E-01  1.522499709E+00  1.546792606E+00  6.326262901E+00
  6.562626592E-01  1.551622560E+00  1.543971407E+00  6.364024649E+00
  5.773142904E-01  1.577538947E+00  1.541483456E+00  6.397723268E+00
  4.971481391E-01  1.600168332E+00  1.539328261E+00  6.427220629E+00
  4.159268385E-01  1.619439686E+00  1.537505390E+00  6.452394292E+00
  3.338181519E-01  1.635291999E+00  1.536014469E+00  6.473138635E+00
  2.509942019E-01  1.647674724E+00  1.534855189E+00  6.489365833E+00
  1.676306541E-01  1.656548150E+00  1.534027307E+00  6.501006692E+00
  8.390586482E-02  1.661883698E+00  1.533530648E+00  6.508011306E+00
  3.124733654E-16  1.663664133E+00  1.533365107E+00  6.510349537E+00
 -3.052803210E-16  1.618026366E+00  1.511956100E+00  6.214066777E+00
 -8.197471555E-02  1.616294916E+00  1.512117050E+00  6.211886320E+00
 -1.637745522E-01  1.611106080E+00  1.512599933E+00  6.205354186E+00
 -2.452254943E-01  1.602476364E+00  1.513404843E+00  6.194497997E+00
 -3.261552441E-01  1.590433137E+00  1.514531934E+00  6.179363497E+00
 -4.063940583E-01  1.575014437E+00  1.515981424E+00  6.160014124E+00
 -4.857755580E-01  1.556268689E+00  1.517753585E+00  6.136530410E+00
 -5.641375049E-01  1.534254355E+00  1.519848749E+00  6.109009240E+00
 -6.413225352E-01  1.509039514E+00  1.522267299E+00  6.077562958E+00
 -7.171788452E-01  1.480701385E+00  1.525009667E+00  6.042318361E+00
 -7.915608223E-01  1.449325784E+00  1.528076332E+00  6.003415569E+00
 -8.643296167E-01  1.415006540E+00  1.531467813E+00  5.961006811E+00
 -9.353536491E-01  1.377844866E+00  1.535184661E+00  5.915255135E+00
 -1.004509052E+00  1.337948694E+00  1.539227461E+00  5.866333060E+00
 -1.071680044E+00  1.295431989E+00  1.543596816E+00  5.814421196E+00
 -1.136759229E+00  1.250414036E+00  1.548293346E+00  5.759706835E+00
 -1.199647835E+00  1.203018724E+00  1.553317676E+00  5.702382560E+00
 -1.260255872E+00  1.153373822E+00  1.558670431E+00  5.642644849E+00
 -1.318502232E+00  1.101610262E+00  1.564352222E+00  5.580692731E+00
 -1.374314721E+00  1.047861425E+00  1.570363637E+00  5.516726477E+00
 -1.427630028E+00  9.922624550E-01  1.576705231E+00  5.450946353E+00
 -1.478393635E+00  9.349495874E-01  1.583377513E+00  5.383551445E+00
 -1.526559677E+00  8.760595054E-01  1.590380931E+00  5.314738562E+00
 -1.572090748E+00  8.157287306E-01  1.597715861E+00  5.244701228E+00
 -1.614957668E+00  7.540930468E-01  1.605382587E+00  5.173628759E+00
 -1.655139200E+00  6.912869625E-01  1.613381291E+00  5.101705445E+00
 -1.692621750E+00  6.274432142E-01  1.621712030E+00  5.029109821E+00
 -1.727399018E+00  5.626923109E-01  1.630374721E+00  4.956014041E+00
 -1.759471638E+00  4.971621219E-01  1.639369121E+00  4.882583345E+00
 -1.788846798E+00  4.309775085E-01  1.648694803E+00  4.808975622E+00
 -1.815537835E+00  3.642599985E-01  1.658351138E+00  4.735341066E+00
 -1.839563837E+00  2.971275030E-01  1.668337270E+00  4.661821912E+00
 -1.860949220E+00  2.296940763E-01  1.678652092E+00  4.588552260E+00
 -1.879723322E+00  1.620697141E-01  1.689294220E+00  4.515657972E+00
 -1.895919983E+00  9.436019255E-02  1.700261965E+00  4.443256641E+00
 -1.909577138E+00  2.666694213E-02  1.711553304E+00  4.371457617E+00
 -1.920736417E+00 -4.091304281E-02  1.723165854E+00  4.300362100E+00
 -1.929442756E+00 -1.082872627E-01  1.735096838E+00  4.230063276E+00
 -1.935744011E+00 -1.753677412E-01  1.747343053E+00  4.160646500E+00
 -1.939690604E+00 -2.420710267E-01  1.759900836E+00  4.092189517E+00
 -1.941335165E+00 -3.083181684E-01  1.772766032E+00  4.024762717E+00
 -1.940732206E+00 -3.740346700E-01  1.785933956E+00  3.958429413E+00
 -1.937937802E+00 -4.391504234E-01  1.799399357E+00  3.893246141E+00
 -1.933009297E+00 -5.035996246E-01  1.813156381E+00  3.829262981E+00
 -1.926005027E+00 -5.673206743E-01  1.827198532E+00  3.766523885E+00
 -1.916984057E+00 -6.302560650E-01  1.841518631E+00  3.705067013E+00
 -1.906005947E+00 -6.923522567E-01  1.856108784E+00  3.644925074E+00
 -1.893130524E+00 -7.535595437E-01  1.870960332E+00  3.586125673E+00
 -1.878417682E+00 -8.138319138E-01  1.886063821E+00  3.528691647E+00
 -1.861927197E+00 -8.731269008E-01  1.901408957E+00  3.472641401E+00
 -1.843718556E+00 -9.314054340E-01  1.916984568E+00  3.417989240E+00
 -1.823850807E+00 -9.886316835E-01  1.932778571E+00  3.364745689E+00
 -1.802382423E+00 -1.044772905E+00  1.948777927E+00  3.312917802E+00
 -1.779371183E+00 -1.099799281E+00  1.964968616E+00  3.262509465E+00
 -1.754874061E+00 -1.153683769E+00  1.981335596E+00  3.213521683E+00
 -1.728947140E+00 -1.206401942E+00  1.997862780E+00  3.165952857E+00
 -1.701645527E+00 -1.257931837E+00  2.014533004E+00  3.119799042E+00
 -1.673023288E+00 -1.308253808E+00  2.031328005E+00  3.075054200E+00
 -1.643133392E+00 -1.357350373E+00  2.048228405E+00  3.031710436E+00
 -1.612027662E+00 -1.405206077E+00  2.065213690E+00  2.989758217E+00
 -1.579756742E+00 -1.451807348E+00  2.082262210E+00  2.949186580E+00
 -1.546370067E+00 -1.497142367E+00  2.099351168E+00  2.909983331E+00
 -1.511915845E+00 -1.541200931E+00  2.116456629E+00  2.872135223E+00
 -1.476441044E+00 -1.583974338E+00  2.133553527E+00  2.835628130E+00
 -1.439991389E+00 -1.625455256E+00  2.150615688E+00  2.800447202E+00
 -1.402611360E+00 -1.665637617E+00  2.167615854E+00  2.766577010E+00
 -1.364344203E+00 -1.704516501E+00  2.184525720E+00  2.734001687E+00
 -1.325231935E+00 -1.742088035E+00  2.201315979E+00  2.702705046E+00
 -1.285315370E+00 -1.778349290E+00  2.217956382E+00  2.672670697E+00
 -1.244634131E+00 -1.813298192E+00  2.234415797E+00  2.643882156E+00
 -1.203226677E+00 -1.846933424E+00  2.250662293E+00  2.616322936E+00
 -1.161130333E+00 -1.879254349E+00  2.266663221E+00  2.589976636E+00
 -1.118381316E+00 -1.910260926E+00  2.282385318E+00  2.564827027E+00
 -1.075014771E+00 -1.939953635E+00  2.297794815E+00  2.540858116E+00
 -1.031064803E+00 -1.968333409E+00  2.312857554E+00  2.518054219E+00
 -9.865645160E-01 -1.995401562E+00  2.327539125E+00  2.496400021E+00
 -9.415460508E-01 -2.021159732E+00  2.341805001E+00  2.475880626E+00
 -8.960406246E-01 -2.045609821E+00  2.355620691E+00  2.456481609E+00
 -8.500785723E-01 -2.068753937E+00  2.368951897E+00  2.438189059E+00
 -8.036893886E-01 -2.090594352E+00  2.381764679E+00  2.420989620E+00
 -7.569017705E-01 -2.111133445E+00  2.394025633E+00  2.404870524E+00
 -7.097436618E-01 -2.130373666E+00  2.405702059E+00  2.389819625E+00
 -6.622422965E-01 -2.148317493E+00  2.416762149E+00  2.375825424E+00
 -6.144242440E-01 -2.164967395E+00  2.427175165E+00  2.362877097E+00
 -5.663154538E-01 -2.180325797E+00  2.436911624E+00  2.350964517E+00
 -5.179413013E-01 -2.194395055E+00  2.445943475E+00  2.340078269E+00
 -4.693266331E-01 -2.207177417E+00  2.454244282E+00  2.330209673E+00
 -4.204958127E-01 -2.218675009E+00  2.461789388E+00  2.321350795E+00
 -3.714727666E-01 -2.228889806E+00  2.468556084E+00  2.313494463E+00
 -3.222810300E-01 -2.237823613E+00  2.474523760E+00  2.306634273E+00
 -2.729437929E-01 -2.245478046E+00  2.479674047E+00  2.300764606E+00
 -2.234839463E-01 -2.251854519E+00  2.483990948E+00  2.295880628E+00
 -1.739241278E-01 -2.256954233E+00  2.487460950E+00  2.291978303E+00
 -1.242867683E-01 -2.260778156E+00  2.490073123E+00  2.289054396E+00
 -7.459413739E-02 -2.263327027E+00  2.491819198E+00  2.287106477E+00
 -2.486838956E-02 -2.264601338E+00  2.492693627E+00  2.286132923E+00
  2.486838956E-02 -2.264601338E+00  2.492693627E+00  2.286132923E+00
  7.459413739E-02 -2.263327027E+00  2.491819198E+00  2.287106477E+00
  1.242867683E-01 -2.260778156E+00  2.490073123E+00  2.289054396E+00
  1.739241278E-01 -2.256954233E+00  2.487460950E+00  2.291978303E+00
  2.234839463E-01 -2.251854519E+00  2.483990948E+00  2.295880628E+00
  2.729437929E-01 -2.245478046E+00  2.479674047E+00  2.300764606E+00
  3.222810300E-01 -2.237823613E+00  2.474523760E+00  2.306634273E+00
  3.714727666E-01 -2.228889806E+00  2.468556084E+00  2.313494463E+00
  4.204958127E-01 -2.218675009E+00  2.461789388E+00  2.321350795E+00
  4.693266331E-01 -2.207177417E+00  2.454244282E+00  2.330209673E+00
  5.179413013E-01 -2.194395055E+00  2.445943475E+00  2.340078269E+00
  5.663154538E-01 -2.180325797E+00  2.436911624E+00  2.350964517E+00
  6.144242440E-01 -2.164967395E+00  2.427175165E+00  2.362877097E+00
  6.622422965E-01 -2.148317493E+00  2.416762149E+00  2.375825424E+00
  7.097436618E-01 -2.130373666E+00  2.405702059E+00  2.389819625E+00
  7.569017705E-01 -2.111133445E+00  2.394025633E+00  2.404870524E+00
  8.036893886E-01 -2.090594352E+00  2.381764679E+00  2.420989620E+00
  8.500785723E-01 -2.068753937E+00  2.368951897E+00  2.438189059E+00
  8.960406246E-01 -2.045609821E+00  2.355620691E+00  2.456481609E+00
  9.415460508E-01 -2.021159732E+00  2.341805001E+00  2.475880626E+00
  9.865645160E-01 -1.995401562E+00  2.327539125E+00  2.496400021E+00
  1.031064803E+00 -1.968333409E+00  2.312857554E+00  2.518054219E+00
  1.075014771E+00 -1.939953635E+00  2.297794815E+00  2.540858116E+00
  1.118381316E+00 -1.910260926E+00  2.282385318E+00  2.564827027E+00
  1.161130333E+00 -1.879254349E+00  2.266663221E+00  2.589976636E+00
  1.203226677E+00 -1.846933424E+00  2.250662293E+00  2.616322936E+00
  1.244634131E+00 -1.813298192E+00  2.234415797E+00  2.643882156E+00
  1.285315370E+00 -1.778349290E+00  2.217956382E+00  2.672670697E+00
  1.325231935E+00 -1.742088035E+00  2.201315979E+00  2.702705046E+00
  1.364344203E+00 -1.704516501E+00  2.184525720E+00  2.734001687E+00
  1.402611360E+00 -1.665637617E+00  2.167615854E+00  2.766577010E+00
  1.439991389E+00 -1.625455256E+00  2.150615688E+00  2.800447202E+00
  1.476441044E+00 -1.583974338E+00  2.133553527E+00  2.835628130E+00
  1.511915845E+00 -1.541200931E+00  2.116456629E+00  2.872135223E+00
  1.546370067E+00 -1.497142367E+00  2.099351168E+00  2.909983331E+00
  1.579756742E+00 -1.451807348E+00  2.082262210E+00  2.949186580E+00
  1.612027662E+00 -1.405206077E+00  2.065213690E+00  2.989758217E+00
  1.643133392E+00 -1.357350373E+00  2.048228405E+00  3.031710436E+00
  1.673023288E+00 -1.308253808E+00  2.031328005E+00  3.075054200E+00
  1.701645527E+00 -1.257931837E+00  2.014533004E+00  3.119799042E+00
  1.728947140E+00 -1.206401942E+00  1.997862780E+00  3.165952857E+00
  1.754874061E+00 -1.153683769E+00  1.981335596E+00  3.213521683E+00
  1.779371183E+00 -1.099799281E+00  1.964968616E+00  3.262509465E+00
  1.802382423E+00 -1.044772905E+00  1.948777927E+00  3.312917802E+00
  1.823850807E+00 -9.886316835E-01  1.932778571E+00  3.364745689E+00
  1.843718556E+00 -9.314054340E-01  1.916984568E+00  3.417989240E+00
  1.861927197E+00 -8.731269008E-01  1.901408957E+00  3.472641401E+00
  1.878417682E+00 -8.138319138E-01  1.886063821E+00  3.528691647E+00
  1.893130524E+00 -7.535595437E-01  1.870960332E+00  3.586125673E+00
  1.906005947E+00 -6.923522567E-01  1.856108784E+00  3.644925074E+00
  1.916984057E+00 -6.302560650E-01  1.841518631E+00  3.705067013E+00
  1.926005027E+00 -5.673206743E-01  1.827198532E+00  3.766523885E+00
  1.933009297E+00 -5.035996246E-01  1.813156381E+00  3.829262981E+00
  1.937937802E+00 -4.391504234E-01  1.799399357E+00  3.893246141E+00
  1.940732206E+00 -3.740346700E-01  1.785933956E+00  3.958429413E+00
  1.941335165E+00 -3.083181684E-01  1.772766032E+00  4.024762717E+00
  1.939690604E+00 -2.420710267E-01  1.759900836E+00  4.092189517E+00
  1.935744011E+00 -1.753677412E-01  1.747343053E+00  4.160646500E+00
  1.929442756E+00 -1.082872627E-01  1.735096838E+00  4.230063276E+00
  1.920736417E+00 -4.091304281E-02  1.723165854E+00  4.300362100E+00
  1.909577138E+00  2.666694213E-02  1.711553304E+00  4.371457617E+00
  1.895919983E+00  9.436019255E-02  1.700261965E+00  4.443256641E+00
  1.879723322E+00  1.620697141E-01  1.689294220E+00  4.515657972E+00
  1.860949220E+00  2.296940763E-01  1.678652092E+00  4.588552260E+00
  1.839563837E+00  2.971275030E-01  1.668337270E+00  4.661821912E+00
  1.815537835E+00  3.642599985E-01  1.658351138E+00  4.735341066E+00
  1.788846798E+00  4.309775085E-01  1.648694803E+00  4.808975622E+00
  1.759471638E+00  4.971621219E-01  1.639369121E+00  4.882583345E+00
  1.727399018E+00  5.626923109E-01  1.630374721E+00  4.956014041E+00
  1.692621750E+00  6.274432142E-01  1.621712030E+00  5.029109821E+00
  1.655139200E+00  6.912869625E-01  1.613381291E+00  5.101705445E+00
  1.614957668E+00  7.540930468E-01  1.605382587E+00  5.173628759E+00
  1.572090748E+00  8.157287306E-01  1.597715861E+00  5.244701228E+00
  1.526559677E+00  8.760595054E-01  1.590380931E+00  5.314738562E+00
  1.478393635E+00  9.349495874E-01  1.583377513E+00  5.383551445E+00
  1.427630028E+00  9.922624550E-01  1.576705231E+00  5.450946353E+00
  1.374314721E+00  1.047861425E+00  1.570363637E+00  5.516726477E+00
  1.318502232E+00  1.101610262E+00  1.564352222E+00  5.580692731E+00
  1.260255872E+00  1.153373822E+00  1.558670431E+00  5.642644849E+00
  1.199647835E+00  1.203018724E+00  1.553317676E+00  5.702382560E+00
  1.136759229E+00  1.250414036E+00  1.548293346E+00  5.759706835E+00
  1.071680044E+00  1.295431989E+00  1.543596816E+00  5.814421196E+00
  1.004509052E+00  1.337948694E+00  1.539227461E+00  5.866333060E+00
  9.353536491E-01  1.377844866E+00  1.535184661E+00  5.915255135E+00
  8.643296167E-01  1.415006540E+00  1.531467813E+00  5.961006811E+00
  7.915608223E-01  1.449325784E+00  1.528076332E+00  6.003415569E+00
  7.171788452E-01  1.480701385E+00  1.525009667E+00  6.042318361E+00
  6.413225352E-01  1.509039514E+00  1.522267299E+00  6.077562958E+00
  5.641375049E-01  1.534254355E+00  1.519848749E+00  6.109009240E+00
  4.857755580E-01  1.556268689E+00  1.517753585E+00  6.136530410E+00
  4.063940583E-01  1.575014437E+00  1.515981424E+00  6.160014124E+00
  3.261552441E-01  1.590433137E+00  1.514531934E+00  6.179363497E+00
  2.452254943E-01  1.602476364E+00  1.513404843E+00  6.194497997E+00
  1.637745522E-01  1.611106080E+00  1.512599933E+00  6.205354186E+00
  8.197471555E-02  1.616294916E+00  1.512117050E+00  6.211886320E+00
  3.052803210E-16  1.618026366E+00  1.511956100E+00  6.214066777E+00
 -2.982619879E-16  1.573292727E+00  1.490680981E+00  5.931630816E+00
 -8.009045642E-02  1.571608745E+00  1.490837433E+00  5.929597301E+00
 -1.600119880E-01  1.566562079E+00  1.491306819E+00  5.923505222E+00
 -2.395964895E-01  1.558168539E+00  1.492089220E+00  5.913379901E+00
 -3.186774869E-01  1.546454346E+00  1.493184775E+00  5.899263278E+00
 -3.970909317E-01  1.531455941E+00  1.494593672E+00  5.881213521E+00
 -4.746759714E-01  1.513219727E+00  1.496316154E+00  5.859304494E+00
 -5.512756875E-01  1.491801738E+00  1.498352510E+00  5.833625083E+00
 -6.267377940E-01  1.467267241E+00  1.500703077E+00  5.804278390E+00
 -7.009152916E-01  1.439690286E+00  1.503368231E+00  5.771380829E+00
 -7.736670699E-01  1.409153198E+00  1.506348391E+00  5.735061102E+00
 -8.448584546E-01  1.375746020E+00  1.509644005E+00  5.695459104E+00
 -9.143616947E-01  1.339565926E+00  1.513255551E+00  5.652724757E+00
 -9.820563875E-01  1.300716584E+00  1.517183530E+00  5.607016785E+00
 -1.047829839E+00  1.259307514E+00  1.521428458E+00  5.558501469E+00
 -1.111577359E+00  1.215453409E+00  1.525990859E+00  5.507351367E+00
 -1.173202489E+00  1.169273457E+00  1.530871257E+00  5.453744044E+00
 -1.232617167E+00  1.120890655E+00  1.536070170E+00  5.397860809E+00
 -1.289741830E+00  1.070431122E+00  1.541588095E+00  5.339885485E+00
 -1.344505447E+00  1.018023429E+00  1.547425503E+00  5.280003214E+00
 -1.396845504E+00  9.637979371E-01  1.553582825E+00  5.218399314E+00
 -1.446707928E+00  9.078861592E-01  1.560060442E+00  5.155258204E+00
 -1.494046957E+00  8.504201440E-01  1.566858669E+00  5.090762392E+00
 -1.538824968E+00  7.915318922E-01  1.573977745E+00  5.025091545E+00
 -1.581012264E+00  7.313528026E-01  1.581417816E+00  4.958421637E+00
 -1.620586810E+00  6.700131552E-01  1.589178920E+00  4.890924183E+00
 -1.657533953E+00  6.076416314E-01  1.597260968E+00  4.822765567E+00
 -1.691846102E+00  5.443648733E-01  1.605663732E+00  4.754106446E+00
 -1.723522385E+00  4.803070833E-01  1.614386818E+00  4.685101251E+00
 -1.752568295E+00  4.155896651E-01  1.623429654E+00  4.615897769E+00
 -1.778995311E+00  3.503309050E-01  1.632791463E+00  4.546636810E+00
 -1.802820513E+00  2.846456932E-01  1.642471243E+00  4.477451951E+00
 -1.824066194E+00  2.186452859E-01  1.652467743E+00  4.408469354E+00
 -1.842759465E+00  1.524371042E-01  1.662779439E+00  4.339807654E+00
 -1.858931861E+00  8.612457096E-02  1.673404508E+00  4.271577917E+00
 -1.872618951E+00  1.980698195E-02  1.684340800E+00  4.203883647E+00
 -1.883859956E+00 -4.642058931E-02  1.695585810E+00  4.136820851E+00
 -1.892697377E+00 -1.124673561E-01  1.707136648E+00  4.070478156E+00
 -1.899176629E+00 -1.782468539E-01  1.718990012E+00  4.004936958E+00
 -1.903345690E+00 -2.436769497E-01  1.731142150E+00  3.940271616E+00
 -1.905254768E+00 -3.086798265E-01  1.743588832E+00  3.876549670E+00
 -1.904955982E+00 -3.731819466E-01  1.756325316E+00  3.813832089E+00
 -1.902503049E+00 -4.371139944E-01  1.769346310E+00  3.752173539E+00
 -1.897951009E+00 -5.004108021E-01  1.782645941E+00  3.691622665E+00
 -1.891355944E+00 -5.630112608E-01  1.796217718E+00  3.632222385E+00
 -1.882774732E+00 -6.248582171E-01  1.810054491E+00  3.574010201E+00
 -1.872264812E+00 -6.858983593E-01  1.824148421E+00  3.517018500E+00
 -1.859883964E+00 -7.460820937E-01  1.838490938E+00  3.461274870E+00
 -1.845690113E+00 -8.053634137E-01  1.853072709E+00  3.406802408E+00
 -1.829741143E+00 -8.636997621E-01  1.867883597E+00  3.353620028E+00
 -1.812094734E+00 -9.210518890E-01  1.882912626E+00  3.301742764E+00
 -1.792808209E+00 -9.773837067E-01  1.898147950E+00  3.251182062E+00
 -1.771938399E+00 -1.032662142E+00  1.913576817E+00  3.201946070E+00
 -1.749541526E+00 -1.086856987E+00  1.929185535E+00  3.154039913E+00
 -1.725673093E+00 -1.139940752E+00  1.944959449E+00  3.107465962E+00
 -1.700387790E+00 -1.191888518E+00  1.960882906E+00  3.062224088E+00
 -1.673739419E+00 -1.242677786E+00  1.976939240E+00  3.018311905E+00
 -1.645780817E+00 -1.292288341E+00  1.993110741E+00  2.975725006E+00
 -1.616563804E+00 -1.340702104E+00  2.009378650E+00  2.934457180E+00
 -1.586139130E+00 -1.387902996E+00  2.025723139E+00  2.894500620E+00
 -1.554556441E+00 -1.433876809E+00  2.042123308E+00  2.855846121E+00
 -1.521864245E+00 -1.478611066E+00  2.058557183E+00  2.818483260E+00
 -1.488109893E+00 -1.522094907E+00  2.075001722E+00  2.782400571E+00
 -1.453339562E+00 -1.564318958E+00  2.091432828E+00  2.747585704E+00
 -1.417598250E+00 -1.605275220E+00  2.107825367E+00  2.714025575E+00
 -1.380929773E+00 -1.644956954E+00  2.124153198E+00  2.681706505E+00
 -1.343376766E+00 -1.683358579E+00  2.140389206E+00  2.650614348E+00
 -1.304980700E+00 -1.720475564E+00  2.156505351E+00  2.620734609E+00
 -1.265781886E+00 -1.756304334E+00  2.172472718E+00  2.592052557E+00
 -1.225819501E+00 -1.790842177E+00  2.188261586E+00  2.564553322E+00
 -1.185131603E+00 -1.824087156E+00  2.203841496E+00  2.538221992E+00
 -1.143755162E+00 -1.856038026E+00  2.219181342E+00  2.513043691E+00
 -1.101726081E+00 -1.886694156E+00  2.234249458E+00  2.489003664E+00
 -1.059079232E+00 -1.916055455E+00  2.249013729E+00  2.466087344E+00
 -1.015848485E+00 -1.944122301E+00  2.263441700E+00  2.444280414E+00
 -9.720667434E-01 -1.970895476E+00  2.277500702E+00  2.423568872E+00
 -9.277659814E-01 -1.996376107E+00  2.291157984E+00  2.403939079E+00
 -8.829772796E-01 -2.020565603E+00  2.304380855E+00  2.385377805E+00
 -8.377308653E-01 -2.043465608E+00  2.317136833E+00  2.367872281E+00
 -7.920561524E-01 -2.065077945E+00  2.329393799E+00  2.351410226E+00
 -7.459817820E-01 -2.085404576E+00  2.341120159E+00  2.335979892E+00
 -6.995356648E-01 -2.104447550E+00  2.352285011E+00  2.321570091E+00
 -6.527450231E-01 -2.122208973E+00  2.362858310E+00  2.308170221E+00
 -6.056364337E-01 -2.138690963E+00  2.372811043E+00  2.295770295E+00
 -5.582358719E-01 -2.153895624E+00  2.382115393E+00  2.284360961E+00
 -5.105687546E-01 -2.167825006E+00  2.390744913E+00  2.273933520E+00
 -4.626599848E-01 -2.180481087E+00  2.398674684E+00  2.264479946E+00
 -4.145339956E-01 -2.191865741E+00  2.405881481E+00  2.255992901E+00
 -3.662147951E-01 -2.201980715E+00  2.412343916E+00  2.248465745E+00
 -3.177260104E-01 -2.210827616E+00  2.418042590E+00  2.241892550E+00
 -2.690909325E-01 -2.218407884E+00  2.422960215E+00  2.236268110E+00
 -2.203325614E-01 -2.224722784E+00  2.427081743E+00  2.231587947E+00
 -1.714736502E-01 -2.229773389E+00  2.430394462E+00  2.227848320E+00
 -1.225367503E-01 -2.233560568E+00  2.432888095E+00  2.225046230E+00
 -7.354425642E-02 -2.236084984E+00  2.434554865E+00  2.223179424E+00
 -2.451845094E-02 -2.237347081E+00  2.435389559E+00  2.222246397E+00
  2.451845094E-02 -2.237347081E+00  2.435389559E+00  2.222246397E+00
  7.354425642E-02 -2.236084984E+00  2.434554865E+00  2.223179424E+00
  1.225367503E-01 -2.233560568E+00  2.432888095E+00  2.225046230E+00
  1.714736502E-01 -2.229773389E+00  2.430394462E+00  2.227848320E+00
  2.203325614E-01 -2.224722784E+00  2.427081743E+00  2.231587947E+00
  2.690909325E-01 -2.218407884E+00  2.422960215E+00  2.236268110E+00
  3.177260104E-01 -2.210827616E+00  2.418042590E+00  2.241892550E+00
  3.662147951E-01 -2.201980715E+00  2.412343916E+00  2.248465745E+00
  4.145339956E-01 -2.191865741E+00  2.405881481E+00  2.255992901E+00
  4.626599848E-01 -2.180481087E+00  2.398674684E+00  2.264479946E+00
  5.105687546E-01 -2.167825006E+00  2.390744913E+00  2.273933520E+00
  5.582358719E-01 -2.153895624E+00  2.382115393E+00  2.284360961E+00
  6.056364337E-01 -2.138690963E+00  2.372811043E+00  2.295770295E+00
  6.527450231E-01 -2.122208973E+00  2.362858310E+00  2.308170221E+00
  6.995356648E-01 -2.104447550E+00  2.352285011E+00  2.321570091E+00
  7.459817820E-01 -2.085404576E+00  2.341120159E+00  2.335979892E+00
  7.920561524E-01 -2.065077945E+00  2.329393799E+00  2.351410226E+00
  8.377308653E-01 -2.043465608E+00  2.317136833E+00  2.367872281E+00
  8.829772796E-01 -2.020565603E+00  2.304380855E+00  2.385377805E+00
  9.277659814E-01 -1.996376107E+00  2.291157984E+00  2.403939079E+00
  9.720667434E-01 -1.970895476E+00  2.277500702E+00  2.423568872E+00
  1.015848485E+00 -1.944122301E+00  2.263441700E+00  2.444280414E+00
  1.059079232E+00 -1.916055455E+00  2.249013729E+00  2.466087344E+00
  1.101726081E+00 -1.886694156E+00  2.234249458E+00  2.489003664E+00
  1.143755162E+00 -1.856038026E+00  2.219181342E+00  2.513043691E+00
  1.185131603E+00 -1.824087156E+00  2.203841496E+00  2.538221992E+00
  1.225819501E+00 -1.790842177E+00  2.188261586E+00  2.564553322E+00
  1.265781886E+00 -1.756304334E+00  2.172472718E+00  2.592052557E+00
  1.304980700E+00 -1.720475564E+00  2.156505351E+00  2.620734609E+00
  1.343376766E+00 -1.683358579E+00  2.140389206E+00  2.650614348E+00
  1.380929773E+00 -1.644956954E+00  2.124153198E+00  2.681706505E+00
  1.417598250E+00 -1.605275220E+00  2.107825367E+00  2.714025575E+00
  1.453339562E+00 -1.564318958E+00  2.091432828E+00  2.747585704E+00
  1.488109893E+00 -1.522094907E+00  2.075001722E+00  2.782400571E+00
  1.521864245E+00 -1.478611066E+00  2.058557183E+00  2.818483260E+00
  1.554556441E+00 -1.433876809E+00  2.042123308E+00  2.855846121E+00
  1.586139130E+00 -1.387902996E+00  2.025723139E+00  2.894500620E+00
  1.616563804E+00 -1.340702104E+00  2.009378650E+00  2.934457180E+00
  1.645780817E+00 -1.292288341E+00  1.993110741E+00  2.975725006E+00
  1.673739419E+00 -1.242677786E+00  1.976939240E+00  3.018311905E+00
  1.700387790E+00 -1.191888518E+00  1.960882906E+00  3.062224088E+00
  1.725673093E+00 -1.139940752E+00  1.944959449E+00  3.107465962E+00
  1.749541526E+00 -1.086856987E+00  1.929185535E+00  3.154039913E+00
  1.771938399E+00 -1.032662142E+00  1.913576817E+00  3.201946070E+00
  1.792808209E+00 -9.773837067E-01  1.898147950E+00  3.251182062E+00
  1.812094734E+00 -9.210518890E-01  1.882912626E+00  3.301742764E+00
  1.829741143E+00 -8.636997621E-01  1.867883597E+00  3.353620028E+00
  1.845690113E+00 -8.053634137E-01  1.853072709E+00  3.406802408E+00
  1.859883964E+00 -7.460820937E-01  1.838490938E+00  3.461274870E+00
  1.872264812E+00 -6.858983593E-01  1.824148421E+00  3.517018500E+00
  1.882774732E+00 -6.248582171E-01  1.810054491E+00  3.574010201E+00
  1.891355944E+00 -5.630112608E-01  1.796217718E+00  3.632222385E+00
  1.897951009E+00 -5.004108021E-01  1.782645941E+00  3.691622665E+00
  1.902503049E+00 -4.371139944E-01  1.769346310E+00  3.752173539E+00
  1.904955982E+00 -3.731819466E-01  1.756325316E+00  3.813832089E+00
  1.905254768E+00 -3.086798265E-01  1.743588832E+00  3.876549670E+00
  1.903345690E+00 -2.436769497E-01  1.731142150E+00  3.940271616E+00
  1.899176629E+00 -1.782468539E-01  1.718990012E+00  4.004936958E+00
  1.892697377E+00 -1.124673561E-01  1.707136648E+00  4.070478156E+00
  1.883859956E+00 -4.642058931E-02  1.695585810E+00  4.136820851E+00
  1.872618951E+00  1.980698195E-02  1.684340800E+00  4.203883647E+00
  1.858931861E+00  8.612457096E-02  1.673404508E+00  4.271577917E+00
  1.842759465E+00  1.524371042E-01  1.662779439E+00  4.339807654E+00
  1.824066194E+00  2.186452859E-01  1.652467743E+00  4.408469354E+00
  1.802820513E+00  2.846456932E-01  1.642471243E+00  4.477451951E+00
  1.778995311E+00  3.503309050E-01  1.632791463E+00  4.546636810E+00
  1.752568295E+00  4.155896651E-01  1.623429654E+00  4.615897769E+00
  1.723522385E+00  4.803070833E-01  1.614386818E+00  4.685101251E+00
  1.691846102E+00  5.443648733E-01  1.605663732E+00  4.754106446E+00
  1.657533953E+00  6.076416314E-01  1.597260968E+00  4.822765567E+00
  1.620586810E+00  6.700131552E-01  1.589178920E+00  4.890924183E+00
  1.581012264E+00  7.313528026E-01  1.581417816E+00  4.958421637E+00
  1.538824968E+00  7.915318922E-01  1.573977745E+00  5.025091545E+00
  1.494046957E+00  8.504201440E-01  1.566858669E+00  5.090762392E+00
  1.446707928E+00  9.078861592E-01  1.560060442E+00  5.155258204E+00
  1.396845504E+00  9.637979371E-01  1.553582825E+00  5.218399314E+00
  1.344505447E+00  1.018023429E+00  1.547425503E+00  5.280003214E+00
  1.289741830E+00  1.070431122E+00  1.541588095E+00  5.339885485E+00
  1.232617167E+00  1.120890655E+00  1.536070170E+00  5.397860809E+00
  1.173202489E+00  1.169273457E+00  1.530871257E+00  5.453744044E+00
  1.111577359E+00  1.215453409E+00  1.525990859E+00  5.507351367E+00
  1.047829839E+00  1.259307514E+00  1.521428458E+00  5.558501469E+00
  9.820563875E-01  1.300716584E+00  1.517183530E+00  5.607016785E+00
  9.143616947E-01  1.339565926E+00  1.513255551E+00  5.652724757E+00
  8.448584546E-01  1.375746020E+00  1.509644005E+00  5.695459104E+00
  7.736670699E-01  1.409153198E+00  1.506348391E+00  5.735061102E+00
  7.009152916E-01  1.439690286E+00  1.503368231E+00  5.771380829E+00
  6.267377940E-01  1.467267241E+00  1.500703077E+00  5.804278390E+00
  5.512756875E-01  1.491801738E+00  1.498352510E+00  5.833625083E+00
  4.746759714E-01  1.513219727E+00  1.496316154E+00  5.859304494E+00
  3.970909317E-01  1.531455941E+00  1.494593672E+00  5.881213521E+00
  3.186774869E-01  1.546454346E+00  1.493184775E+00  5.899263278E+00
  2.395964895E-01  1.558168539E+00  1.492089220E+00  5.913379901E+00
  1.600119880E-01  1.566562079E+00  1.491306819E+00  5.923505222E+00
  8.009045642E-02  1.571608745E+00  1.490837433E+00  5.929597301E+00
  2.982619879E-16  1.573292727E+00  1.490680981E+00  5.931630816E+00
 -2.914168095E-16  1.529465637E+00  1.469553236E+00  5.662490611E+00
 -7.825267066E-02  1.527827636E+00  1.469705285E+00  5.660593905E+00
 -1.563421360E-01  1.522918696E+00  1.470161456E+00  5.654911550E+00
 -2.341059693E-01  1.514753961E+00  1.470921821E+00  5.645466764E+00
 -3.113832929E-01  1.503358558E+00  1.471986501E+00  5.632298007E+00
 -3.880155333E-01  1.488767409E+00  1.473355661E+00  5.615458633E+00
 -4.638471537E-01  1.471024991E+00  1.475029510E+00  5.595016404E+00
 -5.387263559E-01  1.450185021E+00  1.477008302E+00  5.571052884E+00
 -6.125057460E-01  1.426310088E+00  1.479292326E+00  5.543662719E+00
 -6.850429578E-01  1.399471219E+00  1.481881909E+00  5.512952811E+00
 -7.562012283E-01  1.369747406E+00  1.484777410E+00  5.479041400E+00
 -8.258499210E-01  1.337225082E+00  1.487979213E+00  5.442057073E+00
 -8.938649939E-01  1.301997557E+00  1.491487724E+00  5.402137703E+00
 -9.601294079E-01  1.264164428E+00  1.495303368E+00  5.359429354E+00
 -1.024533476E+00  1.223830961E+00  1.499426575E+00  5.314085135E+00
 -1.086975149E+00  1.181107452E+00  1.503857781E+00  5.266264050E+00
 -1.147360241E+00  1.136108586E+00  1.508597415E+00  5.216129839E+00
 -1.205602593E+00  1.088952782E+00  1.513645892E+00  5.163849831E+00
 -1.261624176E+00  1.039761544E+00  1.519003606E+00  5.109593817E+00
 -1.315355133E+00  9.886588183E-01  1.524670915E+00  5.053532964E+00
 -1.366733775E+00  9.357703662E-01  1.530648134E+00  4.995838766E+00
 -1.415706510E+00  8.812231526E-01  1.536935524E+00  4.936682056E+00
 -1.462227735E+00  8.251447584E-01  1.543533278E+00  4.876232081E+00
 -1.506259678E+00  7.676628198E-01  1.550441505E+00  4.814655635E+00
 -1.547772197E+00  7.089044971E-01  1.557660221E+00  4.752116280E+00
 -1.586742548E+00  6.489959768E-01  1.565189332E+00  4.688773629E+00
 -1.623155114E+00  5.880620087E-01  1.573028614E+00  4.624782718E+00
 -1.657001110E+00  5.262254797E-01  1.581177701E+00  4.560293453E+00
 -1.688278268E+00  4.636070250E-01  1.589636065E+00  4.495450133E+00
 -1.716990495E+00  4.003246787E-01  1.598402995E+00  4.430391058E+00
 -1.743147521E+00  3.364935615E-01  1.607477580E+00  4.365248202E+00
 -1.766764537E+00  2.722256075E-01  1.616858685E+00  4.300146969E+00
 -1.787861826E+00  2.076293283E-01  1.626544927E+00  4.235206006E+00
 -1.806464385E+00  1.428096131E-01  1.636534657E+00  4.170537090E+00
 -1.822601558E+00  7.786756418E-02  1.646825930E+00  4.106245066E+00
 -1.836306658E+00  1.290036591E-02  1.657416480E+00  4.042427848E+00
 -1.847616607E+00 -5.199881473E-02  1.668303697E+00  3.979176458E+00
 -1.856571573E+00 -1.167408978E-01  1.679484593E+00  3.916575120E+00
 -1.863214628E+00 -1.812409321E-01  1.690955777E+00  3.854701389E+00
 -1.867591408E+00 -2.454181116E-01  1.702713423E+00  3.793626311E+00
 -1.869749788E+00 -3.091957678E-01  1.714753243E+00  3.733414618E+00
 -1.869739577E+00 -3.725013415E-01  1.727070449E+00  3.674124941E+00
 -1.867612221E+00 -4.352663345E-01  1.739659723E+00  3.615810051E+00
 -1.863420527E+00 -4.974262448E-01  1.752515188E+00  3.558517109E+00
 -1.857218397E+00 -5.589204863E-01  1.765630366E+00  3.502287931E+00
 -1.849060587E+00 -6.196922959E-01  1.778998152E+00  3.447159263E+00
 -1.839002475E+00 -6.796886284E-01  1.792610774E+00  3.393163059E+00
 -1.827099851E+00 -7.388600429E-01  1.806459761E+00  3.340326767E+00
 -1.813408719E+00 -7.971605805E-01  1.820535910E+00  3.288673606E+00
 -1.797985118E+00 -8.545476360E-01  1.834829250E+00  3.238222850E+00
 -1.780884962E+00 -9.109818244E-01  1.849329009E+00  3.188990103E+00
 -1.762163884E+00 -9.664268445E-01  1.864023585E+00  3.140987573E+00
 -1.741877108E+00 -1.020849339E+00  1.878900513E+00  3.094224330E+00
 -1.720079326E+00 -1.074218754E+00  1.893946436E+00  3.048706568E+00
 -1.696824591E+00 -1.126507197E+00  1.909147080E+00  3.004437850E+00
 -1.672166228E+00 -1.177689298E+00  1.924487229E+00  2.961419343E+00
 -1.646156746E+00 -1.227742068E+00  1.939950705E+00  2.919650048E+00
 -1.618847768E+00 -1.276644763E+00  1.955520347E+00  2.879127013E+00
 -1.590289978E+00 -1.324378745E+00  1.971178001E+00  2.839845542E+00
 -1.560533061E+00 -1.370927356E+00  1.986904510E+00  2.801799389E+00
 -1.529625672E+00 -1.416275784E+00  2.002679705E+00  2.764980938E+00
 -1.497615395E+00 -1.460410937E+00  2.018482414E+00  2.729381378E+00
 -1.464548727E+00 -1.503321325E+00  2.034290462E+00  2.694990867E+00
 -1.430471055E+00 -1.544996943E+00  2.050080688E+00  2.661798680E+00
 -1.395426647E+00 -1.585429153E+00  2.065828963E+00  2.629793351E+00
 -1.359458651E+00 -1.624610580E+00  2.081510223E+00  2.598962808E+00
 -1.322609091E+00 -1.662535007E+00  2.097098498E+00  2.569294490E+00
 -1.284918879E+00 -1.699197275E+00  2.112566961E+00  2.540775465E+00
 -1.246427823E+00 -1.734593189E+00  2.127887981E+00  2.513392530E+00
 -1.207174642E+00 -1.768719425E+00  2.143033183E+00  2.487132313E+00
 -1.167196987E+00 -1.801573449E+00  2.157973519E+00  2.461981357E+00
 -1.126531461E+00 -1.833153430E+00  2.172679351E+00  2.437926204E+00
 -1.085213645E+00 -1.863458170E+00  2.187120537E+00  2.414953468E+00
 -1.043278127E+00 -1.892487023E+00  2.201266535E+00  2.393049905E+00
 -1.000758530E+00 -1.920239834E+00  2.215086507E+00  2.372202476E+00
 -9.576875463E-01 -1.946716869E+00  2.228549438E+00  2.352398400E+00
 -9.140969698E-01 -1.971918758E+00  2.241624261E+00  2.333625210E+00
 -8.700177331E-01 -1.995846437E+00  2.254279990E+00  2.315870796E+00
 -8.254799433E-01 -2.018501094E+00  2.266485859E+00  2.299123450E+00
 -7.805129207E-01 -2.039884123E+00  2.278211468E+00  2.283371903E+00
 -7.351452377E-01 -2.059997074E+00  2.289426937E+00  2.268605358E+00
 -6.894047587E-01 -2.078841611E+00  2.300103055E+00  2.254813525E+00
 -6.433186811E-01 -2.096419476E+00  2.310211444E+00  2.241986644E+00
 -5.969135761E-01 -2.112732447E+00  2.319724711E+00  2.230115511E+00
 -5.502154310E-01 -2.127782310E+00  2.328616610E+00  2.219191502E+00
 -5.032496911E-01 -2.141570826E+00  2.336862199E+00  2.209206591E+00
 -4.560413025E-01 -2.154099702E+00  2.344437990E+00  2.200153367E+00
 -4.086147546E-01 -2.165370568E+00  2.351322096E+00  2.192025049E+00
 -3.609941234E-01 -2.175384953E+00  2.357494375E+00  2.184815499E+00
 -3.132031146E-01 -2.184144266E+00  2.362936560E+00  2.178519237E+00
 -2.652651069E-01 -2.191649778E+00  2.367632381E+00  2.173131444E+00
 -2.172031956E-01 -2.197902605E+00  2.371567676E+00  2.168647979E+00
 -1.690402361E-01 -2.202903698E+00  2.374730488E+00  2.165065377E+00
 -1.207988872E-01 -2.206653829E+00  2.377111148E+00  2.162380861E+00
 -7.250165505E-02 -2.209153588E+00  2.378702344E+00  2.160592344E+00
 -2.417093662E-02 -2.210403368E+00  2.379499173E+00  2.159698435E+00
  2.417093662E-02 -2.210403368E+00  2.379499173E+00  2.159698435E+00
  7.250165505E-02 -2.209153588E+00  2.378702344E+00  2.160592344E+00
  1.207988872E-01 -2.206653829E+00  2.377111148E+00  2.162380861E+00
  1.690402361E-01 -2.202903698E+00  2.374730488E+00  2.165065377E+00
  2.172031956E-01 -2.197902605E+00  2.371567676E+00  2.168647979E+00
  2.652651069E-01 -2.191649778E+00  2.367632381E+00  2.173131444E+00
  3.132031146E-01 -2.184144266E+00  2.362936560E+00  2.178519237E+00
  3.609941234E-01 -2.175384953E+00  2.357494375E+00  2.184815499E+00
  4.086147546E-01 -2.165370568E+00  2.351322096E+00  2.192025049E+00
  4.560413025E-01 -2.154099702E+00  2.344437990E+00  2.200153367E+00
  5.032496911E-01 -2.141570826E+00  2.336862199E+00  2.209206591E+00
  5.502154310E-01 -2.127782310E+00  2.328616610E+00  2.219191502E+00
  5.969135761E-01 -2.112732447E+00  2.319724711E+00  2.230115511E+00
  6.433186811E-01 -2.096419476E+00  2.310211444E+00  2.241986644E+00
  6.894047587E-01 -2.078841611E+00  2.300103055E+00  2.254813525E+00
  7.351452377E-01 -2.059997074E+00  2.289426937E+00  2.268605358E+00
  7.805129207E-01 -2.039884123E+00  2.278211468E+00  2.283371903E+00
  8.254799433E-01 -2.018501094E+00  2.266485859E+00  2.299123450E+00
  8.700177331E-01 -1.995846437E+00  2.254279990E+00  2.315870796E+00
  9.140969698E-01 -1.971918758E+00  2.241624261E+00  2.333625210E+00
  9.576875463E-01 -1.946716869E+00  2.228549438E+00  2.352398400E+00
  1.000758530E+00 -1.920239834E+00  2.215086507E+00  2.372202476E+00
  1.043278127E+00 -1.892487023E+00  2.201266535E+00  2.393049905E+00
  1.085213645E+00 -1.863458170E+00  2.187120537E+00  2.414953468E+00
  1.126531461E+00 -1.833153430E+00  2.172679351E+00  2.437926204E+00
  1.167196987E+00 -1.801573449E+00  2.157973519E+00  2.461981357E+00
  1.207174642E+00 -1.768719425E+00  2.143033183E+00  2.487132313E+00
  1.246427823E+00 -1.734593189E+00  2.127887981E+00  2.513392530E+00
  1.284918879E+00 -1.699197275E+00  2.112566961E+00  2.540775465E+00
  1.322609091E+00 -1.662535007E+00  2.097098498E+00  2.569294490E+00
  1.359458651E+00 -1.624610580E+00  2.081510223E+00  2.598962808E+00
  1.395426647E+00 -1.585429153E+00  2.065828963E+00  2.629793351E+00
  1.430471055E+00 -1.544996943E+00  2.050080688E+00  2.661798680E+00
  1.464548727E+00 -1.503321325E+00  2.034290462E+00  2.694990867E+00
  1.497615395E+00 -1.460410937E+00  2.018482414E+00  2.729381378E+00
  1.529625672E+00 -1.416275784E+00  2.002679705E+00  2.764980938E+00
  1.560533061E+00 -1.370927356E+00  1.986904510E+00  2.801799389E+00
  1.590289978E+00 -1.324378745E+00  1.971178001E+00  2.839845542E+00
  1.618847768E+00 -1.276644763E+00  1.955520347E+00  2.879127013E+00
  1.646156746E+00 -1.227742068E+00  1.939950705E+00  2.919650048E+00
  1.672166228E+00 -1.177689298E+00  1.924487229E+00  2.961419343E+00
  1.696824591E+00 -1.126507197E+00  1.909147080E+00  3.004437850E+00
  1.720079326E+00 -1.074218754E+00  1.893946436E+00  3.048706568E+00
  1.741877108E+00 -1.020849339E+00  1.878900513E+00  3.094224330E+00
  1.762163884E+00 -9.664268445E-01  1.864023585E+00  3.140987573E+00
  1.780884962E+00 -9.109818244E-01  1.849329009E+00  3.188990103E+00
  1.797985118E+00 -8.545476360E-01  1.834829250E+00  3.238222850E+00
  1.813408719E+00 -7.971605805E-01  1.820535910E+00  3.288673606E+00
  1.827099851E+00 -7.388600429E-01  1.806459761E+00  3.340326767E+00
  1.839002475E+00 -6.796886284E-01  1.792610774E+00  3.393163059E+00
  1.849060587E+00 -6.196922959E-01  1.778998152E+00  3.447159263E+00
  1.857218397E+00 -5.589204863E-01  1.765630366E+00  3.502287931E+00
  1.863420527E+00 -4.974262448E-01  1.752515188E+00  3.558517109E+00
  1.867612221E+00 -4.352663345E-01  1.739659723E+00  3.615810051E+00
  1.869739577E+00 -3.725013415E-01  1.727070449E+00  3.674124941E+00
  1.869749788E+00 -3.091957678E-01  1.714753243E+00  3.733414618E+00
  1.867591408E+00 -2.454181116E-01  1.702713423E+00  3.793626311E+00
  1.863214628E+00 -1.812409321E-01  1.690955777E+00  3.854701389E+00
  1.856571573E+00 -1.167408978E-01  1.679484593E+00  3.916575120E+00
  1.847616607E+00 -5.199881473E-02  1.668303697E+00  3.979176458E+00
  1.836306658E+00  1.290036591E-02  1.657416480E+00  4.042427848E+00
  1.822601558E+00  7.786756418E-02  1.646825930E+00  4.106245066E+00
  1.806464385E+00  1.428096131E-01  1.636534657E+00  4.170537090E+00
  1.787861826E+00  2.076293283E-01  1.626544927E+00  4.235206006E+00
  1.766764537E+00  2.722256075E-01  1.616858685E+00  4.300146969E+00
  1.743147521E+00  3.364935615E-01  1.607477580E+00  4.365248202E+00
  1.716990495E+00  4.003246787E-01  1.598402995E+00  4.430391058E+00
  1.688278268E+00  4.636070250E-01  1.589636065E+00  4.495450133E+00
  1.657001110E+00  5.262254797E-01  1.581177701E+00  4.560293453E+00
  1.623155114E+00  5.880620087E-01  1.573028614E+00  4.624782718E+00
  1.586742548E+00  6.489959768E-01  1.565189332E+00  4.688773629E+00
  1.547772197E+00  7.089044971E-01  1.557660221E+00  4.752116280E+00
  1.506259678E+00  7.676628198E-01  1.550441505E+00  4.814655635E+00
  1.462227735E+00  8.251447584E-01  1.543533278E+00  4.876232081E+00
  1.415706510E+00  8.812231526E-01  1.536935524E+00  4.936682056E+00
  1.366733775E+00  9.357703662E-01  1.530648134E+00  4.995838766E+00
  1.315355133E+00  9.886588183E-01  1.524670915E+00  5.053532964E+00
  1.261624176E+00  1.039761544E+00  1.519003606E+00  5.109593817E+00
  1.205602593E+00  1.088952782E+00  1.513645892E+00  5.163849831E+00
  1.147360241E+00  1.136108586E+00  1.508597415E+00  5.216129839E+00
  1.086975149E+00  1.181107452E+00  1.503857781E+00  5.266264050E+00
  1.024533476E+00  1.223830961E+00  1.499426575E+00  5.314085135E+00
  9.601294079E-01  1.264164428E+00  1.495303368E+00  5.359429354E+00
  8.938649939E-01  1.301997557E+00  1.491487724E+00  5.402137703E+00
  8.258499210E-01  1.337225082E+00  1.487979213E+00  5.442057073E+00
  7.562012283E-01  1.369747406E+00  1.484777410E+00  5.479041400E+00
  6.850429578E-01  1.399471219E+00  1.481881909E+00  5.512952811E+00
  6.125057460E-01  1.426310088E+00  1.479292326E+00  5.543662719E+00
  5.387263559E-01  1.450185021E+00  1.477008302E+00  5.571052884E+00
  4.638471537E-01  1.471024991E+00  1.475029510E+00  5.595016404E+00
  3.880155333E-01  1.488767409E+00  1.473355661E+00  5.615458633E+00
  3.113832929E-01  1.503358558E+00  1.471986501E+00  5.632298007E+00
  2.341059693E-01  1.514753961E+00  1.470921821E+00  5.645466764E+00
  1.563421360E-01  1.522918696E+00  1.470161456E+00  5.654911550E+00
  7.825267066E-02  1.527827636E+00  1.469705285E+00  5.660593905E+00
  2.914168095E-16  1.529465637E+00  1.469553236E+00  5.662490611E+00
 -2.847430685E-16  1.486546267E+00  1.448585958E+00  5.406106764E+00
 -7.646089827E-02  1.484952797E+00  1.448733699E+00  5.404337396E+00
 -1.527640843E-01  1.480177235E+00  1.449176943E+00  5.399036411E+00
 -2.287525855E-01  1.472234098E+00  1.449915752E+00  5.390225106E+00
 -3.042709010E-01  1.461147467E+00  1.450950229E+00  5.377938760E+00
 -3.791657197E-01  1.446950819E+00  1.452280517E+00  5.362226324E+00
 -4.532866163E-01  1.429686796E+00  1.453906796E+00  5.343149978E+00
 -5.264867198E-01  1.409406909E+00  1.455829283E+00  5.320784592E+00
 -5.986233479E-01  1.386171191E+00  1.458048226E+00  5.295217070E+00
 -6.695586009E-01  1.360047790E+00  1.460563902E+00  5.266545603E+00
 -7.391599119E-01  1.331112518E+00  1.463376615E+00  5.234878849E+00
 -8.073005479E-01  1.299448359E+00  1.466486688E+00  5.200335024E+00
 -8.738600583E-01  1.265144936E+00  1.469894461E+00  5.163040957E+00
 -9.387246682E-01  1.228297954E+00  1.473600284E+00  5.123131081E+00
 -1.001787616E+00  1.189008610E+00  1.477604510E+00  5.080746409E+00
 -1.062949431E+00  1.147382996E+00  1.481907489E+00  5.036033480E+00
 -1.122118156E+00  1.103531482E+00  1.486509562E+00  4.989143311E+00
 -1.179209504E+00  1.057568099E+00  1.491411049E+00  4.940230348E+00
 -1.234146973E+00  1.009609921E+00  1.496612242E+00  4.889451443E+00
 -1.286861887E+00  9.597764535E-01  1.502113398E+00  4.836964857E+00
 -1.337293399E+00  9.081890356E-01  1.507914724E+00  4.782929304E+00
 -1.385388438E+00  8.549702549E-01  1.514016366E+00  4.727503043E+00
 -1.431101608E+00  8.002433867E-01  1.520418402E+00  4.670843024E+00
 -1.474395045E+00  7.441318560E-01  1.527120824E+00  4.613104095E+00
 -1.515238240E+00  6.867587280E-01  1.534123525E+00  4.554438276E+00
 -1.553607815E+00  6.282462287E-01  1.541426287E+00  4.494994094E+00
 -1.589487280E+00  5.687152985E-01  1.549028763E+00  4.434916003E+00
 -1.622866755E+00  5.082851799E-01  1.556930459E+00  4.374343856E+00
 -1.653742671E+00  4.470730407E-01  1.565130723E+00  4.313412467E+00
 -1.682117456E+00  3.851936331E-01  1.573628718E+00  4.252251229E+00
 -1.707999200E+00  3.227589893E-01  1.582423408E+00  4.190983809E+00
 -1.731401314E+00  2.598781530E-01  1.591513536E+00  4.129727902E+00
 -1.752342180E+00  1.966569463E-01  1.600897603E+00  4.068595051E+00
 -1.770844794E+00  1.331977712E-01  1.610573844E+00  4.007690528E+00
 -1.786936415E+00  6.959944454E-02  1.620540205E+00  3.947113264E+00
 -1.800648209E+00  5.957064945E-03  1.630794321E+00  3.886955833E+00
 -1.812014901E+00 -5.763809020E-02  1.641333483E+00  3.827304479E+00
 -1.821074433E+00 -1.210986388E-01  1.652154623E+00  3.768239189E+00
 -1.827867629E+00 -1.843411415E-01  1.663254273E+00  3.709833794E+00
 -1.832437875E+00 -2.472861245E-01  1.674628549E+00  3.652156116E+00
 -1.834830805E+00 -3.098580794E-01  1.686273112E+00  3.595268125E+00
 -1.835094006E+00 -3.719854424E-01  1.698183144E+00  3.539226136E+00
 -1.833276729E+00 -4.336005547E-01  1.710353316E+00  3.484081013E+00
 -1.829429626E+00 -4.946396060E-01  1.722777754E+00  3.429878400E+00
 -1.823604488E+00 -5.550425634E-01  1.735450011E+00  3.376658951E+00
 -1.815854015E+00 -6.147530867E-01  1.748363034E+00  3.324458582E+00
 -1.806231585E+00 -6.737184334E-01  1.761509130E+00  3.273308720E+00
 -1.794791052E+00 -7.318893529E-01  1.774879937E+00  3.223236561E+00
 -1.781586551E+00 -7.892199737E-01  1.788466389E+00  3.174265327E+00
 -1.766672325E+00 -8.456676834E-01  1.802258690E+00  3.126414519E+00
 -1.750102558E+00 -9.011930041E-01  1.816246278E+00  3.079700173E+00
 -1.731931235E+00 -9.557594631E-01  1.830417798E+00  3.034135107E+00
 -1.712212004E+00 -1.009333462E+00  1.844761076E+00  2.989729166E+00
 -1.690998056E+00 -1.061884142E+00  1.859263090E+00  2.946489455E+00
 -1.668342023E+00 -1.113383253E+00  1.873909948E+00  2.904420570E+00
 -1.644295882E+00 -1.163805015E+00  1.888686865E+00  2.863524815E+00
 -1.618910869E+00 -1.213125988E+00  1.903578146E+00  2.823802415E+00
 -1.592237413E+00 -1.261324941E+00  1.918567169E+00  2.785251719E+00
 -1.564325068E+00 -1.308382718E+00  1.933636374E+00  2.747869387E+00
 -1.535222470E+00 -1.354282117E+00  1.948767256E+00  2.711650573E+00
 -1.504977287E+00 -1.399007761E+00  1.963940364E+00  2.676589103E+00
 -1.473636187E+00 -1.442545979E+00  1.979135299E+00  2.642677626E+00
 -1.441244814E+00 -1.484884687E+00  1.994330728E+00  2.609907778E+00
 -1.407847766E+00 -1.526013279E+00  2.009504396E+00  2.578270316E+00
 -1.373488583E+00 -1.565922513E+00  2.024633144E+00  2.547755256E+00
 -1.338209740E+00 -1.604604406E+00  2.039692942E+00  2.518351998E+00
 -1.302052650E+00 -1.642052137E+00  2.054658924E+00  2.490049439E+00
 -1.265057660E+00 -1.678259944E+00  2.069505427E+00  2.462836082E+00
 -1.227264068E+00 -1.713223038E+00  2.084206048E+00  2.436700139E+00
 -1.188710130E+00 -1.746937512E+00  2.098733699E+00  2.411629617E+00
 -1.149433079E+00 -1.779400254E+00  2.113060679E+00  2.387612407E+00
 -1.109469147E+00 -1.810608874E+00  2.127158751E+00  2.364636364E+00
 -1.068853580E+00 -1.840561622E+00  2.140999223E+00  2.342689372E+00
 -1.027620673E+00 -1.869257322E+00  2.154553051E+00  2.321759418E+00
 -9.858037923E-01 -1.896695302E+00  2.167790930E+00  2.301834647E+00
 -9.434354072E-01 -1.922875330E+00  2.180683416E+00  2.282903417E+00
 -9.005471213E-01 -1.947797557E+00  2.193201037E+00  2.264954353E+00
 -8.571697067E-01 -1.971462458E+00  2.205314420E+00  2.247976388E+00
 -8.133331384E-01 -1.993870784E+00  2.216994422E+00  2.231958806E+00
 -7.690666309E-01 -2.015023507E+00  2.228212270E+00  2.216891281E+00
 -7.243986752E-01 -2.034921781E+00  2.238939697E+00  2.202763908E+00
 -6.793570772E-01 -2.053566895E+00  2.249149090E+00  2.189567234E+00
 -6.339689962E-01 -2.070960237E+00  2.258813638E+00  2.177292288E+00
 -5.882609852E-01 -2.087103256E+00  2.267907477E+00  2.165930601E+00
 -5.422590306E-01 -2.101997430E+00  2.276405837E+00  2.155474231E+00
 -4.959885932E-01 -2.115644234E+00  2.284285191E+00  2.145915781E+00
 -4.494746487E-01 -2.128045116E+00  2.291523393E+00  2.137248416E+00
 -4.027417299E-01 -2.139201466E+00  2.298099818E+00  2.129465880E+00
 -3.558139676E-01 -2.149114600E+00  2.303995490E+00  2.122562508E+00
 -3.087151330E-01 -2.157785736E+00  2.309193205E+00  2.116533236E+00
 -2.614686794E-01 -2.165215978E+00  2.313677646E+00  2.111373613E+00
 -2.140977842E-01 -2.171406299E+00  2.317435484E+00  2.107079811E+00
 -1.666253918E-01 -2.176357530E+00  2.320455466E+00  2.103648625E+00
 -1.190742553E-01 -2.180070349E+00  2.322728496E+00  2.101077489E+00
 -7.146697926E-02 -2.182545272E+00  2.324247697E+00  2.099364473E+00
 -2.382606198E-02 -2.183782647E+00  2.325008454E+00  2.098508287E+00
  2.382606198E-02 -2.183782647E+00  2.325008454E+00  2.098508287E+00
  7.146697926E-02 -2.182545272E+00  2.324247697E+00  2.099364473E+00
  1.190742553E-01 -2.180070349E+00  2.322728496E+00  2.101077489E+00
  1.666253918E-01 -2.176357530E+00  2.320455466E+00  2.103648625E+00
  2.140977842E-01 -2.171406299E+00  2.317435484E+00  2.107079811E+00
  2.614686794E-01 -2.165215978E+00  2.313677646E+00  2.111373613E+00
  3.087151330E-01 -2.157785736E+00  2.309193205E+00  2.116533236E+00
  3.558139676E-01 -2.149114600E+00  2.303995490E+00  2.122562508E+00
  4.027417299E-01 -2.139201466E+00  2.298099818E+00  2.129465880E+00
  4.494746487E-01 -2.128045116E+00  2.291523393E+00  2.137248416E+00
  4.959885932E-01 -2.115644234E+00  2.284285191E+00  2.145915781E+00
  5.422590306E-01 -2.101997430E+00  2.276405837E+00  2.155474231E+00
  5.882609852E-01 -2.087103256E+00  2.267907477E+00  2.165930601E+00
  6.339689962E-01 -2.070960237E+00  2.258813638E+00  2.177292288E+00
  6.793570772E-01 -2.053566895E+00  2.249149090E+00  2.189567234E+00
  7.243986752E-01 -2.034921781E+00  2.238939697E+00  2.202763908E+00
  7.690666309E-01 -2.015023507E+00  2.228212270E+00  2.216891281E+00
  8.133331384E-01 -1.993870784E+00  2.216994422E+00  2.231958806E+00
  8.571697067E-01 -1.971462458E+00  2.205314420E+00  2.247976388E+00
  9.005471213E-01 -1.947797557E+00  2.193201037E+00  2.264954353E+00
  9.434354072E-01 -1.922875330E+00  2.180683416E+00  2.282903417E+00
  9.858037923E-01 -1.896695302E+00  2.167790930E+00  2.301834647E+00
  1.027620673E+00 -1.869257322E+00  2.154553051E+00  2.321759418E+00
  1.068853580E+00 -1.840561622E+00  2.140999223E+00  2.342689372E+00
  1.109469147E+00 -1.810608874E+00  2.127158751E+00  2.364636364E+00
  1.149433079E+00 -1.779400254E+00  2.113060679E+00  2.387612407E+00
  1.188710130E+00 -1.746937512E+00  2.098733699E+00  2.411629617E+00
  1.227264068E+00 -1.713223038E+00  2.084206048E+00  2.436700139E+00
  1.265057660E+00 -1.678259944E+00  2.069505427E+00  2.462836082E+00
  1.302052650E+00 -1.642052137E+00  2.054658924E+00  2.490049439E+00
  1.338209740E+00 -1.604604406E+00  2.039692942E+00  2.518351998E+00
  1.373488583E+00 -1.565922513E+00  2.024633144E+00  2.547755256E+00
  1.407847766E+00 -1.526013279E+00  2.009504396E+00  2.578270316E+00
  1.441244814E+00 -1.484884687E+00  1.994330728E+00  2.609907778E+00
  1.473636187E+00 -1.442545979E+00  1.979135299E+00  2.642677626E+00
  1.504977287E+00 -1.399007761E+00  1.963940364E+00  2.676589103E+00
  1.535222470E+00 -1.354282117E+00  1.948767256E+00  2.711650573E+00
  1.564325068E+00 -1.308382718E+00  1.933636374E+00  2.747869387E+00
  1.592237413E+00 -1.261324941E+00  1.918567169E+00  2.785251719E+00
  1.618910869E+00 -1.213125988E+00  1.903578146E+00  2.823802415E+00
  1.644295882E+00 -1.163805015E+00  1.888686865E+00  2.863524815E+00
  1.668342023E+00 -1.113383253E+00  1.873909948E+00  2.904420570E+00
  1.690998056E+00 -1.061884142E+00  1.859263090E+00  2.946489455E+00
  1.712212004E+00 -1.009333462E+00  1.844761076E+00  2.989729166E+00
  1.731931235E+00 -9.557594631E-01  1.830417798E+00  3.034135107E+00
  1.750102558E+00 -9.011930041E-01  1.816246278E+00  3.079700173E+00
  1.766672325E+00 -8.456676834E-01  1.802258690E+00  3.126414519E+00
  1.781586551E+00 -7.892199737E-01  1.788466389E+00  3.174265327E+00
  1.794791052E+00 -7.318893529E-01  1.774879937E+00  3.223236561E+00
  1.806231585E+00 -6.737184334E-01  1.761509130E+00  3.273308720E+00
  1.815854015E+00 -6.147530867E-01  1.748363034E+00  3.324458582E+00
  1.823604488E+00 -5.550425634E-01  1.735450011E+00  3.376658951E+00
  1.829429626E+00 -4.946396060E-01  1.722777754E+00  3.429878400E+00
  1.833276729E+00 -4.336005547E-01  1.710353316E+00  3.484081013E+00
  1.835094006E+00 -3.719854424E-01  1.698183144E+00  3.539226136E+00
  1.834830805E+00 -3.098580794E-01  1.686273112E+00  3.595268125E+00
  1.832437875E+00 -2.472861245E-01  1.674628549E+00  3.652156116E+00
  1.827867629E+00 -1.843411415E-01  1.663254273E+00  3.709833794E+00
  1.821074433E+00 -1.210986388E-01  1.652154623E+00  3.768239189E+00
  1.812014901E+00 -5.763809020E-02  1.641333483E+00  3.827304479E+00
  1.800648209E+00  5.957064945E-03  1.630794321E+00  3.886955833E+00
  1.786936415E+00  6.959944454E-02  1.620540205E+00  3.947113264E+00
  1.770844794E+00  1.331977712E-01  1.610573844E+00  4.007690528E+00
  1.752342180E+00  1.966569463E-01  1.600897603E+00  4.068595051E+00
  1.731401314E+00  2.598781530E-01  1.591513536E+00  4.129727902E+00
  1.707999200E+00  3.227589893E-01  1.582423408E+00  4.190983809E+00
  1.682117456E+00  3.851936331E-01  1.573628718E+00  4.252251229E+00
  1.653742671E+00  4.470730407E-01  1.565130723E+00  4.313412467E+00
  1.622866755E+00  5.082851799E-01  1.556930459E+00  4.374343856E+00
  1.589487280E+00  5.687152985E-01  1.549028763E+00  4.434916003E+00
  1.553607815E+00  6.282462287E-01  1.541426287E+00  4.494994094E+00
  1.515238240E+00  6.867587280E-01  1.534123525E+00  4.554438276E+00
  1.474395045E+00  7.441318560E-01  1.527120824E+00  4.613104095E+00
  1.431101608E+00  8.002433867E-01  1.520418402E+00  4.670843024E+00
  1.385388438E+00  8.549702549E-01  1.514016366E+00  4.727503043E+00
  1.337293399E+00  9.081890356E-01  1.507914724E+00  4.782929304E+00
  1.286861887E+00  9.597764535E-01  1.502113398E+00  4.836964857E+00
  1.234146973E+00  1.009609921E+00  1.496612242E+00  4.889451443E+00
  1.179209504E+00  1.057568099E+00  1.491411049E+00  4.940230348E+00
  1.122118156E+00  1.103531482E+00  1.486509562E+00  4.989143311E+00
  1.062949431E+00  1.147382996E+00  1.481907489E+00  5.036033480E+00
  1.001787616E+00  1.189008610E+00  1.477604510E+00  5.080746409E+00
  9.387246682E-01  1.228297954E+00  1.473600284E+00  5.123131081E+00
  8.738600583E-01  1.265144936E+00  1.469894461E+00  5.163040957E+00
  8.073005479E-01  1.299448359E+00  1.466486688E+00  5.200335024E+00
  7.391599119E-01  1.331112518E+00  1.463376615E+00  5.234878849E+00
  6.695586009E-01  1.360047790E+00  1.460563902E+00  5.266545603E+00
  5.986233479E-01  1.386171191E+00  1.458048226E+00  5.295217070E+00
  5.264867198E-01  1.409406909E+00  1.455829283E+00  5.320784592E+00
  4.532866163E-01  1.429686796E+00  1.453906796E+00  5.343149978E+00
  3.791657197E-01  1.446950819E+00  1.452280517E+00  5.362226324E+00
  3.042709010E-01  1.461147467E+00  1.450950229E+00  5.377938760E+00
  2.287525855E-01  1.472234098E+00  1.449915752E+00  5.390225106E+00
  1.527640843E-01  1.480177235E+00  1.449176943E+00  5.399036411E+00
  7.646089827E-02  1.484952797E+00  1.448733699E+00  5.404337396E+00
  2.847430685E-16  1.486546267E+00  1.448585958E+00  5.406106764E+00
 -2.782388971E-16  1.444534585E+00  1.427791817E+00  5.161952249E+00
 -7.471463888E-02  1.442984225E+00  1.427935347E+00  5.160301372E+00
 -1.492768399E-01  1.438337796E+00  1.428365953E+00  5.155355274E+00
 -2.235348681E-01  1.430609214E+00  1.429083690E+00  5.147133493E+00
 -2.973383873E-01  1.419821566E+00  1.430088644E+00  5.135668403E+00
 -3.705391429E-01  1.406006952E+00  1.431380936E+00  5.121004928E+00
 -4.429916240E-01  1.389206266E+00  1.432960720E+00  5.103200146E+00
 -5.145536998E-01  1.369468920E+00  1.434828177E+00  5.082322803E+00
 -5.850872238E-01  1.346852508E+00  1.436983515E+00  5.058452716E+00
 -6.544586014E-01  1.321422434E+00  1.439426967E+00  5.031680106E+00
 -7.225393146E-01  1.293251478E+00  1.442158782E+00  5.002104848E+00
 -7.892064020E-01  1.262419333E+00  1.445179229E+00  4.969835661E+00
 -8.543428893E-01  1.229012103E+00  1.448488583E+00  4.934989236E+00
 -9.178381680E-01  1.193121770E+00  1.452087124E+00  4.897689338E+00
 -9.795883209E-01  1.154845647E+00  1.455975133E+00  4.858065866E+00
 -1.039496393E+00  1.114285798E+00  1.460152882E+00  4.816253903E+00
 -1.097472606E+00  1.071548464E+00  1.464620624E+00  4.772392758E+00
 -1.153434522E+00  1.026743471E+00  1.469378594E+00  4.726625011E+00
 -1.207307149E+00  9.799836449E-01  1.474426989E+00  4.679095586E+00
 -1.259022994E+00  9.313842269E-01  1.479765968E+00  4.629950830E+00
 -1.308522074E+00  8.810623054E-01  1.485395638E+00  4.579337648E+00
 -1.355751868E+00  8.291362568E-01  1.491316041E+00  4.527402663E+00
 -1.400667230E+00  7.757252091E-01  1.497527145E+00  4.474291434E+00
 -1.443230264E+00  7.209485262E-01  1.504028832E+00  4.420147722E+00
 -1.483410157E+00  6.649253188E-01  1.510820885E+00  4.365112821E+00
 -1.521182975E+00  6.077739832E-01  1.517902968E+00  4.309324944E+00
 -1.556531437E+00  5.496117709E-01  1.525274620E+00  4.252918675E+00
 -1.589444658E+00  4.905543899E-01  1.532935233E+00  4.196024482E+00
 -1.619917865E+00  4.307156393E-01  1.540884036E+00  4.138768300E+00
 -1.647952106E+00  3.702070779E-01  1.549120079E+00  4.081271173E+00
 -1.673553935E+00  3.091377266E-01  1.557642213E+00  4.023648957E+00
 -1.696735086E+00  2.476138053E-01  1.566449071E+00  3.966012087E+00
 -1.717512147E+00  1.857385033E-01  1.575539045E+00  3.908465400E+00
 -1.735906220E+00  1.236117819E-01  1.584910269E+00  3.851108005E+00
 -1.751942584E+00  6.133020946E-02  1.594560593E+00  3.794033215E+00
 -1.765650361E+00 -1.013173343E-03  1.604487560E+00  3.737328514E+00
 -1.777062182E+00 -6.332895909E-02  1.614688382E+00  3.681075574E+00
 -1.786213860E+00 -1.255314519E-01  1.625159915E+00  3.625350308E+00
 -1.793144069E+00 -1.875387202E-01  1.635898634E+00  3.570222956E+00
 -1.797894037E+00 -2.492726246E-01  1.646900602E+00  3.515758200E+00
 -1.800507244E+00 -3.106588255E-01  1.658161447E+00  3.462015313E+00
 -1.801029137E+00 -3.716267685E-01  1.669676332E+00  3.409048319E+00
 -1.799506854E+00 -4.321096532E-01  1.681439925E+00  3.356906181E+00
 -1.795988965E+00 -4.920443842E-01  1.693446371E+00  3.305633000E+00
 -1.790525222E+00 -5.513715087E-01  1.705689262E+00  3.255268228E+00
 -1.783166331E+00 -6.100351401E-01  1.718161607E+00  3.205846886E+00
 -1.773963734E+00 -6.679828712E-01  1.730855803E+00  3.157399796E+00
 -1.762969402E+00 -7.251656772E-01  1.743763603E+00  3.109953811E+00
 -1.750235655E+00 -7.815378110E-01  1.756876090E+00  3.063532044E+00
 -1.735814981E+00 -8.370566919E-01  1.770183645E+00  3.018154112E+00
 -1.719759884E+00 -8.916827883E-01  1.783675921E+00  2.973836354E+00
 -1.702122733E+00 -9.453794966E-01  1.797341817E+00  2.930592070E+00
 -1.682955635E+00 -9.981130178E-01  1.811169449E+00  2.888431739E+00
 -1.662310313E+00 -1.049852230E+00  1.825146131E+00  2.847363237E+00
 -1.640238003E+00 -1.100568564E+00  1.839258349E+00  2.807392047E+00
 -1.616789356E+00 -1.150235872E+00  1.853491746E+00  2.768521467E+00
 -1.592014357E+00 -1.198830303E+00  1.867831102E+00  2.730752800E+00
 -1.565962254E+00 -1.246330177E+00  1.882260323E+00  2.694085545E+00
 -1.538681492E+00 -1.292715859E+00  1.896762431E+00  2.658517573E+00
 -1.510219661E+00 -1.337969641E+00  1.911319560E+00  2.624045300E+00
 -1.480623455E+00 -1.382075616E+00  1.925912951E+00  2.590663844E+00
 -1.449938632E+00 -1.425019569E+00  1.940522961E+00  2.558367180E+00
 -1.418209988E+00 -1.466788859E+00  1.955129070E+00  2.527148283E+00
 -1.385481333E+00 -1.507372308E+00  1.969709895E+00  2.496999262E+00
 -1.351795480E+00 -1.546760102E+00  1.984243216E+00  2.467911484E+00
 -1.317194234E+00 -1.584943682E+00  1.998705998E+00  2.439875697E+00
 -1.281718387E+00 -1.621915648E+00  2.013074432E+00  2.412882134E+00
 -1.245407724E+00 -1.657669669E+00  2.027323972E+00  2.386920620E+00
 -1.208301025E+00 -1.692200384E+00  2.041429390E+00  2.361980665E+00
 -1.170436079E+00 -1.725503325E+00  2.055364831E+00  2.338051550E+00
 -1.131849694E+00 -1.757574831E+00  2.069103877E+00  2.315122413E+00
 -1.092577719E+00 -1.788411971E+00  2.082619625E+00  2.293182320E+00
 -1.052655062E+00 -1.818012468E+00  2.095884766E+00  2.272220334E+00
 -1.012115715E+00 -1.846374633E+00  2.108871675E+00  2.252225581E+00
 -9.709927751E-01 -1.873497296E+00  2.121552508E+00  2.233187306E+00
 -9.293184802E-01 -1.899379746E+00  2.133899306E+00  2.215094927E+00
 -8.871242324E-01 -1.924021669E+00  2.145884110E+00  2.197938084E+00
 -8.444406324E-01 -1.947423097E+00  2.157479072E+00  2.181706680E+00
 -8.012975117E-01 -1.969584353E+00  2.168656585E+00  2.166390926E+00
 -7.577239674E-01 -1.990506008E+00  2.179389409E+00  2.151981374E+00
 -7.137483971E-01 -2.010188827E+00  2.189650802E+00  2.138468951E+00
 -6.693985359E-01 -2.028633737E+00  2.199414656E+00  2.125844989E+00
 -6.247014931E-01 -2.045841784E+00  2.208655636E+00  2.114101251E+00
 -5.796837908E-01 -2.061814094E+00  2.217349315E+00  2.103229956E+00
 -5.343714020E-01 -2.076551848E+00  2.225472314E+00  2.093223801E+00
 -4.887897901E-01 -2.090056244E+00  2.233002436E+00  2.084075978E+00
 -4.429639483E-01 -2.102328475E+00  2.239918796E+00  2.075780193E+00
 -3.969184395E-01 -2.113369702E+00  2.246201950E+00  2.068330681E+00
 -3.506774369E-01 -2.123181030E+00  2.251834019E+00  2.061722217E+00
 -3.042647639E-01 -2.131763493E+00  2.256798797E+00  2.055950132E+00
 -2.577039356E-01 -2.139118031E+00  2.261081858E+00  2.051010318E+00
 -2.110181989E-01 -2.145245479E+00  2.264670655E+00  2.046899239E+00
 -1.642305742E-01 -2.150146551E+00  2.267554596E+00  2.043613939E+00
 -1.173638959E-01 -2.153821833E+00  2.269725120E+00  2.041152046E+00
 -7.044085404E-02 -2.156271770E+00  2.271175755E+00  2.039511776E+00
 -2.348403536E-02 -2.157496663E+00  2.271902161E+00  2.038691939E+00
  2.348403536E-02 -2.157496663E+00  2.271902161E+00  2.038691939E+00
  7.044085404E-02 -2.156271770E+00  2.271175755E+00  2.039511776E+00
  1.173638959E-01 -2.153821833E+00  2.269725120E+00  2.041152046E+00
  1.642305742E-01 -2.150146551E+00  2.267554596E+00  2.043613939E+00
  2.110181989E-01 -2.145245479E+00  2.264670655E+00  2.046899239E+00
  2.577039356E-01 -2.139118031E+00  2.261081858E+00  2.051010318E+00
  3.042647639E-01 -2.131763493E+00  2.256798797E+00  2.055950132E+00
  3.506774369E-01 -2.123181030E+00  2.251834019E+00  2.061722217E+00
  3.969184395E-01 -2.113369702E+00  2.246201950E+00  2.068330681E+00
  4.429639483E-01 -2.102328475E+00  2.239918796E+00  2.075780193E+00
  4.887897901E-01 -2.090056244E+00  2.233002436E+00  2.084075978E+00
  5.343714020E-01 -2.076551848E+00  2.225472314E+00  2.093223801E+00
  5.796837908E-01 -2.061814094E+00  2.217349315E+00  2.103229956E+00
  6.247014931E-01 -2.045841784E+00  2.208655636E+00  2.114101251E+00
  6.693985359E-01 -2.028633737E+00  2.199414656E+00  2.125844989E+00
  7.137483971E-01 -2.010188827E+00  2.189650802E+00  2.138468951E+00
  7.577239674E-01 -1.990506008E+00  2.179389409E+00  2.151981374E+00
  8.012975117E-01 -1.969584353E+00  2.168656585E+00  2.166390926E+00
  8.444406324E-01 -1.947423097E+00  2.157479072E+00  2.181706680E+00
  8.871242324E-01 -1.924021669E+00  2.145884110E+00  2.197938084E+00
  9.293184802E-01 -1.899379746E+00  2.133899306E+00  2.215094927E+00
  9.709927751E-01 -1.873497296E+00  2.121552508E+00  2.233187306E+00
  1.012115715E+00 -1.846374633E+00  2.108871675E+00  2.252225581E+00
  1.052655062E+00 -1.818012468E+00  2.095884766E+00  2.272220334E+00
  1.092577719E+00 -1.788411971E+00  2.082619625E+00  2.293182320E+00
  1.131849694E+00 -1.757574831E+00  2.069103877E+00  2.315122413E+00
  1.170436079E+00 -1.725503325E+00  2.055364831E+00  2.338051550E+00
  1.208301025E+00 -1.692200384E+00  2.041429390E+00  2.361980665E+00
  1.245407724E+00 -1.657669669E+00  2.027323972E+00  2.386920620E+00
  1.281718387E+00 -1.621915648E+00  2.013074432E+00  2.412882134E+00
  1.317194234E+00 -1.584943682E+00  1.998705998E+00  2.439875697E+00
  1.351795480E+00 -1.546760102E+00  1.984243216E+00  2.467911484E+00
  1.385481333E+00 -1.507372308E+00  1.969709895E+00  2.496999262E+00
  1.418209988E+00 -1.466788859E+00  1.955129070E+00  2.527148283E+00
  1.449938632E+00 -1.425019569E+00  1.940522961E+00  2.558367180E+00
  1.480623455E+00 -1.382075616E+00  1.925912951E+00  2.590663844E+00
  1.510219661E+00 -1.337969641E+00  1.911319560E+00  2.624045300E+00
  1.538681492E+00 -1.292715859E+00  1.896762431E+00  2.658517573E+00
  1.565962254E+00 -1.246330177E+00  1.882260323E+00  2.694085545E+00
  1.592014357E+00 -1.198830303E+00  1.867831102E+00  2.730752800E+00
  1.616789356E+00 -1.150235872E+00  1.853491746E+00  2.768521467E+00
  1.640238003E+00 -1.100568564E+00  1.839258349E+00  2.807392047E+00
  1.662310313E+00 -1.049852230E+00  1.825146131E+00  2.847363237E+00
  1.682955635E+00 -9.981130178E-01  1.811169449E+00  2.888431739E+00
  1.702122733E+00 -9.453794966E-01  1.797341817E+00  2.930592070E+00
  1.719759884E+00 -8.916827883E-01  1.783675921E+00  2.973836354E+00
  1.735814981E+00 -8.370566919E-01  1.770183645E+00  3.018154112E+00
  1.750235655E+00 -7.815378110E-01  1.756876090E+00  3.063532044E+00
  1.762969402E+00 -7.251656772E-01  1.743763603E+00  3.109953811E+00
  1.773963734E+00 -6.679828712E-01  1.730855803E+00  3.157399796E+00
  1.783166331E+00 -6.100351401E-01  1.718161607E+00  3.205846886E+00
  1.790525222E+00 -5.513715087E-01  1.705689262E+00  3.255268228E+00
  1.795988965E+00 -4.920443842E-01  1.693446371E+00  3.305633000E+00
  1.799506854E+00 -4.321096532E-01  1.681439925E+00  3.356906181E+00
  1.801029137E+00 -3.716267685E-01  1.669676332E+00  3.409048319E+00
  1.800507244E+00 -3.106588255E-01  1.658161447E+00  3.462015313E+00
  1.797894037E+00 -2.492726246E-01  1.646900602E+00  3.515758200E+00
  1.793144069E+00 -1.875387202E-01  1.635898634E+00  3.570222956E+00
  1.786213860E+00 -1.255314519E-01  1.625159915E+00  3.625350308E+00
  1.777062182E+00 -6.332895909E-02  1.614688382E+00  3.681075574E+00
  1.765650361E+00 -1.013173343E-03  1.604487560E+00  3.737328514E+00
  1.751942584E+00  6.133020946E-02  1.594560593E+00  3.794033215E+00
  1.735906220E+00  1.236117819E-01  1.584910269E+00  3.851108005E+00
  1.717512147E+00  1.857385033E-01  1.575539045E+00  3.908465400E+00
  1.696735086E+00  2.476138053E-01  1.566449071E+00  3.966012087E+00
  1.673553935E+00  3.091377266E-01  1.557642213E+00  4.023648957E+00
  1.647952106E+00  3.702070779E-01  1.549120079E+00  4.081271173E+00
  1.619917865E+00  4.307156393E-01  1.540884036E+00  4.138768300E+00
  1.589444658E+00  4.905543899E-01  1.532935233E+00  4.196024482E+00
  1.556531437E+00  5.496117709E-01  1.525274620E+00  4.252918675E+00
  1.521182975E+00  6.077739832E-01  1.517902968E+00  4.309324944E+00
  1.483410157E+00  6.649253188E-01  1.510820885E+00  4.365112821E+00
  1.443230264E+00  7.209485262E-01  1.504028832E+00  4.420147722E+00
  1.400667230E+00  7.757252091E-01  1.497527145E+00  4.474291434E+00
  1.355751868E+00  8.291362568E-01  1.491316041E+00  4.527402663E+00
  1.308522074E+00  8.810623054E-01  1.485395638E+00  4.579337648E+00
  1.259022994E+00  9.313842269E-01  1.479765968E+00  4.629950830E+00
  1.207307149E+00  9.799836449E-01  1.474426989E+00  4.679095586E+00
  1.153434522E+00  1.026743471E+00  1.469378594E+00  4.726625011E+00
  1.097472606E+00  1.071548464E+00  1.464620624E+00  4.772392758E+00
  1.039496393E+00  1.114285798E+00  1.460152882E+00  4.816253903E+00
  9.795883209E-01  1.154845647E+00  1.455975133E+00  4.858065866E+00
  9.178381680E-01  1.193121770E+00  1.452087124E+00  4.897689338E+00
  8.543428893E-01  1.229012103E+00  1.448488583E+00  4.934989236E+00
  7.892064020E-01  1.262419333E+00  1.445179229E+00  4.969835661E+00
  7.225393146E-01  1.293251478E+00  1.442158782E+00  5.002104848E+00
  6.544586014E-01  1.321422434E+00  1.439426967E+00  5.031680106E+00
  5.850872238E-01  1.346852508E+00  1.436983515E+00  5.058452716E+00
  5.145536998E-01  1.369468920E+00  1.434828177E+00  5.082322803E+00
  4.429916240E-01  1.389206266E+00  1.432960720E+00  5.103200146E+00
  3.705391429E-01  1.406006952E+00  1.431380936E+00  5.121004928E+00
  2.973383873E-01  1.419821566E+00  1.430088644E+00  5.135668403E+00
  2.235348681E-01  1.430609214E+00  1.429083690E+00  5.147133493E+00
  1.492768399E-01  1.438337796E+00  1.428365953E+00  5.155355274E+00
  7.471463888E-02  1.442984225E+00  1.427935347E+00  5.160301372E+00
  2.782388971E-16  1.444534585E+00  1.427791817E+00  5.161952249E+00
 -2.719022877E-16  1.403429389E+00  1.407183024E+00  4.929513041E+00
 -7.301335450E-02  1.401920756E+00  1.407322440E+00  4.927972398E+00
 -1.458793345E-01  1.397399314E+00  1.407740703E+00  4.923356463E+00
 -2.184512338E-01  1.389878410E+00  1.408437856E+00  4.915683171E+00
 -2.905836762E-01  1.379380186E+00  1.409413973E+00  4.904982238E+00
 -3.621332647E-01  1.365935429E+00  1.410669154E+00  4.891294907E+00
 -4.329592119E-01  1.349583370E+00  1.412203526E+00  4.874673594E+00
 -5.029239461E-01  1.330371418E+00  1.414017238E+00  4.855181440E+00
 -5.718936872E-01  1.308354849E+00  1.416110461E+00  4.832891780E+00
 -6.397389878E-01  1.283596448E+00  1.418483384E+00  4.807887539E+00
 -7.063352358E-01  1.256166104E+00  1.421136210E+00  4.780260550E+00
 -7.715631129E-01  1.226140371E+00  1.424069150E+00  4.750110823E+00
 -8.353090083E-01  1.193601991E+00  1.427282421E+00  4.717545760E+00
 -8.974653830E-01  1.158639395E+00  1.430776240E+00  4.682679334E+00
 -9.579310842E-01  1.121346178E+00  1.434550817E+00  4.645631240E+00
 -1.016611608E+00  1.081820556E+00  1.438606349E+00  4.606526029E+00
 -1.073419311E+00  1.040164815E+00  1.442943014E+00  4.565492241E+00
 -1.128273570E+00  9.964847542E-01  1.447560960E+00  4.522661534E+00
 -1.181100889E+00  9.508891236E-01  1.452460299E+00  4.478167831E+00
 -1.231834961E+00  9.034890739E-01  1.457641099E+00  4.432146493E+00
 -1.280416677E+00  8.543976091E-01  1.463103371E+00  4.384733511E+00
 -1.326794094E+00  8.037290560E-01  1.468847061E+00  4.336064747E+00
 -1.370922360E+00  7.515985490E-01  1.474872038E+00  4.286275209E+00
 -1.412763596E+00  6.981215373E-01  1.481178079E+00  4.235498379E+00
 -1.452286746E+00  6.434133149E-01  1.487764864E+00  4.183865590E+00
 -1.489467392E+00  5.875885767E-01  1.494631952E+00  4.131505457E+00
 -1.524287541E+00  5.307610041E-01  1.501778774E+00  4.078543369E+00
 -1.556735386E+00  4.730428791E-01  1.509204617E+00  4.025101034E+00
 -1.586805042E+00  4.145447305E-01  1.516908604E+00  3.971296085E+00
 -1.614496273E+00  3.553750114E-01  1.524889679E+00  3.917241741E+00
 -1.639814193E+00  2.956398094E-01  1.533146592E+00  3.863046528E+00
 -1.662768961E+00  2.354425881E-01  1.541677874E+00  3.808814048E+00
 -1.683375473E+00  1.748839612E-01  1.550481823E+00  3.754642807E+00
 -1.701653036E+00  1.140614975E-01  1.559556481E+00  3.700626088E+00
 -1.717625055E+00  5.306955546E-02  1.568899612E+00  3.646851873E+00
 -1.731318706E+00 -8.000851840E-03  1.578508681E+00  3.593402801E+00
 -1.742764626E+00 -6.906216532E-02  1.588380830E+00  3.540356178E+00
 -1.751996593E+00 -1.300303614E-01  1.598512855E+00  3.487784009E+00
 -1.759051225E+00 -1.908250088E-01  1.608901178E+00  3.435753069E+00
 -1.763967682E+00 -2.513693031E-01  1.619541828E+00  3.384325003E+00
 -1.766787376E+00 -3.115900787E-01  1.630430407E+00  3.333556449E+00
 -1.767553698E+00 -3.714178020E-01  1.641562071E+00  3.283499181E+00
 -1.766311750E+00 -4.307865469E-01  1.652931496E+00  3.234200271E+00
 -1.763108092E+00 -4.896339537E-01  1.664532856E+00  3.185702271E+00
 -1.757990508E+00 -5.479011738E-01  1.676359791E+00  3.138043395E+00
 -1.751007775E+00 -6.055328016E-01  1.688405384E+00  3.091257723E+00
 -1.742209456E+00 -6.624767957E-01  1.700662126E+00  3.045375405E+00
 -1.731645700E+00 -7.186843900E-01  1.713121896E+00  3.000422868E+00
 -1.719367057E+00 -7.741099966E-01  1.725775930E+00  2.956423032E+00
 -1.705424314E+00 -8.287111023E-01  1.738614794E+00  2.913395519E+00
 -1.689868331E+00 -8.824481594E-01  1.751628359E+00  2.871356867E+00
 -1.672749904E+00 -9.352844719E-01  1.764805778E+00  2.830320737E+00
 -1.654119633E+00 -9.871860787E-01  1.778135461E+00  2.790298118E+00
 -1.634027803E+00 -1.038121634E+00  1.791605054E+00  2.751297529E+00
 -1.612524280E+00 -1.088062289E+00  1.805201420E+00  2.713325214E+00
 -1.589658416E+00 -1.136981565E+00  1.818910623E+00  2.676385325E+00
 -1.565478965E+00 -1.184855241E+00  1.832717910E+00  2.640480112E+00
 -1.540034012E+00 -1.231661224E+00  1.846607706E+00  2.605610088E+00
 -1.513370904E+00 -1.277379439E+00  1.860563601E+00  2.571774204E+00
 -1.485536204E+00 -1.321991706E+00  1.874568348E+00  2.538970000E+00
 -1.456575638E+00 -1.365481626E+00  1.888603865E+00  2.507193759E+00
 -1.426534062E+00 -1.407834472E+00  1.902651239E+00  2.476440652E+00
 -1.395455429E+00 -1.449037078E+00  1.916690736E+00  2.446704866E+00
 -1.363382767E+00 -1.489077731E+00  1.930701818E+00  2.417979737E+00
 -1.330358162E+00 -1.527946072E+00  1.944663163E+00  2.390257866E+00
 -1.296422747E+00 -1.565632996E+00  1.958552697E+00  2.363531229E+00
 -1.261616697E+00 -1.602130556E+00  1.972347624E+00  2.337791284E+00
 -1.225979228E+00 -1.637431872E+00  1.986024469E+00  2.313029067E+00
 -1.189548600E+00 -1.671531043E+00  1.999559127E+00  2.289235282E+00
 -1.152362128E+00 -1.704423064E+00  2.012926919E+00  2.266400385E+00
 -1.114456191E+00 -1.736103745E+00  2.026102653E+00  2.244514659E+00
 -1.075866249E+00 -1.766569639E+00  2.039060696E+00  2.223568292E+00
 -1.036626862E+00 -1.795817961E+00  2.051775054E+00  2.203551435E+00
 -9.967717098E-01 -1.823846530E+00  2.064219451E+00  2.184454271E+00
 -9.563336154E-01 -1.850653698E+00  2.076367426E+00  2.166267065E+00
 -9.153445728E-01 -1.876238289E+00  2.088192433E+00  2.148980216E+00
 -8.738357732E-01 -1.900599544E+00  2.099667939E+00  2.132584307E+00
 -8.318376356E-01 -1.923737065E+00  2.110767543E+00  2.117070147E+00
 -7.893798371E-01 -1.945650764E+00  2.121465088E+00  2.102428805E+00
 -7.464913463E-01 -1.966340819E+00  2.131734781E+00  2.088651653E+00
 -7.032004560E-01 -1.985807625E+00  2.141551317E+00  2.075730394E+00
 -6.595348189E-01 -2.004051755E+00  2.150890007E+00  2.063657090E+00
 -6.155214825E-01 -2.021073922E+00  2.159726908E+00  2.052424193E+00
 -5.711869259E-01 -2.036874944E+00  2.168038944E+00  2.042024562E+00
 -5.265570966E-01 -2.051455708E+00  2.175804042E+00  2.032451491E+00
 -4.816574486E-01 -2.064817147E+00  2.183001255E+00  2.023698724E+00
 -4.365129798E-01 -2.076960206E+00  2.189610883E+00  2.015760472E+00
 -3.911482712E-01 -2.087885821E+00  2.195614593E+00  2.008631429E+00
 -3.455875256E-01 -2.097594895E+00  2.200995532E+00  2.002306786E+00
 -2.998546065E-01 -2.106088281E+00  2.205738430E+00  1.996782238E+00
 -2.539730779E-01 -2.113366762E+00  2.209829699E+00  1.992054002E+00
 -2.079662437E-01 -2.119431036E+00  2.213257521E+00  1.988118818E+00
 -1.618571875E-01 -2.124281706E+00  2.216011924E+00  1.984973957E+00
 -1.156688126E-01 -2.127919264E+00  2.218084850E+00  1.982617232E+00
 -6.942388184E-02 -2.130344090E+00  2.219470207E+00  1.981046998E+00
 -2.314505765E-02 -2.131556439E+00  2.220163910E+00  1.980262156E+00
  2.314505765E-02 -2.131556439E+00  2.220163910E+00  1.980262156E+00
  6.942388184E-02 -2.130344090E+00  2.219470207E+00  1.981046998E+00
  1.156688126E-01 -2.127919264E+00  2.218084850E+00  1.982617232E+00
  1.618571875E-01 -2.124281706E+00  2.216011924E+00  1.984973957E+00
  2.079662437E-01 -2.119431036E+00  2.213257521E+00  1.988118818E+00
  2.539730779E-01 -2.113366762E+00  2.209829699E+00  1.992054002E+00
  2.998546065E-01 -2.106088281E+00  2.205738430E+00  1.996782238E+00
  3.455875256E-01 -2.097594895E+00  2.200995532E+00  2.002306786E+00
  3.911482712E-01 -2.087885821E+00  2.195614593E+00  2.008631429E+00
  4.365129798E-01 -2.076960206E+00  2.189610883E+00  2.015760472E+00
  4.816574486E-01 -2.064817147E+00  2.183001255E+00  2.023698724E+00
  5.265570966E-01 -2.051455708E+00  2.175804042E+00  2.032451491E+00
  5.711869259E-01 -2.036874944E+00  2.168038944E+00  2.042024562E+00
  6.155214825E-01 -2.021073922E+00  2.159726908E+00  2.052424193E+00
  6.595348189E-01 -2.004051755E+00  2.150890007E+00  2.063657090E+00
  7.032004560E-01 -1.985807625E+00  2.141551317E+00  2.075730394E+00
  7.464913463E-01 -1.966340819E+00  2.131734781E+00  2.088651653E+00
  7.893798371E-01 -1.945650764E+00  2.121465088E+00  2.102428805E+00
  8.318376356E-01 -1.923737065E+00  2.110767543E+00  2.117070147E+00
  8.738357732E-01 -1.900599544E+00  2.099667939E+00  2.132584307E+00
  9.153445728E-01 -1.876238289E+00  2.088192433E+00  2.148980216E+00
  9.563336154E-01 -1.850653698E+00  2.076367426E+00  2.166267065E+00
  9.967717098E-01 -1.823846530E+00  2.064219451E+00  2.184454271E+00
  1.036626862E+00 -1.795817961E+00  2.051775054E+00  2.203551435E+00
  1.075866249E+00 -1.766569639E+00  2.039060696E+00  2.223568292E+00
  1.114456191E+00 -1.736103745E+00  2.026102653E+00  2.244514659E+00
  1.152362128E+00 -1.704423064E+00  2.012926919E+00  2.266400385E+00
  1.189548600E+00 -1.671531043E+00  1.999559127E+00  2.289235282E+00
  1.225979228E+00 -1.637431872E+00  1.986024469E+00  2.313029067E+00
  1.261616697E+00 -1.602130556E+00  1.972347624E+00  2.337791284E+00
  1.296422747E+00 -1.565632996E+00  1.958552697E+00  2.363531229E+00
  1.330358162E+00 -1.527946072E+00  1.944663163E+00  2.390257866E+00
  1.363382767E+00 -1.489077731E+00  1.930701818E+00  2.417979737E+00
  1.395455429E+00 -1.449037078E+00  1.916690736E+00  2.446704866E+00
  1.426534062E+00 -1.407834472E+00  1.902651239E+00  2.476440652E+00
  1.456575638E+00 -1.365481626E+00  1.888603865E+00  2.507193759E+00
  1.485536204E+00 -1.321991706E+00  1.874568348E+00  2.538970000E+00
  1.513370904E+00 -1.277379439E+00  1.860563601E+00  2.571774204E+00
  1.540034012E+00 -1.231661224E+00  1.846607706E+00  2.605610088E+00
  1.565478965E+00 -1.184855241E+00  1.832717910E+00  2.640480112E+00
  1.589658416E+00 -1.136981565E+00  1.818910623E+00  2.676385325E+00
  1.612524280E+00 -1.088062289E+00  1.805201420E+00  2.713325214E+00
  1.634027803E+00 -1.038121634E+00  1.791605054E+00  2.751297529E+00
  1.654119633E+00 -9.871860787E-01  1.778135461E+00  2.790298118E+00
  1.672749904E+00 -9.352844719E-01  1.764805778E+00  2.830320737E+00
  1.689868331E+00 -8.824481594E-01  1.751628359E+00  2.871356867E+00
  1.705424314E+00 -8.287111023E-01  1.738614794E+00  2.913395519E+00
  1.719367057E+00 -7.741099966E-01  1.725775930E+00  2.956423032E+00
  1.731645700E+00 -7.186843900E-01  1.713121896E+00  3.000422868E+00
  1.742209456E+00 -6.624767957E-01  1.700662126E+00  3.045375405E+00
  1.751007775E+00 -6.055328016E-01  1.688405384E+00  3.091257723E+00
  1.757990508E+00 -5.479011738E-01  1.676359791E+00  3.138043395E+00
  1.763108092E+00 -4.896339537E-01  1.664532856E+00  3.185702271E+00
  1.766311750E+00 -4.307865469E-01  1.652931496E+00  3.234200271E+00
  1.767553698E+00 -3.714178020E-01  1.641562071E+00  3.283499181E+00
  1.766787376E+00 -3.115900787E-01  1.630430407E+00  3.333556449E+00
  1.763967682E+00 -2.513693031E-01  1.619541828E+00  3.384325003E+00
  1.759051225E+00 -1.908250088E-01  1.608901178E+00  3.435753069E+00
  1.751996593E+00 -1.300303614E-01  1.598512855E+00  3.487784009E+00
  1.742764626E+00 -6.906216532E-02  1.588380830E+00  3.540356178E+00
  1.731318706E+00 -8.000851840E-03  1.578508681E+00  3.593402801E+00
  1.717625055E+00  5.306955546E-02  1.568899612E+00  3.646851873E+00
  1.701653036E+00  1.140614975E-01  1.559556481E+00  3.700626088E+00
  1.683375473E+00  1.748839612E-01  1.550481823E+00  3.754642807E+00
  1.662768961E+00  2.354425881E-01  1.541677874E+00  3.808814048E+00
  1.639814193E+00  2.956398094E-01  1.533146592E+00  3.863046528E+00
  1.614496273E+00  3.553750114E-01  1.524889679E+00  3.917241741E+00
  1.586805042E+00  4.145447305E-01  1.516908604E+00  3.971296085E+00
  1.556735386E+00  4.730428791E-01  1.509204617E+00  4.025101034E+00
  1.524287541E+00  5.307610041E-01  1.501778774E+00  4.078543369E+00
  1.489467392E+00  5.875885767E-01  1.494631952E+00  4.131505457E+00
  1.452286746E+00  6.434133149E-01  1.487764864E+00  4.183865590E+00
  1.412763596E+00  6.981215373E-01  1.481178079E+00  4.235498379E+00
  1.370922360E+00  7.515985490E-01  1.474872038E+00  4.286275209E+00
  1.326794094E+00  8.037290560E-01  1.468847061E+00  4.336064747E+00
  1.280416677E+00  8.543976091E-01  1.463103371E+00  4.384733511E+00
  1.231834961E+00  9.034890739E-01  1.457641099E+00  4.432146493E+00
  1.181100889E+00  9.508891236E-01  1.452460299E+00  4.478167831E+00
  1.128273570E+00  9.964847542E-01  1.447560960E+00  4.522661534E+00
  1.073419311E+00  1.040164815E+00  1.442943014E+00  4.565492241E+00
  1.016611608E+00  1.081820556E+00  1.438606349E+00  4.606526029E+00
  9.579310842E-01  1.121346178E+00  1.434550817E+00  4.645631240E+00
  8.974653830E-01  1.158639395E+00  1.430776240E+00  4.682679334E+00
  8.353090083E-01  1.193601991E+00  1.427282421E+00  4.717545760E+00
  7.715631129E-01  1.226140371E+00  1.424069150E+00  4.750110823E+00
  7.063352358E-01  1.256166104E+00  1.421136210E+00  4.780260550E+00
  6.397389878E-01  1.283596448E+00  1.418483384E+00  4.807887539E+00
  5.718936872E-01  1.308354849E+00  1.416110461E+00  4.832891780E+00
  5.029239461E-01  1.330371418E+00  1.414017238E+00  4.855181440E+00
  4.329592119E-01  1.349583370E+00  1.412203526E+00  4.874673594E+00
  3.621332647E-01  1.365935429E+00  1.410669154E+00  4.891294907E+00
  2.905836762E-01  1.379380186E+00  1.409413973E+00  4.904982238E+00
  2.184512338E-01  1.389878410E+00  1.408437856E+00  4.915683171E+00
  1.458793345E-01  1.397399314E+00  1.407740703E+00  4.923356463E+00
  7.301335450E-02  1.401920756E+00  1.407322440E+00  4.927972398E+00
  2.719022877E-16  1.403429389E+00  1.407183024E+00  4.929513041E+00
 -2.657311036E-16  1.363228359E+00  1.386771307E+00  4.708288637E+00
 -7.135647240E-02  1.361760101E+00  1.386906708E+00  4.706850524E+00
 -1.425704303E-01  1.357359604E+00  1.387312921E+00  4.702541690E+00
 -2.134999946E-01  1.350039669E+00  1.387989983E+00  4.695378601E+00
 -2.840045515E-01  1.339821539E+00  1.388937954E+00  4.685388547E+00
 -3.539453697E-01  1.326734755E+00  1.390156914E+00  4.672609408E+00
 -4.231862013E-01  1.310816961E+00  1.391646964E+00  4.657089333E+00
 -4.915938581E-01  1.292113661E+00  1.393408226E+00  4.638886340E+00
 -5.590387618E-01  1.270677920E+00  1.395440833E+00  4.618067834E+00
 -6.253954601E-01  1.246570029E+00  1.397744935E+00  4.594710060E+00
 -6.905431069E-01  1.219857120E+00  1.400320687E+00  4.568897489E+00
 -7.543659018E-01  1.190612751E+00  1.403168252E+00  4.540722151E+00
 -8.167534870E-01  1.158916459E+00  1.406287791E+00  4.510282930E+00
 -8.776012979E-01  1.124853282E+00  1.409679459E+00  4.477684817E+00
 -9.368108666E-01  1.088513262E+00  1.413343402E+00  4.443038135E+00
 -9.942900775E-01  1.049990935E+00  1.417279748E+00  4.406457762E+00
 -1.049953373E+00  1.009384804E+00  1.421488600E+00  4.368062332E+00
 -1.103721913E+00  9.667968080E-01  1.425970029E+00  4.327973446E+00
 -1.155523681E+00  9.223317938E-01  1.430724067E+00  4.286314896E+00
 -1.205293551E+00  8.760969852E-01  1.435750697E+00  4.243211903E+00
 -1.252973302E+00  8.282014647E-01  1.441049841E+00  4.198790384E+00
 -1.298511593E+00  7.787556650E-01  1.446621356E+00  4.153176250E+00
 -1.341863900E+00  7.278708776E-01  1.452465016E+00  4.106494741E+00
 -1.382992408E+00  6.756587794E-01  1.458580507E+00  4.058869809E+00
 -1.421865878E+00  6.222309823E-01  1.464967409E+00  4.010423540E+00
 -1.458459472E+00  5.676986059E-01  1.471625186E+00  3.961275626E+00
 -1.492754558E+00  5.121718779E-01  1.478553171E+00  3.911542894E+00
 -1.524738489E+00  4.557597617E-01  1.485750552E+00  3.861338881E+00
 -1.554404354E+00  3.985696131E-01  1.493216357E+00  3.810773460E+00
 -1.581750720E+00  3.407068673E-01  1.500949434E+00  3.759952527E+00
 -1.606781357E+00  2.822747559E-01  1.508948440E+00  3.708977727E+00
 -1.629504946E+00  2.233740545E-01  1.517211818E+00  3.657946239E+00
 -1.649934786E+00  1.641028596E-01  1.525737779E+00  3.606950603E+00
 -1.668088489E+00  1.045563966E-01  1.534524283E+00  3.556078596E+00
 -1.683987681E+00  4.482685485E-02  1.543569021E+00  3.505413147E+00
 -1.697657693E+00 -1.499674872E-02  1.552869390E+00  3.455032294E+00
 -1.709127260E+00 -7.482867935E-02  1.562422472E+00  3.405009173E+00
 -1.718428220E+00 -1.345865693E-01  1.572225013E+00  3.355412050E+00
 -1.725595226E+00 -1.941914787E-01  1.582273396E+00  3.306304368E+00
 -1.730665456E+00 -2.535679346E-01  1.592563622E+00  3.257744836E+00
 -1.733678341E+00 -3.126439489E-01  1.603091282E+00  3.209787529E+00
 -1.734675293E+00 -3.713510173E-01  1.613851531E+00  3.162482017E+00
 -1.733699454E+00 -4.296241014E-01  1.624839066E+00  3.115873505E+00
 -1.730795452E+00 -4.874015947E-01  1.636048097E+00  3.070002990E+00
 -1.726009167E+00 -5.446252745E-01  1.647472324E+00  3.024907434E+00
 -1.719387512E+00 -6.012402414E-01  1.659104907E+00  2.980619934E+00
 -1.710978232E+00 -6.571948475E-01  1.670938445E+00  2.937169916E+00
 -1.700829707E+00 -7.124406153E-01  1.682964945E+00  2.894583316E+00
 -1.688990772E+00 -7.669321487E-01  1.695175801E+00  2.852882778E+00
 -1.675510554E+00 -8.206270361E-01  1.707561770E+00  2.812087845E+00
 -1.660438319E+00 -8.734857487E-01  1.720112944E+00  2.772215151E+00
 -1.643823325E+00 -9.254715342E-01  1.732818731E+00  2.733278615E+00
 -1.625714702E+00 -9.765503065E-01  1.745667834E+00  2.695289627E+00
 -1.606161327E+00 -1.026690533E+00  1.758648230E+00  2.658257234E+00
 -1.585211727E+00 -1.075863122E+00  1.771747154E+00  2.622188317E+00
 -1.562913977E+00 -1.124041303E+00  1.784951084E+00  2.587087768E+00
 -1.539315623E+00 -1.171200520E+00  1.798245729E+00  2.552958657E+00
 -1.514463604E+00 -1.217318306E+00  1.811616018E+00  2.519802391E+00
 -1.488404189E+00 -1.262374178E+00  1.825046095E+00  2.487618874E+00
 -1.461182923E+00 -1.306349522E+00  1.838519319E+00  2.456406650E+00
 -1.432844578E+00 -1.349227481E+00  1.852018260E+00  2.426163047E+00
 -1.403433115E+00 -1.390992850E+00  1.865524714E+00  2.396884308E+00
 -1.372991652E+00 -1.431631969E+00  1.879019707E+00  2.368565719E+00
 -1.341562437E+00 -1.471132622E+00  1.892483513E+00  2.341201728E+00
 -1.309186834E+00 -1.509483937E+00  1.905895679E+00  2.314786054E+00
 -1.275905305E+00 -1.546676289E+00  1.919235049E+00  2.289311796E+00
 -1.241757407E+00 -1.582701213E+00  1.932479801E+00  2.264771530E+00
 -1.206781785E+00 -1.617551307E+00  1.945607483E+00  2.241157402E+00
 -1.171016177E+00 -1.651220156E+00  1.958595066E+00  2.218461210E+00
 -1.134497419E+00 -1.683702241E+00  1.971418992E+00  2.196674488E+00
 -1.097261457E+00 -1.714992869E+00  1.984055237E+00  2.175788579E+00
 -1.059343356E+00 -1.745088095E+00  1.996479380E+00  2.155794699E+00
 -1.020777321E+00 -1.773984651E+00  2.008666672E+00  2.136684010E+00
 -9.815967106E-01 -1.801679881E+00  2.020592122E+00  2.118447666E+00
 -9.418340664E-01 -1.828171677E+00  2.032230581E+00  2.101076878E+00
 -9.015211299E-01 -1.853458418E+00  2.043556836E+00  2.084562957E+00
 -8.606888722E-01 -1.877538914E+00  2.054545712E+00  2.068897359E+00
 -8.193675202E-01 -1.900412353E+00  2.065172170E+00  2.054071732E+00
 -7.775865870E-01 -1.922078253E+00  2.075411424E+00  2.040077946E+00
 -7.353749015E-01 -1.942536410E+00  2.085239045E+00  2.026908134E+00
 -6.927606415E-01 -1.961786860E+00  2.094631087E+00  2.014554721E+00
 -6.497713659E-01 -1.979829836E+00  2.103564195E+00  2.003010452E+00
 -6.064340490E-01 -1.996665729E+00  2.112015735E+00  1.992268416E+00
 -5.627751156E-01 -2.012295055E+00  2.119963904E+00  1.982322074E+00
 -5.188204759E-01 -2.026718423E+00  2.127387858E+00  1.973165275E+00
 -4.745955625E-01 -2.039936502E+00  2.134267822E+00  1.964792279E+00
 -4.301253664E-01 -2.051950001E+00  2.140585210E+00  1.957197768E+00
 -3.854344745E-01 -2.062759635E+00  2.146322730E+00  1.950376866E+00
 -3.405471070E-01 -2.072366114E+00  2.151464492E+00  1.944325151E+00
 -2.954871553E-01 -2.080770113E+00  2.155996104E+00  1.939038664E+00
 -2.502782202E-01 -2.087972262E+00  2.159904764E+00  1.934513920E+00
 -2.049436502E-01 -2.093973128E+00  2.163179336E+00  1.930747917E+00
 -1.595065801E-01 -2.098773203E+00  2.165810431E+00  1.927738144E+00
 -1.139899693E-01 -2.102372893E+00  2.167790459E+00  1.925482584E+00
 -6.841664120E-02 -2.104772510E+00  2.169113684E+00  1.923979722E+00
 -2.280932172E-02 -2.105972265E+00  2.169776261E+00  1.923228544E+00
  2.280932172E-02 -2.105972265E+00  2.169776261E+00  1.923228544E+00
  6.841664120E-02 -2.104772510E+00  2.169113684E+00  1.923979722E+00
  1.139899693E-01 -2.102372893E+00  2.167790459E+00  1.925482584E+00
  1.595065801E-01 -2.098773203E+00  2.165810431E+00  1.927738144E+00
  2.049436502E-01 -2.093973128E+00  2.163179336E+00  1.930747917E+00
  2.502782202E-01 -2.087972262E+00  2.159904764E+00  1.934513920E+00
  2.954871553E-01 -2.080770113E+00  2.155996104E+00  1.939038664E+00
  3.405471070E-01 -2.072366114E+00  2.151464492E+00  1.944325151E+00
  3.854344745E-01 -2.062759635E+00  2.146322730E+00  1.950376866E+00
  4.301253664E-01 -2.051950001E+00  2.140585210E+00  1.957197768E+00
  4.745955625E-01 -2.039936502E+00  2.134267822E+00  1.964792279E+00
  5.188204759E-01 -2.026718423E+00  2.127387858E+00  1.973165275E+00
  5.627751156E-01 -2.012295055E+00  2.119963904E+00  1.982322074E+00
  6.064340490E-01 -1.996665729E+00  2.112015735E+00  1.992268416E+00
  6.497713659E-01 -1.979829836E+00  2.103564195E+00  2.003010452E+00
  6.927606415E-01 -1.961786860E+00  2.094631087E+00  2.014554721E+00
  7.353749015E-01 -1.942536410E+00  2.085239045E+00  2.026908134E+00
  7.775865870E-01 -1.922078253E+00  2.075411424E+00  2.040077946E+00
  8.193675202E-01 -1.900412353E+00  2.065172170E+00  2.054071732E+00
  8.606888722E-01 -1.877538914E+00  2.054545712E+00  2.068897359E+00
  9.015211299E-01 -1.853458418E+00  2.043556836E+00  2.084562957E+00
  9.418340664E-01 -1.828171677E+00  2.032230581E+00  2.101076878E+00
  9.815967106E-01 -1.801679881E+00  2.020592122E+00  2.118447666E+00
  1.020777321E+00 -1.773984651E+00  2.008666672E+00  2.136684010E+00
  1.059343356E+00 -1.745088095E+00  1.996479380E+00  2.155794699E+00
  1.097261457E+00 -1.714992869E+00  1.984055237E+00  2.175788579E+00
  1.134497419E+00 -1.683702241E+00  1.971418992E+00  2.196674488E+00
  1.171016177E+00 -1.651220156E+00  1.958595066E+00  2.218461210E+00
  1.206781785E+00 -1.617551307E+00  1.945607483E+00  2.241157402E+00
  1.241757407E+00 -1.582701213E+00  1.932479801E+00  2.264771530E+00
  1.275905305E+00 -1.546676289E+00  1.919235049E+00  2.289311796E+00
  1.309186834E+00 -1.509483937E+00  1.905895679E+00  2.314786054E+00
  1.341562437E+00 -1.471132622E+00  1.892483513E+00  2.341201728E+00
  1.372991652E+00 -1.431631969E+00  1.879019707E+00  2.368565719E+00
  1.403433115E+00 -1.390992850E+00  1.865524714E+00  2.396884308E+00
  1.432844578E+00 -1.349227481E+00  1.852018260E+00  2.426163047E+00
  1.461182923E+00 -1.306349522E+00  1.838519319E+00  2.456406650E+00
  1.488404189E+00 -1.262374178E+00  1.825046095E+00  2.487618874E+00
  1.514463604E+00 -1.217318306E+00  1.811616018E+00  2.519802391E+00
  1.539315623E+00 -1.171200520E+00  1.798245729E+00  2.552958657E+00
  1.562913977E+00 -1.124041303E+00  1.784951084E+00  2.587087768E+00
  1.585211727E+00 -1.075863122E+00  1.771747154E+00  2.622188317E+00
  1.606161327E+00 -1.026690533E+00  1.758648230E+00  2.658257234E+00
  1.625714702E+00 -9.765503065E-01  1.745667834E+00  2.695289627E+00
  1.643823325E+00 -9.254715342E-01  1.732818731E+00  2.733278615E+00
  1.660438319E+00 -8.734857487E-01  1.720112944E+00  2.772215151E+00
  1.675510554E+00 -8.206270361E-01  1.707561770E+00  2.812087845E+00
  1.688990772E+00 -7.669321487E-01  1.695175801E+00  2.852882778E+00
  1.700829707E+00 -7.124406153E-01  1.682964945E+00  2.894583316E+00
  1.710978232E+00 -6.571948475E-01  1.670938445E+00  2.937169916E+00
  1.719387512E+00 -6.012402414E-01  1.659104907E+00  2.980619934E+00
  1.726009167E+00 -5.446252745E-01  1.647472324E+00  3.024907434E+00
  1.730795452E+00 -4.874015947E-01  1.636048097E+00  3.070002990E+00
  1.733699454E+00 -4.296241014E-01  1.624839066E+00  3.115873505E+00
  1.734675293E+00 -3.713510173E-01  1.613851531E+00  3.162482017E+00
  1.733678341E+00 -3.126439489E-01  1.603091282E+00  3.209787529E+00
  1.730665456E+00 -2.535679346E-01  1.592563622E+00  3.257744836E+00
  1.725595226E+00 -1.941914787E-01  1.582273396E+00  3.306304368E+00
  1.718428220E+00 -1.345865693E-01  1.572225013E+00  3.355412050E+00
  1.709127260E+00 -7.482867935E-02  1.562422472E+00  3.405009173E+00
  1.697657693E+00 -1.499674872E-02  1.552869390E+00  3.455032294E+00
  1.683987681E+00  4.482685485E-02  1.543569021E+00  3.505413147E+00
  1.668088489E+00  1.045563966E-01  1.534524283E+00  3.556078596E+00
  1.649934786E+00  1.641028596E-01  1.525737779E+00  3.606950603E+00
  1.629504946E+00  2.233740545E-01  1.517211818E+00  3.657946239E+00
  1.606781357E+00  2.822747559E-01  1.508948440E+00  3.708977727E+00
  1.581750720E+00  3.407068673E-01  1.500949434E+00  3.759952527E+00
  1.554404354E+00  3.985696131E-01  1.493216357E+00  3.810773460E+00
  1.524738489E+00  4.557597617E-01  1.485750552E+00  3.861338881E+00
  1.492754558E+00  5.121718779E-01  1.478553171E+00  3.911542894E+00
  1.458459472E+00  5.676986059E-01  1.471625186E+00  3.961275626E+00
  1.421865878E+00  6.222309823E-01  1.464967409E+00  4.010423540E+00
  1.382992408E+00  6.756587794E-01  1.458580507E+00  4.058869809E+00
  1.341863900E+00  7.278708776E-01  1.452465016E+00  4.106494741E+00
  1.298511593E+00  7.787556650E-01  1.446621356E+00  4.153176250E+00
  1.252973302E+00  8.282014647E-01  1.441049841E+00  4.198790384E+00
  1.205293551E+00  8.760969852E-01  1.435750697E+00  4.243211903E+00
  1.155523681E+00  9.223317938E-01  1.430724067E+00  4.286314896E+00
  1.103721913E+00  9.667968080E-01  1.425970029E+00  4.327973446E+00
  1.049953373E+00  1.009384804E+00  1.421488600E+00  4.368062332E+00
  9.942900775E-01  1.049990935E+00  1.417279748E+00  4.406457762E+00
  9.368108666E-01  1.088513262E+00  1.413343402E+00  4.443038135E+00
  8.776012979E-01  1.124853282E+00  1.409679459E+00  4.477684817E+00
  8.167534870E-01  1.158916459E+00  1.406287791E+00  4.510282930E+00
  7.543659018E-01  1.190612751E+00  1.403168252E+00  4.540722151E+00
  6.905431069E-01  1.219857120E+00  1.400320687E+00  4.568897489E+00
  6.253954601E-01  1.246570029E+00  1.397744935E+00  4.594710060E+00
  5.590387618E-01  1.270677920E+00  1.395440833E+00  4.618067834E+00
  4.915938581E-01  1.292113661E+00  1.393408226E+00  4.638886340E+00
  4.231862013E-01  1.310816961E+00  1.391646964E+00  4.657089333E+00
  3.539453697E-01  1.326734755E+00  1.390156914E+00  4.672609408E+00
  2.840045515E-01  1.339821539E+00  1.388937954E+00  4.685388547E+00
  2.134999946E-01  1.350039669E+00  1.387989983E+00  4.695378601E+00
  1.425704303E-01  1.357359604E+00  1.387312921E+00  4.702541690E+00
  7.135647240E-02  1.361760101E+00  1.386906708E+00  4.706850524E+00
  2.657311036E-16  1.363228359E+00  1.386771307E+00  4.708288637E+00
 -2.597230887E-16  1.323928098E+00  1.366567884E+00  4.497792487E+00
 -6.974338780E-02  1.322498898E+00  1.366699368E+00  4.496449723E+00
 -1.393489250E-01  1.318215402E+00  1.367093829E+00  4.492426486E+00
 -2.086793655E-01  1.311089896E+00  1.367751295E+00  4.485737905E+00
 -2.775986673E-01  1.301142764E+00  1.368671812E+00  4.476409049E+00
 -3.459725798E-01  1.288402360E+00  1.369855444E+00  4.464474723E+00
 -4.136692162E-01  1.272904820E+00  1.371302270E+00  4.449979179E+00
 -4.805596028E-01  1.254693832E+00  1.373012380E+00  4.432975747E+00
 -5.465182038E-01  1.233820358E+00  1.374985877E+00  4.413526409E+00
 -6.114234137E-01  1.210342308E+00  1.377222870E+00  4.391701296E+00
 -6.751580171E-01  1.184324189E+00  1.379723475E+00  4.367578134E+00
 -7.376096094E-01  1.155836703E+00  1.382487803E+00  4.341241648E+00
 -7.986709777E-01  1.124956324E+00  1.385515966E+00  4.312782910E+00
 -8.582404383E-01  1.091764852E+00  1.388808063E+00  4.282298670E+00
 -9.162221299E-01  1.056348937E+00  1.392364177E+00  4.249890652E+00
 -9.725262615E-01  1.018799595E+00  1.396184373E+00  4.215664843E+00
 -1.027069314E+00  9.792117076E-01  1.400268684E+00  4.179730769E+00
 -1.079774195E+00  9.376835220E-01  1.404617110E+00  4.142200778E+00
 -1.130570350E+00  8.943161414E-01  1.409229607E+00  4.103189325E+00
 -1.179393829E+00  8.492130242E-01  1.414106079E+00  4.062812283E+00
 -1.226187305E+00  8.024794876E-01  1.419246367E+00  4.021186265E+00
 -1.270900062E+00  7.542222222E-01  1.424650244E+00  3.978427985E+00
 -1.313487936E+00  7.045488221E-01  1.430317399E+00  3.934653646E+00
 -1.353913219E+00  6.535673312E-01  1.436247430E+00  3.889978368E+00
 -1.392144540E+00  6.013858104E-01  1.442439827E+00  3.844515655E+00
 -1.428156704E+00  5.481119274E-01  1.448893967E+00  3.798376908E+00
 -1.461930510E+00  4.938525709E-01  1.455609093E+00  3.751670985E+00
 -1.493452543E+00  4.387134912E-01  1.462584304E+00  3.704503803E+00
 -1.522714949E+00  3.827989674E-01  1.469818539E+00  3.656977993E+00
 -1.549715186E+00  3.262115037E-01  1.477310561E+00  3.609192593E+00
 -1.574455766E+00  2.690515535E-01  1.485058944E+00  3.561242802E+00
 -1.596943983E+00  2.114172724E-01  1.493062049E+00  3.513219762E+00
 -1.617191634E+00  1.534042993E-01  1.501318013E+00  3.465210397E+00
 -1.635214730E+00  9.510556624E-02  1.509824724E+00  3.417297284E+00
 -1.651033213E+00  3.661113501E-02  1.518579809E+00  3.369558573E+00
 -1.664670659E+00 -2.199193974E-02  1.527580605E+00  3.322067929E+00
 -1.676153994E+00 -8.061972189E-02  1.536824147E+00  3.274894522E+00
 -1.685513210E+00 -1.391914811E-01  1.546307139E+00  3.228103041E+00
 -1.692781079E+00 -1.976297574E-01  1.556025937E+00  3.181753732E+00
 -1.697992886E+00 -2.558604041E-01  1.565976524E+00  3.135902470E+00
 -1.701186158E+00 -3.138126110E-01  1.576154486E+00  3.090600847E+00
 -1.702400412E+00 -3.714189092E-01  1.586554990E+00  3.045896279E+00
 -1.701676904E+00 -4.286151589E-01  1.597172762E+00  3.001832134E+00
 -1.699058399E+00 -4.853405219E-01  1.608002056E+00  2.958447865E+00
 -1.694588940E+00 -5.415374204E-01  1.619036639E+00  2.915779167E+00
 -1.688313643E+00 -5.971514833E-01  1.630269757E+00  2.873858132E+00
 -1.680278492E+00 -6.521314817E-01  1.641694120E+00  2.832713415E+00
 -1.670530152E+00 -7.064292549E-01  1.653301873E+00  2.792370407E+00
 -1.659115796E+00 -7.599996280E-01  1.665084571E+00  2.752851410E+00
 -1.646082940E+00 -8.128003229E-01  1.677033164E+00  2.714175808E+00
 -1.631479294E+00 -8.647918629E-01  1.689137967E+00  2.676360248E+00
 -1.615352622E+00 -9.159374733E-01  1.701388645E+00  2.639418814E+00
 -1.597750617E+00 -9.662029780E-01  1.713774192E+00  2.603363198E+00
 -1.578720782E+00 -1.015556693E+00  1.726282913E+00  2.568202869E+00
 -1.558310332E+00 -1.063969319E+00  1.738902412E+00  2.533945243E+00
 -1.536566094E+00 -1.111413831E+00  1.751619573E+00  2.500595838E+00
 -1.513534425E+00 -1.157865370E+00  1.764420555E+00  2.468158433E+00
 -1.489261140E+00 -1.203301134E+00  1.777290781E+00  2.436635219E+00
 -1.463791445E+00 -1.247700265E+00  1.790214937E+00  2.406026938E+00
 -1.437169883E+00 -1.291043750E+00  1.803176966E+00  2.376333027E+00
 -1.409440283E+00 -1.333314305E+00  1.816160076E+00  2.347551745E+00
 -1.380645720E+00 -1.374496282E+00  1.829146745E+00  2.319680300E+00
 -1.350828484E+00 -1.414575557E+00  1.842118731E+00  2.292714965E+00
 -1.320030052E+00 -1.453539442E+00  1.855057093E+00  2.266651194E+00
 -1.288291067E+00 -1.491376580E+00  1.867942212E+00  2.241483723E+00
 -1.255651323E+00 -1.528076859E+00  1.880753813E+00  2.217206670E+00
 -1.222149758E+00 -1.563631319E+00  1.893471007E+00  2.193813632E+00
 -1.187824447E+00 -1.598032067E+00  1.906072323E+00  2.171297766E+00
 -1.152712604E+00 -1.631272192E+00  1.918535757E+00  2.149651877E+00
 -1.116850584E+00 -1.663345692E+00  1.930838822E+00  2.128868486E+00
 -1.080273892E+00 -1.694247389E+00  1.942958607E+00  2.108939906E+00
 -1.043017196E+00 -1.723972865E+00  1.954871842E+00  2.089858308E+00
 -1.005114336E+00 -1.752518388E+00  1.966554963E+00  2.071615777E+00
 -9.665983491E-01 -1.779880847E+00  1.977984198E+00  2.054204371E+00
 -9.275014827E-01 -1.806057692E+00  1.989135641E+00  2.037616172E+00
 -8.878552198E-01 -1.831046875E+00  1.999985344E+00  2.021843332E+00
 -8.476903018E-01 -1.854846791E+00  2.010509412E+00  2.006878121E+00
 -8.070367553E-01 -1.877456231E+00  2.020684098E+00  1.992712962E+00
 -7.659239189E-01 -1.898874329E+00  2.030485907E+00  1.979340469E+00
 -7.243804728E-01 -1.919100517E+00  2.039891701E+00  1.966753483E+00
 -6.824344687E-01 -1.938134484E+00  2.048878809E+00  1.954945099E+00
 -6.401133615E-01 -1.955976132E+00  2.057425139E+00  1.943908696E+00
 -5.974440414E-01 -1.972625543E+00  2.065509284E+00  1.933637961E+00
 -5.544528678E-01 -1.988082941E+00  2.073110641E+00  1.924126910E+00
 -5.111657025E-01 -2.002348663E+00  2.080209518E+00  1.915369914E+00
 -4.676079454E-01 -2.015423127E+00  2.086787245E+00  1.907361710E+00
 -4.238045687E-01 -2.027306809E+00  2.092826279E+00  1.900097423E+00
 -3.797801538E-01 -2.038000215E+00  2.098310305E+00  1.893572578E+00
 -3.355589266E-01 -2.047503861E+00  2.103224339E+00  1.887783113E+00
 -2.911647947E-01 -2.055818254E+00  2.107554809E+00  1.882725391E+00
 -2.466213836E-01 -2.062943876E+00  2.111289648E+00  1.878396208E+00
 -2.019520745E-01 -2.068881165E+00  2.114418365E+00  1.874792804E+00
 -1.571800412E-01 -2.073630507E+00  2.116932111E+00  1.871912869E+00
 -1.123282876E-01 -2.077192222E+00  2.118823737E+00  1.869754547E+00
 -6.741968548E-02 -2.079566557E+00  2.120087841E+00  1.868316443E+00
 -2.247701209E-02 -2.080753682E+00  2.120720801E+00  1.867597624E+00
  2.247701209E-02 -2.080753682E+00  2.120720801E+00  1.867597624E+00
  6.741968548E-02 -2.079566557E+00  2.120087841E+00  1.868316443E+00
  1.123282876E-01 -2.077192222E+00  2.118823737E+00  1.869754547E+00
  1.571800412E-01 -2.073630507E+00  2.116932111E+00  1.871912869E+00
  2.019520745E-01 -2.068881165E+00  2.114418365E+00  1.874792804E+00
  2.466213836E-01 -2.062943876E+00  2.111289648E+00  1.878396208E+00
  2.911647947E-01 -2.055818254E+00  2.107554809E+00  1.882725391E+00
  3.355589266E-01 -2.047503861E+00  2.103224339E+00  1.887783113E+00
  3.797801538E-01 -2.038000215E+00  2.098310305E+00  1.893572578E+00
  4.238045687E-01 -2.027306809E+00  2.092826279E+00  1.900097423E+00
  4.676079454E-01 -2.015423127E+00  2.086787245E+00  1.907361710E+00
  5.111657025E-01 -2.002348663E+00  2.080209518E+00  1.915369914E+00
  5.544528678E-01 -1.988082941E+00  2.073110641E+00  1.924126910E+00
  5.974440414E-01 -1.972625543E+00  2.065509284E+00  1.933637961E+00
  6.401133615E-01 -1.955976132E+00  2.057425139E+00  1.943908696E+00
  6.824344687E-01 -1.938134484E+00  2.048878809E+00  1.954945099E+00
  7.243804728E-01 -1.919100517E+00  2.039891701E+00  1.966753483E+00
  7.659239189E-01 -1.898874329E+00  2.030485907E+00  1.979340469E+00
  8.070367553E-01 -1.877456231E+00  2.020684098E+00  1.992712962E+00
  8.476903018E-01 -1.854846791E+00  2.010509412E+00  2.006878121E+00
  8.878552198E-01 -1.831046875E+00  1.999985344E+00  2.021843332E+00
  9.275014827E-01 -1.806057692E+00  1.989135641E+00  2.037616172E+00
  9.665983491E-01 -1.779880847E+00  1.977984198E+00  2.054204371E+00
  1.005114336E+00 -1.752518388E+00  1.966554963E+00  2.071615777E+00
  1.043017196E+00 -1.723972865E+00  1.954871842E+00  2.089858308E+00
  1.080273892E+00 -1.694247389E+00  1.942958607E+00  2.108939906E+00
  1.116850584E+00 -1.663345692E+00  1.930838822E+00  2.128868486E+00
  1.152712604E+00 -1.631272192E+00  1.918535757E+00  2.149651877E+00
  1.187824447E+00 -1.598032067E+00  1.906072323E+00  2.171297766E+00
  1.222149758E+00 -1.563631319E+00  1.893471007E+00  2.193813632E+00
  1.255651323E+00 -1.528076859E+00  1.880753813E+00  2.217206670E+00
  1.288291067E+00 -1.491376580E+00  1.867942212E+00  2.241483723E+00
  1.320030052E+00 -1.453539442E+00  1.855057093E+00  2.266651194E+00
  1.350828484E+00 -1.414575557E+00  1.842118731E+00  2.292714965E+00
  1.380645720E+00 -1.374496282E+00  1.829146745E+00  2.319680300E+00
  1.409440283E+00 -1.333314305E+00  1.816160076E+00  2.347551745E+00
  1.437169883E+00 -1.291043750E+00  1.803176966E+00  2.376333027E+00
  1.463791445E+00 -1.247700265E+00  1.790214937E+00  2.406026938E+00
  1.489261140E+00 -1.203301134E+00  1.777290781E+00  2.436635219E+00
  1.513534425E+00 -1.157865370E+00  1.764420555E+00  2.468158433E+00
  1.536566094E+00 -1.111413831E+00  1.751619573E+00  2.500595838E+00
  1.558310332E+00 -1.063969319E+00  1.738902412E+00  2.533945243E+00
  1.578720782E+00 -1.015556693E+00  1.726282913E+00  2.568202869E+00
  1.597750617E+00 -9.662029780E-01  1.713774192E+00  2.603363198E+00
  1.615352622E+00 -9.159374733E-01  1.701388645E+00  2.639418814E+00
  1.631479294E+00 -8.647918629E-01  1.689137967E+00  2.676360248E+00
  1.646082940E+00 -8.128003229E-01  1.677033164E+00  2.714175808E+00
  1.659115796E+00 -7.599996280E-01  1.665084571E+00  2.752851410E+00
  1.670530152E+00 -7.064292549E-01  1.653301873E+00  2.792370407E+00
  1.680278492E+00 -6.521314817E-01  1.641694120E+00  2.832713415E+00
  1.688313643E+00 -5.971514833E-01  1.630269757E+00  2.873858132E+00
  1.694588940E+00 -5.415374204E-01  1.619036639E+00  2.915779167E+00
  1.699058399E+00 -4.853405219E-01  1.608002056E+00  2.958447865E+00
  1.701676904E+00 -4.286151589E-01  1.597172762E+00  3.001832134E+00
  1.702400412E+00 -3.714189092E-01  1.586554990E+00  3.045896279E+00
  1.701186158E+00 -3.138126110E-01  1.576154486E+00  3.090600847E+00
  1.697992886E+00 -2.558604041E-01  1.565976524E+00  3.135902470E+00
  1.692781079E+00 -1.976297574E-01  1.556025937E+00  3.181753732E+00
  1.685513210E+00 -1.391914811E-01  1.546307139E+00  3.228103041E+00
  1.676153994E+00 -8.061972189E-02  1.536824147E+00  3.274894522E+00
  1.664670659E+00 -2.199193974E-02  1.527580605E+00  3.322067929E+00
  1.651033213E+00  3.661113501E-02  1.518579809E+00  3.369558573E+00
  1.635214730E+00  9.510556624E-02  1.509824724E+00  3.417297284E+00
  1.617191634E+00  1.534042993E-01  1.501318013E+00  3.465210397E+00
  1.596943983E+00  2.114172724E-01  1.493062049E+00  3.513219762E+00
  1.574455766E+00  2.690515535E-01  1.485058944E+00  3.561242802E+00
  1.549715186E+00  3.262115037E-01  1.477310561E+00  3.609192593E+00
  1.522714949E+00  3.827989674E-01  1.469818539E+00  3.656977993E+00
  1.493452543E+00  4.387134912E-01  1.462584304E+00  3.704503803E+00
  1.461930510E+00  4.938525709E-01  1.455609093E+00  3.751670985E+00
  1.428156704E+00  5.481119274E-01  1.448893967E+00  3.798376908E+00
  1.392144540E+00  6.013858104E-01  1.442439827E+00  3.844515655E+00
  1.353913219E+00  6.535673312E-01  1.436247430E+00  3.889978368E+00
  1.313487936E+00  7.045488221E-01  1.430317399E+00  3.934653646E+00
  1.270900062E+00  7.542222222E-01  1.424650244E+00  3.978427985E+00
  1.226187305E+00  8.024794876E-01  1.419246367E+00  4.021186265E+00
  1.179393829E+00  8.492130242E-01  1.414106079E+00  4.062812283E+00
  1.130570350E+00  8.943161414E-01  1.409229607E+00  4.103189325E+00
  1.079774195E+00  9.376835220E-01  1.404617110E+00  4.142200778E+00
  1.027069314E+00  9.792117076E-01  1.400268684E+00  4.179730769E+00
  9.725262615E-01  1.018799595E+00  1.396184373E+00  4.215664843E+00
  9.162221299E-01  1.056348937E+00  1.392364177E+00  4.249890652E+00
  8.582404383E-01  1.091764852E+00  1.388808063E+00  4.282298670E+00
  7.986709777E-01  1.124956324E+00  1.385515966E+00  4.312782910E+00
  7.376096094E-01  1.155836703E+00  1.382487803E+00  4.341241648E+00
  6.751580171E-01  1.184324189E+00  1.379723475E+00  4.367578134E+00
  6.114234137E-01  1.210342308E+00  1.377222870E+00  4.391701296E+00
  5.465182038E-01  1.233820358E+00  1.374985877E+00  4.413526409E+00
  4.805596028E-01  1.254693832E+00  1.373012380E+00  4.432975747E+00
  4.136692162E-01  1.272904820E+00  1.371302270E+00  4.449979179E+00
  3.459725798E-01  1.288402360E+00  1.369855444E+00  4.464474723E+00
  2.775986673E-01  1.301142764E+00  1.368671812E+00  4.476409049E+00
  2.086793655E-01  1.311089896E+00  1.367751295E+00  4.485737905E+00
  1.393489250E-01  1.318215402E+00  1.367093829E+00  4.492426486E+00
  6.974338780E-02  1.322498898E+00  1.366699368E+00  4.496449723E+00
  2.597230887E-16  1.323928098E+00  1.366567884E+00  4.497792487E+00
 -2.538758782E-16  1.285524178E+00  1.346583441E+00  4.297552333E+00
 -6.817346667E-02  1.284132754E+00  1.346711107E+00  4.296298226E+00
 -1.362135577E-01  1.279962419E+00  1.347094112E+00  4.292540552E+00
 -2.039874732E-01  1.273024967E+00  1.347732478E+00  4.286293213E+00
 -2.713635590E-01  1.263339969E+00  1.348626238E+00  4.277579252E+00
 -3.382118670E-01  1.250934647E+00  1.349775438E+00  4.266430665E+00
 -4.044046995E-01  1.235843702E+00  1.351180136E+00  4.252888136E+00
 -4.698171337E-01  1.218109093E+00  1.352840396E+00  4.237000714E+00
 -5.343275220E-01  1.197779776E+00  1.354756290E+00  4.218825415E+00
 -5.978179626E-01  1.174911399E+00  1.356927892E+00  4.198426775E+00
 -6.601747393E-01  1.149565961E+00  1.359355276E+00  4.175876349E+00
 -7.212887242E-01  1.121811442E+00  1.362038511E+00  4.151252163E+00
 -7.810557438E-01  1.091721396E+00  1.364977658E+00  4.124638131E+00
 -8.393769035E-01  1.059374530E+00  1.368172764E+00  4.096123445E+00
 -8.961588712E-01  1.024854253E+00  1.371623857E+00  4.065801934E+00
 -9.513141176E-01  9.882482167E-01  1.375330939E+00  4.033771417E+00
 -1.004761112E+00  9.496478418E-01  1.379293982E+00  4.000133050E+00
 -1.056424478E+00  9.091478381E-01  1.383512917E+00  3.964990660E+00
 -1.106235101E+00  8.668457236E-01  1.387987630E+00  3.928450109E+00
 -1.154130198E+00  8.228413458E-01  1.392717952E+00  3.890618645E+00
 -1.200053344E+00  7.772364079E-01  1.397703650E+00  3.851604298E+00
 -1.243954465E+00  7.301340057E-01  1.402944419E+00  3.811515283E+00
 -1.285789782E+00  6.816381772E-01  1.408439868E+00  3.770459441E+00
 -1.325521739E+00  6.318534685E-01  1.414189515E+00  3.728543708E+00
 -1.363118878E+00  5.808845178E-01  1.420192769E+00  3.685873632E+00
 -1.398555704E+00  5.288356612E-01  1.426448925E+00  3.642552911E+00
 -1.431812511E+00  4.758105610E-01  1.432957145E+00  3.598682988E+00
 -1.462875190E+00  4.219118579E-01  1.439716447E+00  3.554362683E+00
 -1.491735018E+00  3.672408498E-01  1.446725690E+00  3.509687862E+00
 -1.518388425E+00  3.118971959E-01  1.453983562E+00  3.464751156E+00
 -1.542836750E+00  2.559786489E-01  1.461488558E+00  3.419641722E+00
 -1.565085987E+00  1.995808125E-01  1.469238971E+00  3.374445035E+00
 -1.585146521E+00  1.427969277E-01  1.477232869E+00  3.329242735E+00
 -1.603032852E+00  8.571768468E-02  1.485468080E+00  3.284112498E+00
 -1.618763325E+00  2.843106035E-02  1.493942175E+00  3.239127950E+00
 -1.632359856E+00 -2.897781793E-02  1.502652443E+00  3.194358615E+00
 -1.643847650E+00 -8.642678519E-02  1.511595878E+00  3.149869888E+00
 -1.653254937E+00 -1.438367282E-01  1.520769153E+00  3.105723044E+00
 -1.660612697E+00 -2.011316530E-01  1.530168606E+00  3.061975266E+00
 -1.665954401E+00 -2.582387318E-01  1.539790209E+00  3.018679704E+00
 -1.669315756E+00 -3.150883308E-01  1.549629555E+00  2.975885544E+00
 -1.670734458E+00 -3.716140199E-01  1.559681831E+00  2.933638110E+00
 -1.670249953E+00 -4.277525661E-01  1.569941797E+00  2.891978964E+00
 -1.667903210E+00 -4.834439123E-01  1.580403762E+00  2.850946033E+00
 -1.663736505E+00 -5.386311421E-01  1.591061564E+00  2.810573746E+00
 -1.657793216E+00 -5.932604326E-01  1.601908546E+00  2.770893166E+00
 -1.650117626E+00 -6.472809969E-01  1.612937531E+00  2.731932150E+00
 -1.640754741E+00 -7.006450164E-01  1.624140805E+00  2.693715497E+00
 -1.629750121E+00 -7.533075652E-01  1.635510092E+00  2.656265109E+00
 -1.617149718E+00 -8.052265279E-01  1.647036534E+00  2.619600146E+00
 -1.602999731E+00 -8.563625111E-01  1.658710672E+00  2.583737194E+00
 -1.587346468E+00 -9.066787499E-01  1.670522427E+00  2.548690418E+00
 -1.570236222E+00 -9.561410109E-01  1.682461081E+00  2.514471725E+00
 -1.551715156E+00 -1.004717492E+00  1.694515267E+00  2.481090917E+00
 -1.531829200E+00 -1.052378722E+00  1.706672947E+00  2.448555844E+00
 -1.510623959E+00 -1.099097452E+00  1.718921407E+00  2.416872553E+00
 -1.488144627E+00 -1.144848558E+00  1.731247246E+00  2.386045432E+00
 -1.464435914E+00 -1.189608933E+00  1.743636370E+00  2.356077350E+00
 -1.439541980E+00 -1.233357381E+00  1.756073989E+00  2.326969788E+00
 -1.413506382E+00 -1.276074518E+00  1.768544617E+00  2.298722970E+00
 -1.386372017E+00 -1.317742672E+00  1.781032074E+00  2.271335986E+00
 -1.358181087E+00 -1.358345777E+00  1.793519500E+00  2.244806903E+00
 -1.328975062E+00 -1.397869281E+00  1.805989361E+00  2.219132886E+00
 -1.298794653E+00 -1.436300050E+00  1.818423469E+00  2.194310294E+00
 -1.267679787E+00 -1.473626274E+00  1.830803004E+00  2.170334781E+00
 -1.235669595E+00 -1.509837379E+00  1.843108540E+00  2.147201395E+00
 -1.202802397E+00 -1.544923938E+00  1.855320080E+00  2.124904657E+00
 -1.169115697E+00 -1.578877590E+00  1.867417090E+00  2.103438652E+00
 -1.134646184E+00 -1.611690960E+00  1.879378546E+00  2.082797099E+00
 -1.099429729E+00 -1.643357579E+00  1.891182981E+00  2.062973427E+00
 -1.063501394E+00 -1.673871811E+00  1.902808545E+00  2.043960842E+00
 -1.026895444E+00 -1.703228785E+00  1.914233059E+00  2.025752386E+00
 -9.896453524E-01 -1.731424325E+00  1.925434090E+00  2.008340998E+00
 -9.517838241E-01 -1.758454885E+00  1.936389017E+00  1.991719567E+00
 -9.133428085E-01 -1.784317493E+00  1.947075115E+00  1.975880980E+00
 -8.743535215E-01 -1.809009687E+00  1.957469634E+00  1.960818169E+00
 -8.348464674E-01 -1.832529468E+00  1.967549889E+00  1.946524153E+00
 -7.948514634E-01 -1.854875242E+00  1.977293352E+00  1.932992073E+00
 -7.543976653E-01 -1.876045775E+00  1.986677749E+00  1.920215235E+00
 -7.135135945E-01 -1.896040149E+00  1.995681157E+00  1.908187134E+00
 -6.722271675E-01 -1.914857715E+00  2.004282111E+00  1.896901489E+00
 -6.305657249E-01 -1.932498060E+00  2.012459701E+00  1.886352268E+00
 -5.885560627E-01 -1.948960965E+00  2.020193682E+00  1.876533711E+00
 -5.462244641E-01 -1.964246374E+00  2.027464576E+00  1.867440356E+00
 -5.035967319E-01 -1.978354359E+00  2.034253775E+00  1.859067055E+00
 -4.606982221E-01 -1.991285096E+00  2.040543644E+00  1.851408992E+00
 -4.175538776E-01 -2.003038836E+00  2.046317620E+00  1.844461705E+00
 -3.741882625E-01 -2.013615881E+00  2.051560308E+00  1.838221090E+00
 -3.306255973E-01 -2.023016563E+00  2.056257568E+00  1.832683424E+00
 -2.868897941E-01 -2.031241224E+00  2.060396601E+00  1.827845368E+00
 -2.430044920E-01 -2.038290201E+00  2.063966029E+00  1.823703983E+00
 -1.989930931E-01 -2.044163810E+00  2.066955961E+00  1.820256733E+00
 -1.548787987E-01 -2.048862331E+00  2.069358057E+00  1.817501495E+00
 -1.106846455E-01 -2.052386003E+00  2.071165581E+00  1.815436564E+00
 -6.643354177E-02 -2.054735011E+00  2.072373442E+00  1.814060658E+00
 -2.214830450E-02 -2.055909483E+00  2.072978228E+00  1.813372920E+00
  2.214830450E-02 -2.055909483E+00  2.072978228E+00  1.813372920E+00
  6.643354177E-02 -2.054735011E+00  2.072373442E+00  1.814060658E+00
  1.106846455E-01 -2.052386003E+00  2.071165581E+00  1.815436564E+00
  1.548787987E-01 -2.048862331E+00  2.069358057E+00  1.817501495E+00
  1.989930931E-01 -2.044163810E+00  2.066955961E+00  1.820256733E+00
  2.430044920E-01 -2.038290201E+00  2.063966029E+00  1.823703983E+00
  2.868897941E-01 -2.031241224E+00  2.060396601E+00  1.827845368E+00
  3.306255973E-01 -2.023016563E+00  2.056257568E+00  1.832683424E+00
  3.741882625E-01 -2.013615881E+00  2.051560308E+00  1.838221090E+00
  4.175538776E-01 -2.003038836E+00  2.046317620E+00  1.844461705E+00
  4.606982221E-01 -1.991285096E+00  2.040543644E+00  1.851408992E+00
  5.035967319E-01 -1.978354359E+00  2.034253775E+00  1.859067055E+00
  5.462244641E-01 -1.964246374E+00  2.027464576E+00  1.867440356E+00
  5.885560627E-01 -1.948960965E+00  2.020193682E+00  1.876533711E+00
  6.305657249E-01 -1.932498060E+00  2.012459701E+00  1.886352268E+00
  6.722271675E-01 -1.914857715E+00  2.004282111E+00  1.896901489E+00
  7.135135945E-01 -1.896040149E+00  1.995681157E+00  1.908187134E+00
  7.543976653E-01 -1.876045775E+00  1.986677749E+00  1.920215235E+00
  7.948514634E-01 -1.854875242E+00  1.977293352E+00  1.932992073E+00
  8.348464674E-01 -1.832529468E+00  1.967549889E+00  1.946524153E+00
  8.743535215E-01 -1.809009687E+00  1.957469634E+00  1.960818169E+00
  9.133428085E-01 -1.784317493E+00  1.947075115E+00  1.975880980E+00
  9.517838241E-01 -1.758454885E+00  1.936389017E+00  1.991719567E+00
  9.896453524E-01 -1.731424325E+00  1.925434090E+00  2.008340998E+00
  1.026895444E+00 -1.703228785E+00  1.914233059E+00  2.025752386E+00
  1.063501394E+00 -1.673871811E+00  1.902808545E+00  2.043960842E+00
  1.099429729E+00 -1.643357579E+00  1.891182981E+00  2.062973427E+00
  1.134646184E+00 -1.611690960E+00  1.879378546E+00  2.082797099E+00
  1.169115697E+00 -1.578877590E+00  1.867417090E+00  2.103438652E+00
  1.202802397E+00 -1.544923938E+00  1.855320080E+00  2.124904657E+00
  1.235669595E+00 -1.509837379E+00  1.843108540E+00  2.147201395E+00
  1.267679787E+00 -1.473626274E+00  1.830803004E+00  2.170334781E+00
  1.298794653E+00 -1.436300050E+00  1.818423469E+00  2.194310294E+00
  1.328975062E+00 -1.397869281E+00  1.805989361E+00  2.219132886E+00
  1.358181087E+00 -1.358345777E+00  1.793519500E+00  2.244806903E+00
  1.386372017E+00 -1.317742672E+00  1.781032074E+00  2.271335986E+00
  1.413506382E+00 -1.276074518E+00  1.768544617E+00  2.298722970E+00
  1.439541980E+00 -1.233357381E+00  1.756073989E+00  2.326969788E+00
  1.464435914E+00 -1.189608933E+00  1.743636370E+00  2.356077350E+00
  1.488144627E+00 -1.144848558E+00  1.731247246E+00  2.386045432E+00
  1.510623959E+00 -1.099097452E+00  1.718921407E+00  2.416872553E+00
  1.531829200E+00 -1.052378722E+00  1.706672947E+00  2.448555844E+00
  1.551715156E+00 -1.004717492E+00  1.694515267E+00  2.481090917E+00
  1.570236222E+00 -9.561410109E-01  1.682461081E+00  2.514471725E+00
  1.587346468E+00 -9.066787499E-01  1.670522427E+00  2.548690418E+00
  1.602999731E+00 -8.563625111E-01  1.658710672E+00  2.583737194E+00
  1.617149718E+00 -8.052265279E-01  1.647036534E+00  2.619600146E+00
  1.629750121E+00 -7.533075652E-01  1.635510092E+00  2.656265109E+00
  1.640754741E+00 -7.006450164E-01  1.624140805E+00  2.693715497E+00
  1.650117626E+00 -6.472809969E-01  1.612937531E+00  2.731932150E+00
  1.657793216E+00 -5.932604326E-01  1.601908546E+00  2.770893166E+00
  1.663736505E+00 -5.386311421E-01  1.591061564E+00  2.810573746E+00
  1.667903210E+00 -4.834439123E-01  1.580403762E+00  2.850946033E+00
  1.670249953E+00 -4.277525661E-01  1.569941797E+00  2.891978964E+00
  1.670734458E+00 -3.716140199E-01  1.559681831E+00  2.933638110E+00
  1.669315756E+00 -3.150883308E-01  1.549629555E+00  2.975885544E+00
  1.665954401E+00 -2.582387318E-01  1.539790209E+00  3.018679704E+00
  1.660612697E+00 -2.011316530E-01  1.530168606E+00  3.061975266E+00
  1.653254937E+00 -1.438367282E-01  1.520769153E+00  3.105723044E+00
  1.643847650E+00 -8.642678519E-02  1.511595878E+00  3.149869888E+00
  1.632359856E+00 -2.897781793E-02  1.502652443E+00  3.194358615E+00
  1.618763325E+00  2.843106035E-02  1.493942175E+00  3.239127950E+00
  1.603032852E+00  8.571768468E-02  1.485468080E+00  3.284112498E+00
  1.585146521E+00  1.427969277E-01  1.477232869E+00  3.329242735E+00
  1.565085987E+00  1.995808125E-01  1.469238971E+00  3.374445035E+00
  1.542836750E+00  2.559786489E-01  1.461488558E+00  3.419641722E+00
  1.518388425E+00  3.118971959E-01  1.453983562E+00  3.464751156E+00
  1.491735018E+00  3.672408498E-01  1.446725690E+00  3.509687862E+00
  1.462875190E+00  4.219118579E-01  1.439716447E+00  3.554362683E+00
  1.431812511E+00  4.758105610E-01  1.432957145E+00  3.598682988E+00
  1.398555704E+00  5.288356612E-01  1.426448925E+00  3.642552911E+00
  1.363118878E+00  5.808845178E-01  1.420192769E+00  3.685873632E+00
  1.325521739E+00  6.318534685E-01  1.414189515E+00  3.728543708E+00
  1.285789782E+00  6.816381772E-01  1.408439868E+00  3.770459441E+00
  1.243954465E+00  7.301340057E-01  1.402944419E+00  3.811515283E+00
  1.200053344E+00  7.772364079E-01  1.397703650E+00  3.851604298E+00
  1.154130198E+00  8.228413458E-01  1.392717952E+00  3.890618645E+00
  1.106235101E+00  8.668457236E-01  1.387987630E+00  3.928450109E+00
  1.056424478E+00  9.091478381E-01  1.383512917E+00  3.964990660E+00
  1.004761112E+00  9.496478418E-01  1.379293982E+00  4.000133050E+00
  9.513141176E-01  9.882482167E-01  1.375330939E+00  4.033771417E+00
  8.961588712E-01  1.024854253E+00  1.371623857E+00  4.065801934E+00
  8.393769035E-01  1.059374530E+00  1.368172764E+00  4.096123445E+00
  7.810557438E-01  1.091721396E+00  1.364977658E+00  4.124638131E+00
  7.212887242E-01  1.121811442E+00  1.362038511E+00  4.151252163E+00
  6.601747393E-01  1.149565961E+00  1.359355276E+00  4.175876349E+00
  5.978179626E-01  1.174911399E+00  1.356927892E+00  4.198426775E+00
  5.343275220E-01  1.197779776E+00  1.354756290E+00  4.218825415E+00
  4.698171337E-01  1.218109093E+00  1.352840396E+00  4.237000714E+00
  4.044046995E-01  1.235843702E+00  1.351180136E+00  4.252888136E+00
  3.382118670E-01  1.250934647E+00  1.349775438E+00  4.266430665E+00
  2.713635590E-01  1.263339969E+00  1.348626238E+00  4.277579252E+00
  2.039874732E-01  1.273024967E+00  1.347732478E+00  4.286293213E+00
  1.362135577E-01  1.279962419E+00  1.347094112E+00  4.292540552E+00
  6.817346667E-02  1.284132754E+00  1.346711107E+00  4.296298226E+00
  2.538758782E-16  1.285524178E+00  1.346583441E+00  4.297552333E+00
 -2.481870081E-16  1.248011195E+00  1.326828109E+00  4.107110467E+00
 -6.664604834E-02  1.246656296E+00  1.326952057E+00  4.105938785E+00
 -1.331630144E-01  1.242595383E+00  1.327323904E+00  4.102428013E+00
 -1.994223639E-01  1.235839780E+00  1.327943665E+00  4.096590935E+00
 -2.652966541E-01  1.226408282E+00  1.328811363E+00  4.088448740E+00
 -3.306600670E-01  1.214327037E+00  1.329927028E+00  4.078030855E+00
 -3.953889285E-01  1.199629378E+00  1.331290697E+00  4.065374706E+00
 -4.593622088E-01  1.182355620E+00  1.332902410E+00  4.050525422E+00
 -5.224619994E-01  1.162552808E+00  1.334762209E+00  4.033535479E+00
 -5.845739635E-01  1.140274433E+00  1.336870135E+00  4.014464292E+00
 -6.455877561E-01  1.115580106E+00  1.339226225E+00  3.993377765E+00
 -7.053974105E-01  1.088535210E+00  1.341830507E+00  3.970347787E+00
 -7.639016895E-01  1.059210515E+00  1.344682995E+00  3.945451712E+00
 -8.210043980E-01  1.027681774E+00  1.347783689E+00  3.918771798E+00
 -8.766146567E-01  9.940293034E-01  1.351132563E+00  3.890394627E+00
 -9.306471351E-01  9.583375384E-01  1.354729564E+00  3.860410519E+00
 -9.830222433E-01  9.206945882E-01  1.358574603E+00  3.828912929E+00
 -1.033666283E+00  8.811917786E-01  1.362667551E+00  3.795997853E+00
 -1.082511558E+00  8.399231936E-01  1.367008228E+00  3.761763229E+00
 -1.129496445E+00  7.969852188E-01  1.371596397E+00  3.726308364E+00
 -1.174565422E+00  7.524760901E-01  1.376431756E+00  3.689733361E+00
 -1.217669071E+00  7.064954504E-01  1.381513928E+00  3.652138585E+00
 -1.258764027E+00  6.591439191E-01  1.386842451E+00  3.613624142E+00
 -1.297812915E+00  6.105226757E-01  1.392416767E+00  3.574289394E+00
 -1.334784240E+00  5.607330608E-01  1.398236213E+00  3.534232506E+00
 -1.369652258E+00  5.098761964E-01  1.404300008E+00  3.493550025E+00
 -1.402396817E+00  4.580526282E-01  1.410607240E+00  3.452336500E+00
 -1.433003183E+00  4.053619898E-01  1.417156853E+00  3.410684139E+00
 -1.461461834E+00  3.519026912E-01  1.423947638E+00  3.368682499E+00
 -1.487768248E+00  2.977716322E-01  1.430978209E+00  3.326418224E+00
 -1.511922674E+00  2.430639412E-01  1.438246998E+00  3.283974810E+00
 -1.533929889E+00  1.878727388E-01  1.445752233E+00  3.241432422E+00
 -1.553798947E+00  1.322889280E-01  1.453491926E+00  3.198867728E+00
 -1.571542925E+00  7.640100862E-02  1.461463850E+00  3.156353786E+00
 -1.587178662E+00  2.029491692E-02  1.469665529E+00  3.113959953E+00
 -1.600726494E+00 -3.594611087E-02  1.478094214E+00  3.071751827E+00
 -1.612209994E+00 -9.224165193E-02  1.486746866E+00  3.029791218E+00
 -1.621655714E+00 -1.485141880E-01  1.495620138E+00  2.988136148E+00
 -1.629092924E+00 -2.046891757E-01  1.504710354E+00  2.946840870E+00
 -1.634553363E+00 -2.606950966E-01  1.514013487E+00  2.905955915E+00
 -1.638070995E+00 -3.164634892E-01  1.523525144E+00  2.865528150E+00
 -1.639681769E+00 -3.719289635E-01  1.533240538E+00  2.825600865E+00
 -1.639423392E+00 -4.270291996E-01  1.543154472E+00  2.786213859E+00
 -1.637335109E+00 -4.817049315E-01  1.553261317E+00  2.747403558E+00
 -1.633457492E+00 -5.358999185E-01  1.563554989E+00  2.709203125E+00
 -1.627832243E+00 -5.895609035E-01  1.574028928E+00  2.671642589E+00
 -1.620502000E+00 -6.426375620E-01  1.584676081E+00  2.634748983E+00
 -1.611510167E+00 -6.950824406E-01  1.595488877E+00  2.598546477E+00
 -1.600900740E+00 -7.468508880E-01  1.606459210E+00  2.563056527E+00
 -1.588718154E+00 -7.979009790E-01  1.617578418E+00  2.528298016E+00
 -1.575007141E+00 -8.481934319E-01  1.628837267E+00  2.494287399E+00
 -1.559812593E+00 -8.976915217E-01  1.640225933E+00  2.461038855E+00
 -1.543179437E+00 -9.463609891E-01  1.651733986E+00  2.428564426E+00
 -1.525152531E+00 -9.941699460E-01  1.663350376E+00  2.396874163E+00
 -1.505776550E+00 -1.041088779E+00  1.675063423E+00  2.365976267E+00
 -1.485095902E+00 -1.087090052E+00  1.686860806E+00  2.335877225E+00
 -1.463154643E+00 -1.132148406E+00  1.698729553E+00  2.306581940E+00
 -1.439996400E+00 -1.176240460E+00  1.710656040E+00  2.278093868E+00
 -1.415664305E+00 -1.219344714E+00  1.722625987E+00  2.250415133E+00
 -1.390200943E+00 -1.261441448E+00  1.734624458E+00  2.223546653E+00
 -1.363648296E+00 -1.302512625E+00  1.746635872E+00  2.197488253E+00
 -1.336047702E+00 -1.342541799E+00  1.758644002E+00  2.172238771E+00
 -1.307439821E+00 -1.381514015E+00  1.770631997E+00  2.147796165E+00
 -1.277864604E+00 -1.419415725E+00  1.782582394E+00  2.124157610E+00
 -1.247361270E+00 -1.456234692E+00  1.794477141E+00  2.101319592E+00
 -1.215968289E+00 -1.491959907E+00  1.806297626E+00  2.079277996E+00
 -1.183723365E+00 -1.526581504E+00  1.818024702E+00  2.058028188E+00
 -1.150663435E+00 -1.560090680E+00  1.829638734E+00  2.037565093E+00
 -1.116824659E+00 -1.592479617E+00  1.841119630E+00  2.017883268E+00
 -1.082242425E+00 -1.623741405E+00  1.852446898E+00  1.998976971E+00
 -1.046951350E+00 -1.653869971E+00  1.863599695E+00  1.980840223E+00
 -1.010985289E+00 -1.682860013E+00  1.874556882E+00  1.963466869E+00
 -9.743773475E-01 -1.710706929E+00  1.885297096E+00  1.946850633E+00
 -9.371598916E-01 -1.737406760E+00  1.895798813E+00  1.930985168E+00
 -8.993645668E-01 -1.762956127E+00  1.906040422E+00  1.915864102E+00
 -8.610223151E-01 -1.787352176E+00  1.916000307E+00  1.901481086E+00
 -8.221633965E-01 -1.810592525E+00  1.925656929E+00  1.887829832E+00
 -7.828174111E-01 -1.832675212E+00  1.934988910E+00  1.874904147E+00
 -7.430133231E-01 -1.853598650E+00  1.943975129E+00  1.862697974E+00
 -7.027794870E-01 -1.873361583E+00  1.952594811E+00  1.851205417E+00
 -6.621436744E-01 -1.891963040E+00  1.960827622E+00  1.840420771E+00
 -6.211331023E-01 -1.909402300E+00  1.968653770E+00  1.830338552E+00
 -5.797744627E-01 -1.925678857E+00  1.976054100E+00  1.820953516E+00
 -5.380939527E-01 -1.940792381E+00  1.983010191E+00  1.812260680E+00
 -4.961173056E-01 -1.954742694E+00  1.989504456E+00  1.804255348E+00
 -4.538698233E-01 -1.967529734E+00  1.995520231E+00  1.796933120E+00
 -4.113764084E-01 -1.979153536E+00  2.001041875E+00  1.790289914E+00
 -3.686615973E-01 -1.989614205E+00  2.006054852E+00  1.784321976E+00
 -3.257495940E-01 -1.998911894E+00  2.010545816E+00  1.779025896E+00
 -2.826643041E-01 -2.007046786E+00  2.014502691E+00  1.774398617E+00
 -2.394293691E-01 -2.014019079E+00  2.017914745E+00  1.770437441E+00
 -1.960682009E-01 -2.019828967E+00  2.020772650E+00  1.767140044E+00
 -1.526040170E-01 -2.024476632E+00  2.023068543E+00  1.764504478E+00
 -1.090598754E-01 -2.027962232E+00  2.024796072E+00  1.762529179E+00
 -6.545870988E-02 -2.030285893E+00  2.025950440E+00  1.761212969E+00
 -2.182336563E-02 -2.031447701E+00  2.026528430E+00  1.760555061E+00
  2.182336563E-02 -2.031447701E+00  2.026528430E+00  1.760555061E+00
  6.545870988E-02 -2.030285893E+00  2.025950440E+00  1.761212969E+00
  1.090598754E-01 -2.027962232E+00  2.024796072E+00  1.762529179E+00
  1.526040170E-01 -2.024476632E+00  2.023068543E+00  1.764504478E+00
  1.960682009E-01 -2.019828967E+00  2.020772650E+00  1.767140044E+00
  2.394293691E-01 -2.014019079E+00  2.017914745E+00  1.770437441E+00
  2.826643041E-01 -2.007046786E+00  2.014502691E+00  1.774398617E+00
  3.257495940E-01 -1.998911894E+00  2.010545816E+00  1.779025896E+00
  3.686615973E-01 -1.989614205E+00  2.006054852E+00  1.784321976E+00
  4.113764084E-01 -1.979153536E+00  2.001041875E+00  1.790289914E+00
  4.538698233E-01 -1.967529734E+00  1.995520231E+00  1.796933120E+00
  4.961173056E-01 -1.954742694E+00  1.989504456E+00  1.804255348E+00
  5.380939527E-01 -1.940792381E+00  1.983010191E+00  1.812260680E+00
  5.797744627E-01 -1.925678857E+00  1.976054100E+00  1.820953516E+00
  6.211331023E-01 -1.909402300E+00  1.968653770E+00  1.830338552E+00
  6.621436744E-01 -1.891963040E+00  1.960827622E+00  1.840420771E+00
  7.027794870E-01 -1.873361583E+00  1.952594811E+00  1.851205417E+00
  7.430133231E-01 -1.853598650E+00  1.943975129E+00  1.862697974E+00
  7.828174111E-01 -1.832675212E+00  1.934988910E+00  1.874904147E+00
  8.221633965E-01 -1.810592525E+00  1.925656929E+00  1.887829832E+00
  8.610223151E-01 -1.787352176E+00  1.916000307E+00  1.901481086E+00
  8.993645668E-01 -1.762956127E+00  1.906040422E+00  1.915864102E+00
  9.371598916E-01 -1.737406760E+00  1.895798813E+00  1.930985168E+00
  9.743773475E-01 -1.710706929E+00  1.885297096E+00  1.946850633E+00
  1.010985289E+00 -1.682860013E+00  1.874556882E+00  1.963466869E+00
  1.046951350E+00 -1.653869971E+00  1.863599695E+00  1.980840223E+00
  1.082242425E+00 -1.623741405E+00  1.852446898E+00  1.998976971E+00
  1.116824659E+00 -1.592479617E+00  1.841119630E+00  2.017883268E+00
  1.150663435E+00 -1.560090680E+00  1.829638734E+00  2.037565093E+00
  1.183723365E+00 -1.526581504E+00  1.818024702E+00  2.058028188E+00
  1.215968289E+00 -1.491959907E+00  1.806297626E+00  2.079277996E+00
  1.247361270E+00 -1.456234692E+00  1.794477141E+00  2.101319592E+00
  1.277864604E+00 -1.419415725E+00  1.782582394E+00  2.124157610E+00
  1.307439821E+00 -1.381514015E+00  1.770631997E+00  2.147796165E+00
  1.336047702E+00 -1.342541799E+00  1.758644002E+00  2.172238771E+00
  1.363648296E+00 -1.302512625E+00  1.746635872E+00  2.197488253E+00
  1.390200943E+00 -1.261441448E+00  1.734624458E+00  2.223546653E+00
  1.415664305E+00 -1.219344714E+00  1.722625987E+00  2.250415133E+00
  1.439996400E+00 -1.176240460E+00  1.710656040E+00  2.278093868E+00
  1.463154643E+00 -1.132148406E+00  1.698729553E+00  2.306581940E+00
  1.485095902E+00 -1.087090052E+00  1.686860806E+00  2.335877225E+00
  1.505776550E+00 -1.041088779E+00  1.675063423E+00  2.365976267E+00
  1.525152531E+00 -9.941699460E-01  1.663350376E+00  2.396874163E+00
  1.543179437E+00 -9.463609891E-01  1.651733986E+00  2.428564426E+00
  1.559812593E+00 -8.976915217E-01  1.640225933E+00  2.461038855E+00
  1.575007141E+00 -8.481934319E-01  1.628837267E+00  2.494287399E+00
  1.588718154E+00 -7.979009790E-01  1.617578418E+00  2.528298016E+00
  1.600900740E+00 -7.468508880E-01  1.606459210E+00  2.563056527E+00
  1.611510167E+00 -6.950824406E-01  1.595488877E+00  2.598546477E+00
  1.620502000E+00 -6.426375620E-01  1.584676081E+00  2.634748983E+00
  1.627832243E+00 -5.895609035E-01  1.574028928E+00  2.671642589E+00
  1.633457492E+00 -5.358999185E-01  1.563554989E+00  2.709203125E+00
  1.637335109E+00 -4.817049315E-01  1.553261317E+00  2.747403558E+00
  1.639423392E+00 -4.270291996E-01  1.543154472E+00  2.786213859E+00
  1.639681769E+00 -3.719289635E-01  1.533240538E+00  2.825600865E+00
  1.638070995E+00 -3.164634892E-01  1.523525144E+00  2.865528150E+00
  1.634553363E+00 -2.606950966E-01  1.514013487E+00  2.905955915E+00
  1.629092924E+00 -2.046891757E-01  1.504710354E+00  2.946840870E+00
  1.621655714E+00 -1.485141880E-01  1.495620138E+00  2.988136148E+00
  1.612209994E+00 -9.224165193E-02  1.486746866E+00  3.029791218E+00
  1.600726494E+00 -3.594611087E-02  1.478094214E+00  3.071751827E+00
  1.587178662E+00  2.029491692E-02  1.469665529E+00  3.113959953E+00
  1.571542925E+00  7.640100862E-02  1.461463850E+00  3.156353786E+00
  1.553798947E+00  1.322889280E-01  1.453491926E+00  3.198867728E+00
  1.533929889E+00  1.878727388E-01  1.445752233E+00  3.241432422E+00
  1.511922674E+00  2.430639412E-01  1.438246998E+00  3.283974810E+00
  1.487768248E+00  2.977716322E-01  1.430978209E+00  3.326418224E+00
  1.461461834E+00  3.519026912E-01  1.423947638E+00  3.368682499E+00
  1.433003183E+00  4.053619898E-01  1.417156853E+00  3.410684139E+00
  1.402396817E+00  4.580526282E-01  1.410607240E+00  3.452336500E+00
  1.369652258E+00  5.098761964E-01  1.404300008E+00  3.493550025E+00
  1.334784240E+00  5.607330608E-01  1.398236213E+00  3.534232506E+00
  1.297812915E+00  6.105226757E-01  1.392416767E+00  3.574289394E+00
  1.258764027E+00  6.591439191E-01  1.386842451E+00  3.613624142E+00
  1.217669071E+00  7.064954504E-01  1.381513928E+00  3.652138585E+00
  1.174565422E+00  7.524760901E-01  1.376431756E+00  3.689733361E+00
  1.129496445E+00  7.969852188E-01  1.371596397E+00  3.726308364E+00
  1.082511558E+00  8.399231936E-01  1.367008228E+00  3.761763229E+00
  1.033666283E+00  8.811917786E-01  1.362667551E+00  3.795997853E+00
  9.830222433E-01  9.206945882E-01  1.358574603E+00  3.828912929E+00
  9.306471351E-01  9.583375384E-01  1.354729564E+00  3.860410519E+00
  8.766146567E-01  9.940293034E-01  1.351132563E+00  3.890394627E+00
  8.210043980E-01  1.027681774E+00  1.347783689E+00  3.918771798E+00
  7.639016895E-01  1.059210515E+00  1.344682995E+00  3.945451712E+00
  7.053974105E-01  1.088535210E+00  1.341830507E+00  3.970347787E+00
  6.455877561E-01  1.115580106E+00  1.339226225E+00  3.993377765E+00
  5.845739635E-01  1.140274433E+00  1.336870135E+00  4.014464292E+00
  5.224619994E-01  1.162552808E+00  1.334762209E+00  4.033535479E+00
  4.593622088E-01  1.182355620E+00  1.332902410E+00  4.050525422E+00
  3.953889285E-01  1.199629378E+00  1.331290697E+00  4.065374706E+00
  3.306600670E-01  1.214327037E+00  1.329927028E+00  4.078030855E+00
  2.652966541E-01  1.226408282E+00  1.328811363E+00  4.088448740E+00
  1.994223639E-01  1.235839780E+00  1.327943665E+00  4.096590935E+00
  1.331630144E-01  1.242595383E+00  1.327323904E+00  4.102428013E+00
  6.664604834E-02  1.246656296E+00  1.326952057E+00  4.105938785E+00
  2.481870081E-16  1.248011195E+00  1.326828109E+00  4.107110467E+00
 -2.426539255E-16  1.211382811E+00  1.307311455E+00  3.926023905E+00
 -6.516044818E-02  1.210063223E+00  1.307431783E+00  3.924928848E+00
 -1.301959324E-01  1.206108092E+00  1.307792769E+00  3.921647610E+00
 -1.949820110E-01  1.199528299E+00  1.308394421E+00  3.916191950E+00
 -2.593952821E-01  1.190341900E+00  1.309236751E+00  3.908581366E+00
 -3.233138922E-01  1.178574018E+00  1.310319776E+00  3.898842937E+00
 -3.866180311E-01  1.164256688E+00  1.311643511E+00  3.887011107E+00
 -4.491904092E-01  1.147428657E+00  1.313207976E+00  3.873127423E+00
 -5.109167136E-01  1.128135152E+00  1.315013184E+00  3.857240206E+00
 -5.716860378E-01  1.106427608E+00  1.317059147E+00  3.839404185E+00
 -6.313912844E-01  1.082363361E+00  1.319345865E+00  3.819680086E+00
 -6.899295355E-01  1.056005319E+00  1.321873328E+00  3.798134180E+00
 -7.472023898E-01  1.027421594E+00  1.324641510E+00  3.774837806E+00
 -8.031162637E-01  9.966851234E-01  1.327650362E+00  3.749866860E+00
 -8.575826555E-01  9.638732659E-01  1.330899811E+00  3.723301277E+00
 -9.105183716E-01  9.290673862E-01  1.334389752E+00  3.695224484E+00
 -9.618457132E-01  8.923524271E-01  1.338120040E+00  3.665722862E+00
 -1.011492625E+00  8.538164758E-01  1.342090490E+00  3.634885198E+00
 -1.059392806E+00  8.135503277E-01  1.346300860E+00  3.602802138E+00
 -1.105485779E+00  7.716470510E-01  1.350750853E+00  3.569565663E+00
 -1.149716929E+00  7.282015550E-01  1.355440102E+00  3.535268569E+00
 -1.192037502E+00  6.833101677E-01  1.360368165E+00  3.500003968E+00
 -1.232404572E+00  6.370702227E-01  1.365534511E+00  3.463864813E+00
 -1.270780976E+00  5.895796604E-01  1.370938518E+00  3.426943454E+00
 -1.307135222E+00  5.409366452E-01  1.376579454E+00  3.389331211E+00
 -1.341441366E+00  4.912392001E-01  1.382456469E+00  3.351117995E+00
 -1.373678869E+00  4.405848616E-01  1.388568585E+00  3.312391946E+00
 -1.403832429E+00  3.890703560E-01  1.394914681E+00  3.273239115E+00
 -1.431891796E+00  3.367912980E-01  1.401493481E+00  3.233743178E+00
 -1.457851569E+00  2.838419120E-01  1.408303541E+00  3.193985184E+00
 -1.481710982E+00  2.303147783E-01  1.415343232E+00  3.154043339E+00
 -1.503473672E+00  1.763006026E-01  1.422610729E+00  3.113992821E+00
 -1.523147447E+00  1.218880100E-01  1.430103990E+00  3.073905634E+00
 -1.540744042E+00  6.716336223E-02  1.437820748E+00  3.033850486E+00
 -1.556278869E+00  1.221059964E-02  1.445758484E+00  2.993892704E+00
 -1.569770772E+00 -4.288889533E-02  1.453914420E+00  2.954094173E+00
 -1.581241773E+00 -9.805641166E-02  1.462285492E+00  2.914513302E+00
 -1.590716826E+00 -1.532160025E-01  1.470868341E+00  2.875205017E+00
 -1.598223572E+00 -2.082945575E-01  1.479659284E+00  2.836220771E+00
 -1.603792096E+00 -2.632218563E-01  1.488654305E+00  2.797608585E+00
 -1.607454694E+00 -3.179306039E-01  1.497849029E+00  2.759413094E+00
 -1.609245642E+00 -3.723564495E-01  1.507238705E+00  2.721675615E+00
 -1.609200978E+00 -4.264379899E-01  1.516818184E+00  2.684434235E+00
 -1.607358289E+00 -4.801167586E-01  1.526581904E+00  2.647723901E+00
 -1.603756507E+00 -5.333372021E-01  1.536523864E+00  2.611576526E+00
 -1.598435718E+00 -5.860466447E-01  1.546637611E+00  2.576021101E+00
 -1.591436975E+00 -6.381952425E-01  1.556916214E+00  2.541083819E+00
 -1.582802129E+00 -6.897359282E-01  1.567352250E+00  2.506788195E+00
 -1.572573665E+00 -7.406243485E-01  1.577937785E+00  2.473155200E+00
 -1.560794548E+00 -7.908187932E-01  1.588664354E+00  2.440203388E+00
 -1.547508084E+00 -8.402801194E-01  1.599522948E+00  2.407949035E+00
 -1.532757788E+00 -8.889716703E-01  1.610503995E+00  2.376406266E+00
 -1.516587262E+00 -9.368591895E-01  1.621597350E+00  2.345587193E+00
 -1.499040088E+00 -9.839107326E-01  1.632792278E+00  2.315502044E+00
 -1.480159718E+00 -1.030096576E+00  1.644077448E+00  2.286159291E+00
 -1.459989392E+00 -1.075389125E+00  1.655440922E+00  2.257565780E+00
 -1.438572050E+00 -1.119762818E+00  1.666870149E+00  2.229726851E+00
 -1.415950256E+00 -1.163194032E+00  1.678351960E+00  2.202646457E+00
 -1.392166136E+00 -1.205660991E+00  1.689872571E+00  2.176327285E+00
 -1.367261319E+00 -1.247143670E+00  1.701417582E+00  2.150770859E+00
 -1.341276885E+00 -1.287623700E+00  1.712971983E+00  2.125977651E+00
 -1.314253322E+00 -1.327084280E+00  1.724520165E+00  2.101947185E+00
 -1.286230490E+00 -1.365510086E+00  1.736045931E+00  2.078678129E+00
 -1.257247587E+00 -1.402887179E+00  1.747532515E+00  2.056168390E+00
 -1.227343132E+00 -1.439202925E+00  1.758962603E+00  2.034415201E+00
 -1.196554935E+00 -1.474445906E+00  1.770318358E+00  2.013415206E+00
 -1.164920093E+00 -1.508605844E+00  1.781581452E+00  1.993164535E+00
 -1.132474972E+00 -1.541673517E+00  1.792733104E+00  1.973658877E+00
 -1.099255208E+00 -1.573640687E+00  1.803754114E+00  1.954893552E+00
 -1.065295703E+00 -1.604500026E+00  1.814624917E+00  1.936863575E+00
 -1.030630626E+00 -1.634245048E+00  1.825325627E+00  1.919563713E+00
 -9.952934241E-01 -1.662870038E+00  1.835836096E+00  1.902988547E+00
 -9.593168257E-01 -1.690369990E+00  1.846135974E+00  1.887132520E+00
 -9.227328564E-01 -1.716740550E+00  1.856204777E+00  1.871989986E+00
 -8.855728514E-01 -1.741977950E+00  1.866021950E+00  1.857555258E+00
 -8.478674736E-01 -1.766078960E+00  1.875566951E+00  1.843822649E+00
 -8.096467315E-01 -1.789040833E+00  1.884819322E+00  1.830786508E+00
 -7.709400009E-01 -1.810861253E+00  1.893758773E+00  1.818441260E+00
 -7.317760470E-01 -1.831538295E+00  1.902365269E+00  1.806781434E+00
 -6.921830489E-01 -1.851070376E+00  1.910619116E+00  1.795801699E+00
 -6.521886249E-01 -1.869456217E+00  1.918501050E+00  1.785496885E+00
 -6.118198596E-01 -1.886694801E+00  1.925992327E+00  1.775862013E+00
 -5.711033314E-01 -1.902785344E+00  1.933074820E+00  1.766892317E+00
 -5.300651419E-01 -1.917727256E+00  1.939731102E+00  1.758583264E+00
 -4.887309455E-01 -1.931520111E+00  1.945944541E+00  1.750930571E+00
 -4.471259796E-01 -1.944163624E+00  1.951699391E+00  1.743930228E+00
 -4.052750963E-01 -1.955657619E+00  1.956980871E+00  1.737578507E+00
 -3.632027941E-01 -1.966002010E+00  1.961775251E+00  1.731871978E+00
 -3.209332501E-01 -1.975196778E+00  1.966069933E+00  1.726807524E+00
 -2.784903527E-01 -1.983241953E+00  1.969853518E+00  1.722382345E+00
 -2.358977350E-01 -1.990137596E+00  1.973115877E+00  1.718593975E+00
 -1.931788080E-01 -1.995883788E+00  1.975848210E+00  1.715440284E+00
 -1.503567944E-01 -2.000480612E+00  1.978043100E+00  1.712919486E+00
 -1.074547629E-01 -2.003928150E+00  1.979694558E+00  1.711030149E+00
 -6.449566156E-02 -2.006226468E+00  1.980798059E+00  1.709771192E+00
 -2.150235277E-02 -2.007375614E+00  1.981350569E+00  1.709141894E+00
  2.150235277E-02 -2.007375614E+00  1.981350569E+00  1.709141894E+00
  6.449566156E-02 -2.006226468E+00  1.980798059E+00  1.709771192E+00
  1.074547629E-01 -2.003928150E+00  1.979694558E+00  1.711030149E+00
  1.503567944E-01 -2.000480612E+00  1.978043100E+00  1.712919486E+00
  1.931788080E-01 -1.995883788E+00  1.975848210E+00  1.715440284E+00
  2.358977350E-01 -1.990137596E+00  1.973115877E+00  1.718593975E+00
  2.784903527E-01 -1.983241953E+00  1.969853518E+00  1.722382345E+00
  3.209332501E-01 -1.975196778E+00  1.966069933E+00  1.726807524E+00
  3.632027941E-01 -1.966002010E+00  1.961775251E+00  1.731871978E+00
  4.052750963E-01 -1.955657619E+00  1.956980871E+00  1.737578507E+00
  4.471259796E-01 -1.944163624E+00  1.951699391E+00  1.743930228E+00
  4.887309455E-01 -1.931520111E+00  1.945944541E+00  1.750930571E+00
  5.300651419E-01 -1.917727256E+00  1.939731102E+00  1.758583264E+00
  5.711033314E-01 -1.902785344E+00  1.933074820E+00  1.766892317E+00
  6.118198596E-01 -1.886694801E+00  1.925992327E+00  1.775862013E+00
  6.521886249E-01 -1.869456217E+00  1.918501050E+00  1.785496885E+00
  6.921830489E-01 -1.851070376E+00  1.910619116E+00  1.795801699E+00
  7.317760470E-01 -1.831538295E+00  1.902365269E+00  1.806781434E+00
  7.709400009E-01 -1.810861253E+00  1.893758773E+00  1.818441260E+00
  8.096467315E-01 -1.789040833E+00  1.884819322E+00  1.830786508E+00
  8.478674736E-01 -1.766078960E+00  1.875566951E+00  1.843822649E+00
  8.855728514E-01 -1.741977950E+00  1.866021950E+00  1.857555258E+00
  9.227328564E-01 -1.716740550E+00  1.856204777E+00  1.871989986E+00
  9.593168257E-01 -1.690369990E+00  1.846135974E+00  1.887132520E+00
  9.952934241E-01 -1.662870038E+00  1.835836096E+00  1.902988547E+00
  1.030630626E+00 -1.634245048E+00  1.825325627E+00  1.919563713E+00
  1.065295703E+00 -1.604500026E+00  1.814624917E+00  1.936863575E+00
  1.099255208E+00 -1.573640687E+00  1.803754114E+00  1.954893552E+00
  1.132474972E+00 -1.541673517E+00  1.792733104E+00  1.973658877E+00
  1.164920093E+00 -1.508605844E+00  1.781581452E+00  1.993164535E+00
  1.196554935E+00 -1.474445906E+00  1.770318358E+00  2.013415206E+00
  1.227343132E+00 -1.439202925E+00  1.758962603E+00  2.034415201E+00
  1.257247587E+00 -1.402887179E+00  1.747532515E+00  2.056168390E+00
  1.286230490E+00 -1.365510086E+00  1.736045931E+00  2.078678129E+00
  1.314253322E+00 -1.327084280E+00  1.724520165E+00  2.101947185E+00
  1.341276885E+00 -1.287623700E+00  1.712971983E+00  2.125977651E+00
  1.367261319E+00 -1.247143670E+00  1.701417582E+00  2.150770859E+00
  1.392166136E+00 -1.205660991E+00  1.689872571E+00  2.176327285E+00
  1.415950256E+00 -1.163194032E+00  1.678351960E+00  2.202646457E+00
  1.438572050E+00 -1.119762818E+00  1.666870149E+00  2.229726851E+00
  1.459989392E+00 -1.075389125E+00  1.655440922E+00  2.257565780E+00
  1.480159718E+00 -1.030096576E+00  1.644077448E+00  2.286159291E+00
  1.499040088E+00 -9.839107326E-01  1.632792278E+00  2.315502044E+00
  1.516587262E+00 -9.368591895E-01  1.621597350E+00  2.345587193E+00
  1.532757788E+00 -8.889716703E-01  1.610503995E+00  2.376406266E+00
  1.547508084E+00 -8.402801194E-01  1.599522948E+00  2.407949035E+00
  1.560794548E+00 -7.908187932E-01  1.588664354E+00  2.440203388E+00
  1.572573665E+00 -7.406243485E-01  1.577937785E+00  2.473155200E+00
  1.582802129E+00 -6.897359282E-01  1.567352250E+00  2.506788195E+00
  1.591436975E+00 -6.381952425E-01  1.556916214E+00  2.541083819E+00
  1.598435718E+00 -5.860466447E-01  1.546637611E+00  2.576021101E+00
  1.603756507E+00 -5.333372021E-01  1.536523864E+00  2.611576526E+00
  1.607358289E+00 -4.801167586E-01  1.526581904E+00  2.647723901E+00
  1.609200978E+00 -4.264379899E-01  1.516818184E+00  2.684434235E+00
  1.609245642E+00 -3.723564495E-01  1.507238705E+00  2.721675615E+00
  1.607454694E+00 -3.179306039E-01  1.497849029E+00  2.759413094E+00
  1.603792096E+00 -2.632218563E-01  1.488654305E+00  2.797608585E+00
  1.598223572E+00 -2.082945575E-01  1.479659284E+00  2.836220771E+00
  1.590716826E+00 -1.532160025E-01  1.470868341E+00  2.875205017E+00
  1.581241773E+00 -9.805641166E-02  1.462285492E+00  2.914513302E+00
  1.569770772E+00 -4.288889533E-02  1.453914420E+00  2.954094173E+00
  1.556278869E+00  1.221059964E-02  1.445758484E+00  2.993892704E+00
  1.540744042E+00  6.716336223E-02  1.437820748E+00  3.033850486E+00
  1.523147447E+00  1.218880100E-01  1.430103990E+00  3.073905634E+00
  1.503473672E+00  1.763006026E-01  1.422610729E+00  3.113992821E+00
  1.481710982E+00  2.303147783E-01  1.415343232E+00  3.154043339E+00
  1.457851569E+00  2.838419120E-01  1.408303541E+00  3.193985184E+00
  1.431891796E+00  3.367912980E-01  1.401493481E+00  3.233743178E+00
  1.403832429E+00  3.890703560E-01  1.394914681E+00  3.273239115E+00
  1.373678869E+00  4.405848616E-01  1.388568585E+00  3.312391946E+00
  1.341441366E+00  4.912392001E-01  1.382456469E+00  3.351117995E+00
  1.307135222E+00  5.409366452E-01  1.376579454E+00  3.389331211E+00
  1.270780976E+00  5.895796604E-01  1.370938518E+00  3.426943454E+00
  1.232404572E+00  6.370702227E-01  1.365534511E+00  3.463864813E+00
  1.192037502E+00  6.833101677E-01  1.360368165E+00  3.500003968E+00
  1.149716929E+00  7.282015550E-01  1.355440102E+00  3.535268569E+00
  1.105485779E+00  7.716470510E-01  1.350750853E+00  3.569565663E+00
  1.059392806E+00  8.135503277E-01  1.346300860E+00  3.602802138E+00
  1.011492625E+00  8.538164758E-01  1.342090490E+00  3.634885198E+00
  9.618457132E-01  8.923524271E-01  1.338120040E+00  3.665722862E+00
  9.105183716E-01  9.290673862E-01  1.334389752E+00  3.695224484E+00
  8.575826555E-01  9.638732659E-01  1.330899811E+00  3.723301277E+00
  8.031162637E-01  9.966851234E-01  1.327650362E+00  3.749866860E+00
  7.472023898E-01  1.027421594E+00  1.324641510E+00  3.774837806E+00
  6.899295355E-01  1.056005319E+00  1.321873328E+00  3.798134180E+00
  6.313912844E-01  1.082363361E+00  1.319345865E+00  3.819680086E+00
  5.716860378E-01  1.106427608E+00  1.317059147E+00  3.839404185E+00
  5.109167136E-01  1.128135152E+00  1.315013184E+00  3.857240206E+00
  4.491904092E-01  1.147428657E+00  1.313207976E+00  3.873127423E+00
  3.866180311E-01  1.164256688E+00  1.311643511E+00  3.887011107E+00
  3.233138922E-01  1.178574018E+00  1.310319776E+00  3.898842937E+00
  2.593952821E-01  1.190341900E+00  1.309236751E+00  3.908581366E+00
  1.949820110E-01  1.199528299E+00  1.308394421E+00  3.916191950E+00
  1.301959324E-01  1.206108092E+00  1.307792769E+00  3.921647610E+00
  6.516044818E-02  1.210063223E+00  1.307431783E+00  3.924928848E+00
  2.426539255E-16  1.211382811E+00  1.307311455E+00  3.926023905E+00
 -2.372739977E-16  1.175631811E+00  1.288042459E+00  3.753864495E+00
 -6.371596012E-02  1.174346352E+00  1.288159266E+00  3.752840667E+00
 -1.273109065E-01  1.170493465E+00  1.288509687E+00  3.749772802E+00
 -1.906643231E-01  1.164083607E+00  1.289093723E+00  3.744671725E+00
 -2.536566852E-01  1.155134135E+00  1.289911378E+00  3.737555385E+00
 -3.161699442E-01  1.143669195E+00  1.290962653E+00  3.728448715E+00
 -3.780879999E-01  1.129719585E+00  1.292247547E+00  3.717383435E+00
 -4.392971562E-01  1.113322560E+00  1.293766058E+00  3.704397812E+00
 -4.996865563E-01  1.094521617E+00  1.295518175E+00  3.689536368E+00
 -5.591485944E-01  1.073366232E+00  1.297503879E+00  3.672849540E+00
 -6.175793007E-01  1.049911575E+00  1.299723139E+00  3.654393316E+00
 -6.748786968E-01  1.024218191E+00  1.302175909E+00  3.634228817E+00
 -7.309511195E-01  9.963516587E-01  1.304862123E+00  3.612421867E+00
 -7.857055107E-01  9.663822281E-01  1.307781692E+00  3.589042533E+00
 -8.390556727E-01  9.343844358E-01  1.310934495E+00  3.564164640E+00
 -8.909204872E-01  9.004367115E-01  1.314320380E+00  3.537865292E+00
 -9.412240978E-01  8.646209708E-01  1.317939153E+00  3.510224363E+00
 -9.898960557E-01  8.270222030E-01  1.321790572E+00  3.481324007E+00
 -1.036871429E+00  7.877280550E-01  1.325874343E+00  3.451248159E+00
 -1.082090876E+00  7.468284156E-01  1.330190110E+00  3.420082049E+00
 -1.125500684E+00  7.044150045E-01  1.334737449E+00  3.387911729E+00
 -1.167052776E+00  6.605809673E-01  1.339515856E+00  3.354823613E+00
 -1.206704680E+00  6.154204806E-01  1.344524741E+00  3.320904042E+00
 -1.244419477E+00  5.690283698E-01  1.349763419E+00  3.286238874E+00
 -1.280165713E+00  5.214997408E-01  1.355231096E+00  3.250913090E+00
 -1.313917292E+00  4.729296291E-01  1.360926863E+00  3.215010438E+00
 -1.345653335E+00  4.234126677E-01  1.366849680E+00  3.178613103E+00
 -1.375358036E+00  3.730427733E-01  1.372998368E+00  3.141801409E+00
 -1.403020478E+00  3.219128557E-01  1.379371593E+00  3.104653549E+00
 -1.428634450E+00  2.701145472E-01  1.385967857E+00  3.067245349E+00
 -1.452198240E+00  2.177379555E-01  1.392785479E+00  3.029650066E+00
 -1.473714423E+00  1.648714389E-01  1.399822587E+00  2.991938209E+00
 -1.493189637E+00  1.116014045E-01  1.407077097E+00  2.954177400E+00
 -1.510634352E+00  5.801212907E-02  1.414546703E+00  2.916432258E+00
 -1.526062637E+00  4.185602058E-03  1.422228856E+00  2.878764309E+00
 -1.539491919E+00 -4.979860948E-02  1.430120753E+00  2.841231928E+00
 -1.550942750E+00 -1.038634749E-01  1.438219315E+00  2.803890300E+00
 -1.560438566E+00 -1.579345936E-01  1.446521174E+00  2.766791408E+00
 -1.568005454E+00 -2.119402695E-01  1.455022654E+00  2.729984037E+00
 -1.573671920E+00 -2.658115670E-01  1.463719750E+00  2.693513804E+00
 -1.577468666E+00 -3.194823500E-01  1.472608116E+00  2.657423196E+00
 -1.579428367E+00 -3.728893039E-01  1.481683040E+00  2.621751630E+00
 -1.579585459E+00 -4.259719441E-01  1.490939430E+00  2.586535525E+00
 -1.577975937E+00 -4.786726093E-01  1.500371794E+00  2.551808384E+00
 -1.574637155E+00 -5.309364433E-01  1.509974222E+00  2.517600888E+00
 -1.569607643E+00 -5.827113645E-01  1.519740366E+00  2.483940992E+00
 -1.562926923E+00 -6.339480259E-01  1.529663425E+00  2.450854040E+00
 -1.554635350E+00 -6.845997654E-01  1.539736125E+00  2.418362871E+00
 -1.544773943E+00 -7.346225483E-01  1.549950705E+00  2.386487942E+00
 -1.533384244E+00 -7.839749030E-01  1.560298898E+00  2.355247440E+00
 -1.520508179E+00 -8.326178501E-01  1.570771916E+00  2.324657410E+00
 -1.506187923E+00 -8.805148269E-01  1.581360441E+00  2.294731875E+00
 -1.490465791E+00 -9.276316074E-01  1.592054607E+00  2.265482954E+00
 -1.473384120E+00 -9.739362193E-01  1.602843989E+00  2.236920987E+00
 -1.454985172E+00 -1.019398858E+00  1.613717597E+00  2.209054651E+00
 -1.435311045E+00 -1.063991798E+00  1.624663869E+00  2.181891079E+00
 -1.414403588E+00 -1.107689304E+00  1.635670661E+00  2.155435971E+00
 -1.392304326E+00 -1.150467544E+00  1.646725250E+00  2.129693705E+00
 -1.369054396E+00 -1.192304494E+00  1.657814331E+00  2.104667449E+00
 -1.344694491E+00 -1.233179851E+00  1.668924021E+00  2.080359257E+00
 -1.319264802E+00 -1.273074945E+00  1.680039864E+00  2.056770171E+00
 -1.292804979E+00 -1.311972649E+00  1.691146844E+00  2.033900320E+00
 -1.265354094E+00 -1.349857293E+00  1.702229395E+00  2.011749004E+00
 -1.236950603E+00 -1.386714581E+00  1.713271418E+00  1.990314786E+00
 -1.207632327E+00 -1.422531504E+00  1.724256307E+00  1.969595572E+00
 -1.177436429E+00 -1.457296264E+00  1.735166970E+00  1.949588686E+00
 -1.146399395E+00 -1.490998191E+00  1.745985859E+00  1.930290951E+00
 -1.114557028E+00 -1.523627671E+00  1.756695008E+00  1.911698750E+00
 -1.081944440E+00 -1.555176071E+00  1.767276069E+00  1.893808097E+00
 -1.048596045E+00 -1.585635666E+00  1.777710356E+00  1.876614693E+00
 -1.014545567E+00 -1.614999575E+00  1.787978898E+00  1.860113991E+00
 -9.798260391E-01 -1.643261694E+00  1.798062484E+00  1.844301242E+00
 -9.444698120E-01 -1.670416634E+00  1.807941728E+00  1.829171548E+00
 -9.085085657E-01 -1.696459660E+00  1.817597129E+00  1.814719908E+00
 -8.719733214E-01 -1.721386635E+00  1.827009134E+00  1.800941264E+00
 -8.348944567E-01 -1.745193970E+00  1.836158215E+00  1.787830536E+00
 -7.973017232E-01 -1.767878567E+00  1.845024937E+00  1.775382664E+00
 -7.592242656E-01 -1.789437774E+00  1.853590036E+00  1.763592637E+00
 -7.206906430E-01 -1.809869339E+00  1.861834503E+00  1.752455532E+00
 -6.817288516E-01 -1.829171368E+00  1.869739662E+00  1.741966535E+00
 -6.423663483E-01 -1.847342283E+00  1.877287255E+00  1.732120972E+00
 -6.026300769E-01 -1.864380786E+00  1.884459529E+00  1.722914333E+00
 -5.625464937E-01 -1.880285823E+00  1.891239318E+00  1.714342294E+00
 -5.221415958E-01 -1.895056553E+00  1.897610133E+00  1.706400736E+00
 -4.814409490E-01 -1.908692316E+00  1.903556241E+00  1.699085765E+00
 -4.404697171E-01 -1.921192607E+00  1.909062752E+00  1.692393728E+00
 -3.992526921E-01 -1.932557049E+00  1.914115696E+00  1.686321227E+00
 -3.578143244E-01 -1.942785372E+00  1.918702101E+00  1.680865135E+00
 -3.161787542E-01 -1.951877391E+00  1.922810066E+00  1.676022604E+00
 -2.743698426E-01 -1.959832987E+00  1.926428827E+00  1.671791077E+00
 -2.324112039E-01 -1.966652091E+00  1.929548823E+00  1.668168300E+00
 -1.903262380E-01 -1.972334671E+00  1.932161747E+00  1.665152323E+00
 -1.481381625E-01 -1.976880719E+00  1.934260599E+00  1.662741516E+00
 -1.058700457E-01 -1.980290240E+00  1.935839730E+00  1.660934564E+00
 -6.354483979E-02 -1.982563245E+00  1.936894868E+00  1.659730480E+00
 -2.118541366E-02 -1.983699745E+00  1.937423155E+00  1.659128604E+00
  2.118541366E-02 -1.983699745E+00  1.937423155E+00  1.659128604E+00
  6.354483979E-02 -1.982563245E+00  1.936894868E+00  1.659730480E+00
  1.058700457E-01 -1.980290240E+00  1.935839730E+00  1.660934564E+00
  1.481381625E-01 -1.976880719E+00  1.934260599E+00  1.662741516E+00
  1.903262380E-01 -1.972334671E+00  1.932161747E+00  1.665152323E+00
  2.324112039E-01 -1.966652091E+00  1.929548823E+00  1.668168300E+00
  2.743698426E-01 -1.959832987E+00  1.926428827E+00  1.671791077E+00
  3.161787542E-01 -1.951877391E+00  1.922810066E+00  1.676022604E+00
  3.578143244E-01 -1.942785372E+00  1.918702101E+00  1.680865135E+00
  3.992526921E-01 -1.932557049E+00  1.914115696E+00  1.686321227E+00
  4.404697171E-01 -1.921192607E+00  1.909062752E+00  1.692393728E+00
  4.814409490E-01 -1.908692316E+00  1.903556241E+00  1.699085765E+00
  5.221415958E-01 -1.895056553E+00  1.897610133E+00  1.706400736E+00
  5.625464937E-01 -1.880285823E+00  1.891239318E+00  1.714342294E+00
  6.026300769E-01 -1.864380786E+00  1.884459529E+00  1.722914333E+00
  6.423663483E-01 -1.847342283E+00  1.877287255E+00  1.732120972E+00
  6.817288516E-01 -1.829171368E+00  1.869739662E+00  1.741966535E+00
  7.206906430E-01 -1.809869339E+00  1.861834503E+00  1.752455532E+00
  7.592242656E-01 -1.789437774E+00  1.853590036E+00  1.763592637E+00
  7.973017232E-01 -1.767878567E+00  1.845024937E+00  1.775382664E+00
  8.348944567E-01 -1.745193970E+00  1.836158215E+00  1.787830536E+00
  8.719733214E-01 -1.721386635E+00  1.827009134E+00  1.800941264E+00
  9.085085657E-01 -1.696459660E+00  1.817597129E+00  1.814719908E+00
  9.444698120E-01 -1.670416634E+00  1.807941728E+00  1.829171548E+00
  9.798260391E-01 -1.643261694E+00  1.798062484E+00  1.844301242E+00
  1.014545567E+00 -1.614999575E+00  1.787978898E+00  1.860113991E+00
  1.048596045E+00 -1.585635666E+00  1.777710356E+00  1.876614693E+00
  1.081944440E+00 -1.555176071E+00  1.767276069E+00  1.893808097E+00
  1.114557028E+00 -1.523627671E+00  1.756695008E+00  1.911698750E+00
  1.146399395E+00 -1.490998191E+00  1.745985859E+00  1.930290951E+00
  1.177436429E+00 -1.457296264E+00  1.735166970E+00  1.949588686E+00
  1.207632327E+00 -1.422531504E+00  1.724256307E+00  1.969595572E+00
  1.236950603E+00 -1.386714581E+00  1.713271418E+00  1.990314786E+00
  1.265354094E+00 -1.349857293E+00  1.702229395E+00  2.011749004E+00
  1.292804979E+00 -1.311972649E+00  1.691146844E+00  2.033900320E+00
  1.319264802E+00 -1.273074945E+00  1.680039864E+00  2.056770171E+00
  1.344694491E+00 -1.233179851E+00  1.668924021E+00  2.080359257E+00
  1.369054396E+00 -1.192304494E+00  1.657814331E+00  2.104667449E+00
  1.392304326E+00 -1.150467544E+00  1.646725250E+00  2.129693705E+00
  1.414403588E+00 -1.107689304E+00  1.635670661E+00  2.155435971E+00
  1.435311045E+00 -1.063991798E+00  1.624663869E+00  2.181891079E+00
  1.454985172E+00 -1.019398858E+00  1.613717597E+00  2.209054651E+00
  1.473384120E+00 -9.739362193E-01  1.602843989E+00  2.236920987E+00
  1.490465791E+00 -9.276316074E-01  1.592054607E+00  2.265482954E+00
  1.506187923E+00 -8.805148269E-01  1.581360441E+00  2.294731875E+00
  1.520508179E+00 -8.326178501E-01  1.570771916E+00  2.324657410E+00
  1.533384244E+00 -7.839749030E-01  1.560298898E+00  2.355247440E+00
  1.544773943E+00 -7.346225483E-01  1.549950705E+00  2.386487942E+00
  1.554635350E+00 -6.845997654E-01  1.539736125E+00  2.418362871E+00
  1.562926923E+00 -6.339480259E-01  1.529663425E+00  2.450854040E+00
  1.569607643E+00 -5.827113645E-01  1.519740366E+00  2.483940992E+00
  1.574637155E+00 -5.309364433E-01  1.509974222E+00  2.517600888E+00
  1.577975937E+00 -4.786726093E-01  1.500371794E+00  2.551808384E+00
  1.579585459E+00 -4.259719441E-01  1.490939430E+00  2.586535525E+00
  1.579428367E+00 -3.728893039E-01  1.481683040E+00  2.621751630E+00
  1.577468666E+00 -3.194823500E-01  1.472608116E+00  2.657423196E+00
  1.573671920E+00 -2.658115670E-01  1.463719750E+00  2.693513804E+00
  1.568005454E+00 -2.119402695E-01  1.455022654E+00  2.729984037E+00
  1.560438566E+00 -1.579345936E-01  1.446521174E+00  2.766791408E+00
  1.550942750E+00 -1.038634749E-01  1.438219315E+00  2.803890300E+00
  1.539491919E+00 -4.979860948E-02  1.430120753E+00  2.841231928E+00
  1.526062637E+00  4.185602058E-03  1.422228856E+00  2.878764309E+00
  1.510634352E+00  5.801212907E-02  1.414546703E+00  2.916432258E+00
  1.493189637E+00  1.116014045E-01  1.407077097E+00  2.954177400E+00
  1.473714423E+00  1.648714389E-01  1.399822587E+00  2.991938209E+00
  1.452198240E+00  2.177379555E-01  1.392785479E+00  3.029650066E+00
  1.428634450E+00  2.701145472E-01  1.385967857E+00  3.067245349E+00
  1.403020478E+00  3.219128557E-01  1.379371593E+00  3.104653549E+00
  1.375358036E+00  3.730427733E-01  1.372998368E+00  3.141801409E+00
  1.345653335E+00  4.234126677E-01  1.366849680E+00  3.178613103E+00
  1.313917292E+00  4.729296291E-01  1.360926863E+00  3.215010438E+00
  1.280165713E+00  5.214997408E-01  1.355231096E+00  3.250913090E+00
  1.244419477E+00  5.690283698E-01  1.349763419E+00  3.286238874E+00
  1.206704680E+00  6.154204806E-01  1.344524741E+00  3.320904042E+00
  1.167052776E+00  6.605809673E-01  1.339515856E+00  3.354823613E+00
  1.125500684E+00  7.044150045E-01  1.334737449E+00  3.387911729E+00
  1.082090876E+00  7.468284156E-01  1.330190110E+00  3.420082049E+00
  1.036871429E+00  7.877280550E-01  1.325874343E+00  3.451248159E+00
  9.898960557E-01  8.270222030E-01  1.321790572E+00  3.481324007E+00
  9.412240978E-01  8.646209708E-01  1.317939153E+00  3.510224363E+00
  8.909204872E-01  9.004367115E-01  1.314320380E+00  3.537865292E+00
  8.390556727E-01  9.343844358E-01  1.310934495E+00  3.564164640E+00
  7.857055107E-01  9.663822281E-01  1.307781692E+00  3.589042533E+00
  7.309511195E-01  9.963516587E-01  1.304862123E+00  3.612421867E+00
  6.748786968E-01  1.024218191E+00  1.302175909E+00  3.634228817E+00
  6.175793007E-01  1.049911575E+00  1.299723139E+00  3.654393316E+00
  5.591485944E-01  1.073366232E+00  1.297503879E+00  3.672849540E+00
  4.996865563E-01  1.094521617E+00  1.295518175E+00  3.689536368E+00
  4.392971562E-01  1.113322560E+00  1.293766058E+00  3.704397812E+00
  3.780879999E-01  1.129719585E+00  1.292247547E+00  3.717383435E+00
  3.161699442E-01  1.143669195E+00  1.290962653E+00  3.728448715E+00
  2.536566852E-01  1.155134135E+00  1.289911378E+00  3.737555385E+00
  1.906643231E-01  1.164083607E+00  1.289093723E+00  3.744671725E+00
  1.273109065E-01  1.170493465E+00  1.288509687E+00  3.749772802E+00
  6.371596012E-02  1.174346352E+00  1.288159266E+00  3.752840667E+00
  2.372739977E-16  1.175631811E+00  1.288042459E+00  3.753864495E+00
 -2.320445216E-16  1.140750153E+00  1.269029511E+00  3.590218956E+00
 -6.231185915E-02  1.139497673E+00  1.269142895E+00  3.589261338E+00
 -1.245064930E-01  1.135743592E+00  1.269483044E+00  3.586391815E+00
 -1.864671510E-01  1.129497961E+00  1.270049956E+00  3.581620361E+00
 -2.480780278E-01  1.120777469E+00  1.270843623E+00  3.574963507E+00
 -3.092247264E-01  1.109605338E+00  1.271864035E+00  3.566444224E+00
 -3.697947083E-01  1.096011185E+00  1.273111175E+00  3.556091741E+00
 -4.296777288E-01  1.080030848E+00  1.274585019E+00  3.543941325E+00
 -4.887662535E-01  1.061706173E+00  1.276285534E+00  3.530034018E+00
 -5.469558517E-01  1.041084772E+00  1.278212674E+00  3.514416335E+00
 -6.041455649E-01  1.018219750E+00  1.280366378E+00  3.497139917E+00
 -6.602382483E-01  9.931694009E-01  1.282746567E+00  3.478261171E+00
 -7.151408816E-01  9.659968886E-01  1.285353139E+00  3.457840865E+00
 -7.687648483E-01  9.367698964E-01  1.288185965E+00  3.435943714E+00
 -8.210261822E-01  9.055602676E-01  1.291244883E+00  3.412637943E+00
 -8.718457799E-01  8.724436279E-01  1.294529695E+00  3.387994840E+00
 -9.211495782E-01  8.374989997E-01  1.298040162E+00  3.362088303E+00
 -9.688686974E-01  8.008084089E-01  1.301775992E+00  3.334994384E+00
 -1.014939550E+00  7.624564881E-01  1.305736841E+00  3.306790837E+00
 -1.059303915E+00  7.225300807E-01  1.309922301E+00  3.277556671E+00
 -1.101908979E+00  6.811178480E-01  1.314331892E+00  3.247371715E+00
 -1.142707347E+00  6.383098816E-01  1.318965056E+00  3.216316202E+00
 -1.181657019E+00  5.941973257E-01  1.323821150E+00  3.184470360E+00
 -1.218721345E+00  5.488720102E-01  1.328899430E+00  3.151914038E+00
 -1.253868944E+00  5.024260974E-01  1.334199049E+00  3.118726341E+00
 -1.287073606E+00  4.549517443E-01  1.339719040E+00  3.084985304E+00
 -1.318314166E+00  4.065407824E-01  1.345458311E+00  3.050767579E+00
 -1.347574362E+00  3.572844150E-01  1.351415630E+00  3.016148160E+00
 -1.374842674E+00  3.072729357E-01  1.357589613E+00  2.981200132E+00
 -1.400112143E+00  2.565954665E-01  1.363978713E+00  2.945994449E+00
 -1.423380181E+00  2.053397169E-01  1.370581206E+00  2.910599740E+00
 -1.444648372E+00  1.535917650E-01  1.377395177E+00  2.875082143E+00
 -1.463922256E+00  1.014358601E-01  1.384418509E+00  2.839505169E+00
 -1.481211114E+00  4.895424647E-02  1.391648862E+00  2.803929592E+00
 -1.496527744E+00 -3.772991339E-03  1.399083667E+00  2.768413358E+00
 -1.509888238E+00 -5.666806269E-02  1.406720100E+00  2.733011526E+00
 -1.521311751E+00 -1.096555847E-01  1.414555076E+00  2.697776230E+00
 -1.530820276E+00 -1.626626770E-01  1.422585225E+00  2.662756659E+00
 -1.538438421E+00 -2.156190372E-01  1.430806880E+00  2.627999056E+00
 -1.544193188E+00 -2.684570000E-01  1.439216060E+00  2.593546740E+00
 -1.548113753E+00 -3.211115782E-01  1.447808448E+00  2.559440137E+00
 -1.550231259E+00 -3.735204891E-01  1.456579381E+00  2.525716834E+00
 -1.550578608E+00 -4.256241664E-01  1.465523825E+00  2.492411633E+00
 -1.549190266E+00 -4.773657581E-01  1.474636366E+00  2.459556631E+00
 -1.546102070E+00 -5.286911127E-01  1.483911186E+00  2.427181296E+00
 -1.541351051E+00 -5.795487541E-01  1.493342048E+00  2.395312558E+00
 -1.534975259E+00 -6.298898460E-01  1.502922282E+00  2.363974908E+00
 -1.527013599E+00 -6.796681483E-01  1.512644765E+00  2.333190496E+00
 -1.517505677E+00 -7.288399643E-01  1.522501909E+00  2.302979240E+00
 -1.506491658E+00 -7.773640818E-01  1.532485645E+00  2.273358929E+00
 -1.494012126E+00 -8.252017078E-01  1.542587407E+00  2.244345340E+00
 -1.480107962E+00 -8.723163981E-01  1.552798124E+00  2.215952343E+00
 -1.464820225E+00 -9.186739827E-01  1.563108206E+00  2.188192015E+00
 -1.448190043E+00 -9.642424875E-01  1.573507533E+00  2.161074750E+00
 -1.430258519E+00 -1.008992053E+00  1.583985449E+00  2.134609372E+00
 -1.411066635E+00 -1.052894854E+00  1.594530757E+00  2.108803233E+00
 -1.390655175E+00 -1.095925008E+00  1.605131711E+00  2.083662330E+00
 -1.369064648E+00 -1.138058499E+00  1.615776019E+00  2.059191396E+00
 -1.346335223E+00 -1.179273085E+00  1.626450840E+00  2.035394010E+00
 -1.322506672E+00 -1.219548215E+00  1.637142792E+00  2.012272685E+00
 -1.297618315E+00 -1.258864943E+00  1.647837953E+00  1.989828962E+00
 -1.271708978E+00 -1.297205845E+00  1.658521876E+00  1.968063501E+00
 -1.244816954E+00 -1.334554933E+00  1.669179603E+00  1.946976167E+00
 -1.216979967E+00 -1.370897576E+00  1.679795677E+00  1.926566105E+00
 -1.188235152E+00 -1.406220419E+00  1.690354168E+00  1.906831822E+00
 -1.158619024E+00 -1.440511307E+00  1.700838696E+00  1.887771259E+00
 -1.128167470E+00 -1.473759205E+00  1.711232459E+00  1.869381861E+00
 -1.096915729E+00 -1.505954128E+00  1.721518269E+00  1.851660639E+00
 -1.064898391E+00 -1.537087070E+00  1.731678589E+00  1.834604236E+00
 -1.032149386E+00 -1.567149932E+00  1.741695572E+00  1.818208983E+00
 -9.987019895E-01 -1.596135460E+00  1.751551112E+00  1.802470950E+00
 -9.645888197E-01 -1.624037180E+00  1.761226892E+00  1.787386004E+00
 -9.298418482E-01 -1.650849336E+00  1.770704438E+00  1.772949850E+00
 -8.944924063E-01 -1.676566834E+00  1.779965180E+00  1.759158078E+00
 -8.585711967E-01 -1.701185186E+00  1.788990517E+00  1.746006206E+00
 -8.221083072E-01 -1.724700458E+00  1.797761875E+00  1.733489713E+00
 -7.851332270E-01 -1.747109218E+00  1.806260787E+00  1.721604081E+00
 -7.476748639E-01 -1.768408490E+00  1.814468960E+00  1.710344823E+00
 -7.097615645E-01 -1.788595713E+00  1.822368349E+00  1.699707515E+00
 -6.714211347E-01 -1.807668692E+00  1.829941240E+00  1.689687823E+00
 -6.326808632E-01 -1.825625564E+00  1.837170322E+00  1.680281532E+00
 -5.935675448E-01 -1.842464759E+00  1.844038773E+00  1.671484565E+00
 -5.541075057E-01 -1.858184967E+00  1.850530334E+00  1.663293005E+00
 -5.143266298E-01 -1.872785105E+00  1.856629394E+00  1.655703120E+00
 -4.742503857E-01 -1.886264285E+00  1.862321067E+00  1.648711374E+00
 -4.339038546E-01 -1.898621792E+00  1.867591265E+00  1.642314445E+00
 -3.933117591E-01 -1.909857057E+00  1.872426781E+00  1.636509243E+00
 -3.524984922E-01 -1.919969630E+00  1.876815351E+00  1.631292918E+00
 -3.114881474E-01 -1.928959168E+00  1.880745730E+00  1.626662876E+00
 -2.703045489E-01 -1.936825407E+00  1.884207749E+00  1.622616783E+00
 -2.289712826E-01 -1.943568155E+00  1.887192377E+00  1.619152582E+00
 -1.875117268E-01 -1.949187271E+00  1.889691770E+00  1.616268494E+00
 -1.459490841E-01 -1.953682655E+00  1.891699321E+00  1.613963027E+00
 -1.043064127E-01 -1.957054242E+00  1.893209695E+00  1.612234983E+00
 -6.260665826E-02 -1.959301988E+00  1.894218862E+00  1.611083456E+00
 -2.087268625E-02 -1.960425866E+00  1.894724122E+00  1.610507844E+00
  2.087268625E-02 -1.960425866E+00  1.894724122E+00  1.610507844E+00
  6.260665826E-02 -1.959301988E+00  1.894218862E+00  1.611083456E+00
  1.043064127E-01 -1.957054242E+00  1.893209695E+00  1.612234983E+00
  1.459490841E-01 -1.953682655E+00  1.891699321E+00  1.613963027E+00
  1.875117268E-01 -1.949187271E+00  1.889691770E+00  1.616268494E+00
  2.289712826E-01 -1.943568155E+00  1.887192377E+00  1.619152582E+00
  2.703045489E-01 -1.936825407E+00  1.884207749E+00  1.622616783E+00
  3.114881474E-01 -1.928959168E+00  1.880745730E+00  1.626662876E+00
  3.524984922E-01 -1.919969630E+00  1.876815351E+00  1.631292918E+00
  3.933117591E-01 -1.909857057E+00  1.872426781E+00  1.636509243E+00
  4.339038546E-01 -1.898621792E+00  1.867591265E+00  1.642314445E+00
  4.742503857E-01 -1.886264285E+00  1.862321067E+00  1.648711374E+00
  5.143266298E-01 -1.872785105E+00  1.856629394E+00  1.655703120E+00
  5.541075057E-01 -1.858184967E+00  1.850530334E+00  1.663293005E+00
  5.935675448E-01 -1.842464759E+00  1.844038773E+00  1.671484565E+00
  6.326808632E-01 -1.825625564E+00  1.837170322E+00  1.680281532E+00
  6.714211347E-01 -1.807668692E+00  1.829941240E+00  1.689687823E+00
  7.097615645E-01 -1.788595713E+00  1.822368349E+00  1.699707515E+00
  7.476748639E-01 -1.768408490E+00  1.814468960E+00  1.710344823E+00
  7.851332270E-01 -1.747109218E+00  1.806260787E+00  1.721604081E+00
  8.221083072E-01 -1.724700458E+00  1.797761875E+00  1.733489713E+00
  8.585711967E-01 -1.701185186E+00  1.788990517E+00  1.746006206E+00
  8.944924063E-01 -1.676566834E+00  1.779965180E+00  1.759158078E+00
  9.298418482E-01 -1.650849336E+00  1.770704438E+00  1.772949850E+00
  9.645888197E-01 -1.624037180E+00  1.761226892E+00  1.787386004E+00
  9.987019895E-01 -1.596135460E+00  1.751551112E+00  1.802470950E+00
  1.032149386E+00 -1.567149932E+00  1.741695572E+00  1.818208983E+00
  1.064898391E+00 -1.537087070E+00  1.731678589E+00  1.834604236E+00
  1.096915729E+00 -1.505954128E+00  1.721518269E+00  1.851660639E+00
  1.128167470E+00 -1.473759205E+00  1.711232459E+00  1.869381861E+00
  1.158619024E+00 -1.440511307E+00  1.700838696E+00  1.887771259E+00
  1.188235152E+00 -1.406220419E+00  1.690354168E+00  1.906831822E+00
  1.216979967E+00 -1.370897576E+00  1.679795677E+00  1.926566105E+00
  1.244816954E+00 -1.334554933E+00  1.669179603E+00  1.946976167E+00
  1.271708978E+00 -1.297205845E+00  1.658521876E+00  1.968063501E+00
  1.297618315E+00 -1.258864943E+00  1.647837953E+00  1.989828962E+00
  1.322506672E+00 -1.219548215E+00  1.637142792E+00  2.012272685E+00
  1.346335223E+00 -1.179273085E+00  1.626450840E+00  2.035394010E+00
  1.369064648E+00 -1.138058499E+00  1.615776019E+00  2.059191396E+00
  1.390655175E+00 -1.095925008E+00  1.605131711E+00  2.083662330E+00
  1.411066635E+00 -1.052894854E+00  1.594530757E+00  2.108803233E+00
  1.430258519E+00 -1.008992053E+00  1.583985449E+00  2.134609372E+00
  1.448190043E+00 -9.642424875E-01  1.573507533E+00  2.161074750E+00
  1.464820225E+00 -9.186739827E-01  1.563108206E+00  2.188192015E+00
  1.480107962E+00 -8.723163981E-01  1.552798124E+00  2.215952343E+00
  1.494012126E+00 -8.252017078E-01  1.542587407E+00  2.244345340E+00
  1.506491658E+00 -7.773640818E-01  1.532485645E+00  2.273358929E+00
  1.517505677E+00 -7.288399643E-01  1.522501909E+00  2.302979240E+00
  1.527013599E+00 -6.796681483E-01  1.512644765E+00  2.333190496E+00
  1.534975259E+00 -6.298898460E-01  1.502922282E+00  2.363974908E+00
  1.541351051E+00 -5.795487541E-01  1.493342048E+00  2.395312558E+00
  1.546102070E+00 -5.286911127E-01  1.483911186E+00  2.427181296E+00
  1.549190266E+00 -4.773657581E-01  1.474636366E+00  2.459556631E+00
  1.550578608E+00 -4.256241664E-01  1.465523825E+00  2.492411633E+00
  1.550231259E+00 -3.735204891E-01  1.456579381E+00  2.525716834E+00
  1.548113753E+00 -3.211115782E-01  1.447808448E+00  2.559440137E+00
  1.544193188E+00 -2.684570000E-01  1.439216060E+00  2.593546740E+00
  1.538438421E+00 -2.156190372E-01  1.430806880E+00  2.627999056E+00
  1.530820276E+00 -1.626626770E-01  1.422585225E+00  2.662756659E+00
  1.521311751E+00 -1.096555847E-01  1.414555076E+00  2.697776230E+00
  1.509888238E+00 -5.666806269E-02  1.406720100E+00  2.733011526E+00
  1.496527744E+00 -3.772991339E-03  1.399083667E+00  2.768413358E+00
  1.481211114E+00  4.895424647E-02  1.391648862E+00  2.803929592E+00
  1.463922256E+00  1.014358601E-01  1.384418509E+00  2.839505169E+00
  1.444648372E+00  1.535917650E-01  1.377395177E+00  2.875082143E+00
  1.423380181E+00  2.053397169E-01  1.370581206E+00  2.910599740E+00
  1.400112143E+00  2.565954665E-01  1.363978713E+00  2.945994449E+00
  1.374842674E+00  3.072729357E-01  1.357589613E+00  2.981200132E+00
  1.347574362E+00  3.572844150E-01  1.351415630E+00  3.016148160E+00
  1.318314166E+00  4.065407824E-01  1.345458311E+00  3.050767579E+00
  1.287073606E+00  4.549517443E-01  1.339719040E+00  3.084985304E+00
  1.253868944E+00  5.024260974E-01  1.334199049E+00  3.118726341E+00
  1.218721345E+00  5.488720102E-01  1.328899430E+00  3.151914038E+00
  1.181657019E+00  5.941973257E-01  1.323821150E+00  3.184470360E+00
  1.142707347E+00  6.383098816E-01  1.318965056E+00  3.216316202E+00
  1.101908979E+00  6.811178480E-01  1.314331892E+00  3.247371715E+00
  1.059303915E+00  7.225300807E-01  1.309922301E+00  3.277556671E+00
  1.014939550E+00  7.624564881E-01  1.305736841E+00  3.306790837E+00
  9.688686974E-01  8.008084089E-01  1.301775992E+00  3.334994384E+00
  9.211495782E-01  8.374989997E-01  1.298040162E+00  3.362088303E+00
  8.718457799E-01  8.724436279E-01  1.294529695E+00  3.387994840E+00
  8.210261822E-01  9.055602676E-01  1.291244883E+00  3.412637943E+00
  7.687648483E-01  9.367698964E-01  1.288185965E+00  3.435943714E+00
  7.151408816E-01  9.659968886E-01  1.285353139E+00  3.457840865E+00
  6.602382483E-01  9.931694009E-01  1.282746567E+00  3.478261171E+00
  6.041455649E-01  1.018219750E+00  1.280366378E+00  3.497139917E+00
  5.469558517E-01  1.041084772E+00  1.278212674E+00  3.514416335E+00
  4.887662535E-01  1.061706173E+00  1.276285534E+00  3.530034018E+00
  4.296777288E-01  1.080030848E+00  1.274585019E+00  3.543941325E+00
  3.697947083E-01  1.096011185E+00  1.273111175E+00  3.556091741E+00
  3.092247264E-01  1.109605338E+00  1.271864035E+00  3.566444224E+00
  2.480780278E-01  1.120777469E+00  1.270843623E+00  3.574963507E+00
  1.864671510E-01  1.129497961E+00  1.270049956E+00  3.581620361E+00
  1.245064930E-01  1.135743592E+00  1.269483044E+00  3.586391815E+00
  6.231185915E-02  1.139497673E+00  1.269142895E+00  3.589261338E+00
  2.320445216E-16  1.140750153E+00  1.269029511E+00  3.590218956E+00
 -2.269627327E-16  1.106729018E+00  1.250280397E+00  3.434688850E+00
 -6.094740372E-02  1.105508402E+00  1.250390455E+00  3.433792776E+00
 -1.217812152E-01  1.101849784E+00  1.250720626E+00  3.431107624E+00
 -1.823882953E-01  1.095762834E+00  1.251270900E+00  3.426642586E+00
 -2.426564066E-01  1.087263603E+00  1.252041264E+00  3.420412900E+00
 -3.024746559E-01  1.076374433E+00  1.253031693E+00  3.412439741E+00
 -3.617339236E-01  1.063123818E+00  1.254242156E+00  3.402750059E+00
 -4.203272804E-01  1.047546247E+00  1.255672611E+00  3.391376378E+00
 -4.781503844E-01  1.029681995E+00  1.257323003E+00  3.378356556E+00
 -5.351018587E-01  1.009576898E+00  1.259193261E+00  3.363733510E+00
 -5.910836440E-01  9.872820913E-01  1.261283296E+00  3.347554908E+00
 -6.460013263E-01  9.628537270E-01  1.263593000E+00  3.329872832E+00
 -6.997644355E-01  9.363526625E-01  1.266122235E+00  3.310743416E+00
 -7.522867149E-01  9.078441345E-01  1.268870837E+00  3.290226467E+00
 -8.034863588E-01  8.773974145E-01  1.271838606E+00  3.268385065E+00
 -8.532862187E-01  8.450854503E-01  1.275025303E+00  3.245285159E+00
 -9.016139763E-01  8.109844988E-01  1.278430644E+00  3.220995152E+00
 -9.484022838E-01  7.751737516E-01  1.282054295E+00  3.195585483E+00
 -9.935888715E-01  7.377349566E-01  1.285895864E+00  3.169128215E+00
 -1.037116623E+00  6.987520402E-01  1.289954894E+00  3.141696623E+00
 -1.078933619E+00  6.583107315E-01  1.294230858E+00  3.113364800E+00
 -1.118993151E+00  6.164981922E-01  1.298723147E+00  3.084207266E+00
 -1.157253706E+00  5.734026543E-01  1.303431067E+00  3.054298603E+00
 -1.193678924E+00  5.291130685E-01  1.308353825E+00  3.023713098E+00
 -1.228237528E+00  4.837187645E-01  1.313490523E+00  2.992524415E+00
 -1.260903233E+00  4.373091266E-01  1.318840146E+00  2.960805286E+00
 -1.291654631E+00  3.899732846E-01  1.324401552E+00  2.928627226E+00
 -1.320475058E+00  3.417998221E-01  1.330173463E+00  2.896060273E+00
 -1.347352444E+00  2.928765037E-01  1.336154451E+00  2.863172755E+00
 -1.372279142E+00  2.432900211E-01  1.342342927E+00  2.830031078E+00
 -1.395251756E+00  1.931257591E-01  1.348737129E+00  2.796699550E+00
 -1.416270941E+00  1.424675825E-01  1.355335109E+00  2.763240217E+00
 -1.435341212E+00  9.139764199E-02  1.362134718E+00  2.729712736E+00
 -1.452470731E+00  3.999620243E-02  1.369133595E+00  2.696174268E+00
 -1.467671101E+00 -1.165851049E-02  1.376329151E+00  2.662679388E+00
 -1.480957146E+00 -6.349044292E-02  1.383718552E+00  2.629280029E+00
 -1.492346700E+00 -1.154258265E-01  1.391298710E+00  2.596025436E+00
 -1.501860386E+00 -1.673932734E-01  1.399066261E+00  2.562962148E+00
 -1.509521405E+00 -2.193238538E-01  1.407017554E+00  2.530133991E+00
 -1.515355322E+00 -2.711511559E-01  1.415148633E+00  2.497582091E+00
 -1.519389859E+00 -3.228113308E-01  1.423455221E+00  2.465344901E+00
 -1.521654693E+00 -3.742431213E-01  1.431932704E+00  2.433458245E+00
 -1.522181256E+00 -4.253878772E-01  1.440576115E+00  2.401955364E+00
 -1.521002545E+00 -4.761895580E-01  1.449380118E+00  2.370866987E+00
 -1.518152944E+00 -5.265947227E-01  1.458338991E+00  2.340221395E+00
 -1.513668040E+00 -5.765525095E-01  1.467446613E+00  2.310044507E+00
 -1.507584461E+00 -6.260146055E-01  1.476696445E+00  2.280359964E+00
 -1.499939718E+00 -6.749352070E-01  1.486081516E+00  2.251189218E+00
 -1.490772052E+00 -7.232709723E-01  1.495594413E+00  2.222551631E+00
 -1.480120293E+00 -7.709809682E-01  1.505227261E+00  2.194464568E+00
 -1.468023728E+00 -8.180266088E-01  1.514971716E+00  2.166943503E+00
 -1.454521980E+00 -8.643715911E-01  1.524818951E+00  2.140002117E+00
 -1.439654890E+00 -9.099818246E-01  1.534759645E+00  2.113652399E+00
 -1.423462413E+00 -9.548253583E-01  1.544783978E+00  2.087904751E+00
 -1.405984519E+00 -9.988723045E-01  1.554881621E+00  2.062768083E+00
 -1.387261106E+00 -1.042094760E+00  1.565041731E+00  2.038249917E+00
 -1.367331917E+00 -1.084466726E+00  1.575252950E+00  2.014356482E+00
 -1.346236467E+00 -1.125964029E+00  1.585503404E+00  1.991092808E+00
 -1.324013978E+00 -1.166564235E+00  1.595780701E+00  1.968462820E+00
 -1.300703320E+00 -1.206246570E+00  1.606071940E+00  1.946469424E+00
 -1.276342958E+00 -1.244991841E+00  1.616363717E+00  1.925114598E+00
 -1.250970907E+00 -1.282782351E+00  1.626642132E+00  1.904399469E+00
 -1.224624694E+00 -1.319601820E+00  1.636892810E+00  1.884324397E+00
 -1.197341322E+00 -1.355435309E+00  1.647100909E+00  1.864889046E+00
 -1.169157245E+00 -1.390269142E+00  1.657251147E+00  1.846092463E+00
 -1.140108342E+00 -1.424090828E+00  1.667327824E+00  1.827933140E+00
 -1.110229903E+00 -1.456888993E+00  1.677314852E+00  1.810409081E+00
 -1.079556609E+00 -1.488653303E+00  1.687195785E+00  1.793517866E+00
 -1.048122529E+00 -1.519374401E+00  1.696953855E+00  1.777256708E+00
 -1.015961111E+00 -1.549043836E+00  1.706572017E+00  1.761622506E+00
 -9.831051815E-01 -1.577654000E+00  1.716032986E+00  1.746611898E+00
 -9.495869457E-01 -1.605198068E+00  1.725319291E+00  1.732221307E+00
 -9.154379926E-01 -1.631669938E+00  1.734413325E+00  1.718446992E+00
 -8.806893024E-01 -1.657064175E+00  1.743297403E+00  1.705285083E+00
 -8.453712562E-01 -1.681375954E+00  1.751953816E+00  1.692731624E+00
 -8.095136482E-01 -1.704601013E+00  1.760364900E+00  1.680782610E+00
 -7.731457002E-01 -1.726735603E+00  1.768513101E+00  1.669434019E+00
 -7.362960780E-01 -1.747776440E+00  1.776381038E+00  1.658681845E+00
 -6.989929093E-01 -1.767720662E+00  1.783951581E+00  1.648522125E+00
 -6.612638041E-01 -1.786565791E+00  1.791207918E+00  1.638950969E+00
 -6.231358753E-01 -1.804309688E+00  1.798133632E+00  1.629964582E+00
 -5.846357618E-01 -1.820950525E+00  1.804712776E+00  1.621559288E+00
 -5.457896519E-01 -1.836486743E+00  1.810929944E+00  1.613731550E+00
 -5.066233087E-01 -1.850917028E+00  1.816770352E+00  1.606477988E+00
 -4.671620951E-01 -1.864240274E+00  1.822219906E+00  1.599795398E+00
 -4.274310012E-01 -1.876455566E+00  1.827265275E+00  1.593680769E+00
 -3.874546713E-01 -1.887562145E+00  1.831893965E+00  1.588131292E+00
 -3.472574322E-01 -1.897559393E+00  1.836094378E+00  1.583144377E+00
 -3.068633217E-01 -1.906446812E+00  1.839855882E+00  1.578717661E+00
 -2.662961178E-01 -1.914224000E+00  1.843168868E+00  1.574849022E+00
 -2.255793683E-01 -1.920890645E+00  1.846024800E+00  1.571536584E+00
 -1.847364208E-01 -1.926446500E+00  1.848416269E+00  1.568778724E+00
 -1.437904530E-01 -1.930891381E+00  1.850337034E+00  1.566574082E+00
 -1.027645031E-01 -1.934225152E+00  1.851782055E+00  1.564921564E+00
 -6.168150102E-02 -1.936447715E+00  1.852747528E+00  1.563820345E+00
 -2.056429864E-02 -1.937559012E+00  1.853230904E+00  1.563269874E+00
  2.056429864E-02 -1.937559012E+00  1.853230904E+00  1.563269874E+00
  6.168150102E-02 -1.936447715E+00  1.852747528E+00  1.563820345E+00
  1.027645031E-01 -1.934225152E+00  1.851782055E+00  1.564921564E+00
  1.437904530E-01 -1.930891381E+00  1.850337034E+00  1.566574082E+00
  1.847364208E-01 -1.926446500E+00  1.848416269E+00  1.568778724E+00
  2.255793683E-01 -1.920890645E+00  1.846024800E+00  1.571536584E+00
  2.662961178E-01 -1.914224000E+00  1.843168868E+00  1.574849022E+00
  3.068633217E-01 -1.906446812E+00  1.839855882E+00  1.578717661E+00
  3.472574322E-01 -1.897559393E+00  1.836094378E+00  1.583144377E+00
  3.874546713E-01 -1.887562145E+00  1.831893965E+00  1.588131292E+00
  4.274310012E-01 -1.876455566E+00  1.827265275E+00  1.593680769E+00
  4.671620951E-01 -1.864240274E+00  1.822219906E+00  1.599795398E+00
  5.066233087E-01 -1.850917028E+00  1.816770352E+00  1.606477988E+00
  5.457896519E-01 -1.836486743E+00  1.810929944E+00  1.613731550E+00
  5.846357618E-01 -1.820950525E+00  1.804712776E+00  1.621559288E+00
  6.231358753E-01 -1.804309688E+00  1.798133632E+00  1.629964582E+00
  6.612638041E-01 -1.786565791E+00  1.791207918E+00  1.638950969E+00
  6.989929093E-01 -1.767720662E+00  1.783951581E+00  1.648522125E+00
  7.362960780E-01 -1.747776440E+00  1.776381038E+00  1.658681845E+00
  7.731457002E-01 -1.726735603E+00  1.768513101E+00  1.669434019E+00
  8.095136482E-01 -1.704601013E+00  1.760364900E+00  1.680782610E+00
  8.453712562E-01 -1.681375954E+00  1.751953816E+00  1.692731624E+00
  8.806893024E-01 -1.657064175E+00  1.743297403E+00  1.705285083E+00
  9.154379926E-01 -1.631669938E+00  1.734413325E+00  1.718446992E+00
  9.495869457E-01 -1.605198068E+00  1.725319291E+00  1.732221307E+00
  9.831051815E-01 -1.577654000E+00  1.716032986E+00  1.746611898E+00
  1.015961111E+00 -1.549043836E+00  1.706572017E+00  1.761622506E+00
  1.048122529E+00 -1.519374401E+00  1.696953855E+00  1.777256708E+00
  1.079556609E+00 -1.488653303E+00  1.687195785E+00  1.793517866E+00
  1.110229903E+00 -1.456888993E+00  1.677314852E+00  1.810409081E+00
  1.140108342E+00 -1.424090828E+00  1.667327824E+00  1.827933140E+00
  1.169157245E+00 -1.390269142E+00  1.657251147E+00  1.846092463E+00
  1.197341322E+00 -1.355435309E+00  1.647100909E+00  1.864889046E+00
  1.224624694E+00 -1.319601820E+00  1.636892810E+00  1.884324397E+00
  1.250970907E+00 -1.282782351E+00  1.626642132E+00  1.904399469E+00
  1.276342958E+00 -1.244991841E+00  1.616363717E+00  1.925114598E+00
  1.300703320E+00 -1.206246570E+00  1.606071940E+00  1.946469424E+00
  1.324013978E+00 -1.166564235E+00  1.595780701E+00  1.968462820E+00
  1.346236467E+00 -1.125964029E+00  1.585503404E+00  1.991092808E+00
  1.367331917E+00 -1.084466726E+00  1.575252950E+00  2.014356482E+00
  1.387261106E+00 -1.042094760E+00  1.565041731E+00  2.038249917E+00
  1.405984519E+00 -9.988723045E-01  1.554881621E+00  2.062768083E+00
  1.423462413E+00 -9.548253583E-01  1.544783978E+00  2.087904751E+00
  1.439654890E+00 -9.099818246E-01  1.534759645E+00  2.113652399E+00
  1.454521980E+00 -8.643715911E-01  1.524818951E+00  2.140002117E+00
  1.468023728E+00 -8.180266088E-01  1.514971716E+00  2.166943503E+00
  1.480120293E+00 -7.709809682E-01  1.505227261E+00  2.194464568E+00
  1.490772052E+00 -7.232709723E-01  1.495594413E+00  2.222551631E+00
  1.499939718E+00 -6.749352070E-01  1.486081516E+00  2.251189218E+00
  1.507584461E+00 -6.260146055E-01  1.476696445E+00  2.280359964E+00
  1.513668040E+00 -5.765525095E-01  1.467446613E+00  2.310044507E+00
  1.518152944E+00 -5.265947227E-01  1.458338991E+00  2.340221395E+00
  1.521002545E+00 -4.761895580E-01  1.449380118E+00  2.370866987E+00
  1.522181256E+00 -4.253878772E-01  1.440576115E+00  2.401955364E+00
  1.521654693E+00 -3.742431213E-01  1.431932704E+00  2.433458245E+00
  1.519389859E+00 -3.228113308E-01  1.423455221E+00  2.465344901E+00
  1.515355322E+00 -2.711511559E-01  1.415148633E+00  2.497582091E+00
  1.509521405E+00 -2.193238538E-01  1.407017554E+00  2.530133991E+00
  1.501860386E+00 -1.673932734E-01  1.399066261E+00  2.562962148E+00
  1.492346700E+00 -1.154258265E-01  1.391298710E+00  2.596025436E+00
  1.480957146E+00 -6.349044292E-02  1.383718552E+00  2.629280029E+00
  1.467671101E+00 -1.165851049E-02  1.376329151E+00  2.662679388E+00
  1.452470731E+00  3.999620243E-02  1.369133595E+00  2.696174268E+00
  1.435341212E+00  9.139764199E-02  1.362134718E+00  2.729712736E+00
  1.416270941E+00  1.424675825E-01  1.355335109E+00  2.763240217E+00
  1.395251756E+00  1.931257591E-01  1.348737129E+00  2.796699550E+00
  1.372279142E+00  2.432900211E-01  1.342342927E+00  2.830031078E+00
  1.347352444E+00  2.928765037E-01  1.336154451E+00  2.863172755E+00
  1.320475058E+00  3.417998221E-01  1.330173463E+00  2.896060273E+00
  1.291654631E+00  3.899732846E-01  1.324401552E+00  2.928627226E+00
  1.260903233E+00  4.373091266E-01  1.318840146E+00  2.960805286E+00
  1.228237528E+00  4.837187645E-01  1.313490523E+00  2.992524415E+00
  1.193678924E+00  5.291130685E-01  1.308353825E+00  3.023713098E+00
  1.157253706E+00  5.734026543E-01  1.303431067E+00  3.054298603E+00
  1.118993151E+00  6.164981922E-01  1.298723147E+00  3.084207266E+00
  1.078933619E+00  6.583107315E-01  1.294230858E+00  3.113364800E+00
  1.037116623E+00  6.987520402E-01  1.289954894E+00  3.141696623E+00
  9.935888715E-01  7.377349566E-01  1.285895864E+00  3.169128215E+00
  9.484022838E-01  7.751737516E-01  1.282054295E+00  3.195585483E+00
  9.016139763E-01  8.109844988E-01  1.278430644E+00  3.220995152E+00
  8.532862187E-01  8.450854503E-01  1.275025303E+00  3.245285159E+00
  8.034863588E-01  8.773974145E-01  1.271838606E+00  3.268385065E+00
  7.522867149E-01  9.078441345E-01  1.268870837E+00  3.290226467E+00
  6.997644355E-01  9.363526625E-01  1.266122235E+00  3.310743416E+00
  6.460013263E-01  9.628537270E-01  1.263593000E+00  3.329872832E+00
  5.910836440E-01  9.872820913E-01  1.261283296E+00  3.347554908E+00
  5.351018587E-01  1.009576898E+00  1.259193261E+00  3.363733510E+00
  4.781503844E-01  1.029681995E+00  1.257323003E+00  3.378356556E+00
  4.203272804E-01  1.047546247E+00  1.255672611E+00  3.391376378E+00
  3.617339236E-01  1.063123818E+00  1.254242156E+00  3.402750059E+00
  3.024746559E-01  1.076374433E+00  1.253031693E+00  3.412439741E+00
  2.426564066E-01  1.087263603E+00  1.252041264E+00  3.420412900E+00
  1.823882953E-01  1.095762834E+00  1.251270900E+00  3.426642586E+00
  1.217812152E-01  1.101849784E+00  1.250720626E+00  3.431107624E+00
  6.094740372E-02  1.105508402E+00  1.250390455E+00  3.433792776E+00
  2.269627327E-16  1.106729018E+00  1.250280397E+00  3.434688850E+00
 -2.220258137E-16  1.073558863E+00  1.231802299E+00  3.286890507E+00
 -5.962183808E-02  1.072369028E+00  1.231909128E+00  3.286051641E+00
 -1.191335678E-01  1.068802630E+00  1.232229609E+00  3.283537875E+00
 -1.784255132E-01  1.062868974E+00  1.232763730E+00  3.279357686E+00
 -2.373888594E-01  1.054583509E+00  1.233511466E+00  3.273525129E+00
 -2.959160748E-01  1.043967734E+00  1.234472785E+00  3.266059737E+00
 -3.539013219E-01  1.031049080E+00  1.235647640E+00  3.256986374E+00
 -4.112408546E-01  1.015860747E+00  1.237035972E+00  3.246335053E+00
 -4.678333994E-01  9.984415158E-01  1.238637706E+00  3.234140718E+00
 -5.235805157E-01  9.788355313E-01  1.240452749E+00  3.220442993E+00
 -5.783869350E-01  9.570920540E-01  1.242480986E+00  3.205285904E+00
 -6.321608743E-01  9.332651909E-01  1.244722278E+00  3.188717570E+00
 -6.848143240E-01  9.074136021E-01  1.247176460E+00  3.170789876E+00
 -7.362633070E-01  8.796001898E-01  1.249843333E+00  3.151558123E+00
 -7.864281089E-01  8.498917705E-01  1.252722661E+00  3.131080671E+00
 -8.352334773E-01  8.183587344E-01  1.255814168E+00  3.109418564E+00
 -8.826087905E-01  7.850746958E-01  1.259117531E+00  3.086635152E+00
 -9.284881949E-01  7.501161355E-01  1.262632375E+00  3.062795710E+00
 -9.728107115E-01  7.135620410E-01  1.266358264E+00  3.037967060E+00
 -1.015520312E+00  6.754935452E-01  1.270294698E+00  3.012217196E+00
 -1.056565964E+00  6.359935669E-01  1.274441105E+00  2.985614918E+00
 -1.095901648E+00  5.951464571E-01  1.278796833E+00  2.958229473E+00
 -1.133486350E+00  5.530376520E-01  1.283361140E+00  2.930130222E+00
 -1.169284019E+00  5.097533351E-01  1.288133189E+00  2.901386308E+00
 -1.203263510E+00  4.653801115E-01  1.293112036E+00  2.872066354E+00
 -1.235398497E+00  4.200046955E-01  1.298296623E+00  2.842238176E+00
 -1.265667372E+00  3.737136123E-01  1.303685765E+00  2.811968517E+00
 -1.294053116E+00  3.265929171E-01  1.309278143E+00  2.781322807E+00
 -1.320543160E+00  2.787279307E-01  1.315072290E+00  2.750364945E+00
 -1.345129229E+00  2.302029935E-01  1.321066582E+00  2.719157098E+00
 -1.367807174E+00  1.811012379E-01  1.327259225E+00  2.687759536E+00
 -1.388576790E+00  1.315043806E-01  1.333648242E+00  2.656230479E+00
 -1.407441629E+00  8.149253368E-02  1.340231461E+00  2.624625971E+00
 -1.424408806E+00  3.114403479E-02  1.347006503E+00  2.592999780E+00
 -1.439488793E+00 -1.946470280E-02  1.353970766E+00  2.561403311E+00
 -1.452695220E+00 -7.025932192E-02  1.361121413E+00  2.529885547E+00
 -1.464044667E+00 -1.211676346E-01  1.368455357E+00  2.498493006E+00
 -1.473556458E+00 -1.721197176E-01  1.375969247E+00  2.467269715E+00
 -1.481252455E+00 -2.230479904E-01  1.383659452E+00  2.436257202E+00
 -1.487156855E+00 -2.738872779E-01  1.391522047E+00  2.405494504E+00
 -1.491295992E+00 -3.245748565E-01  1.399552798E+00  2.375018188E+00
 -1.493698140E+00 -3.750504864E-01  1.407747147E+00  2.344862382E+00
 -1.494393324E+00 -4.252564303E-01  1.416100195E+00  2.315058825E+00
 -1.493413136E+00 -4.751374592E-01  1.424606689E+00  2.285636917E+00
 -1.490790559E+00 -5.246408467E-01  1.433261008E+00  2.256623783E+00
 -1.486559795E+00 -5.737163528E-01  1.442057144E+00  2.228044349E+00
 -1.480756105E+00 -6.223161978E-01  1.450988693E+00  2.199921409E+00
 -1.473415652E+00 -6.703950274E-01  1.460048838E+00  2.172275715E+00
 -1.464575358E+00 -7.179098706E-01  1.469230337E+00  2.145126062E+00
 -1.454272766E+00 -7.648200900E-01  1.478525511E+00  2.118489372E+00
 -1.442545907E+00 -8.110873264E-01  1.487926232E+00  2.092380789E+00
 -1.429433185E+00 -8.566754384E-01  1.497423915E+00  2.066813772E+00
 -1.414973259E+00 -9.015504372E-01  1.507009504E+00  2.041800183E+00
 -1.399204943E+00 -9.456804179E-01  1.516673471E+00  2.017350387E+00
 -1.382167106E+00 -9.890354878E-01  1.526405805E+00  1.993473337E+00
 -1.363898589E+00 -1.031587693E+00  1.536196010E+00  1.970176673E+00
 -1.344438120E+00 -1.073310940E+00  1.546033104E+00  1.947466804E+00
 -1.323824245E+00 -1.114180923E+00  1.555905615E+00  1.925349000E+00
 -1.302095258E+00 -1.154175043E+00  1.565801588E+00  1.903827476E+00
 -1.279289145E+00 -1.193272330E+00  1.575708587E+00  1.882905475E+00
 -1.255443534E+00 -1.231453367E+00  1.585613702E+00  1.862585350E+00
 -1.230595643E+00 -1.268700209E+00  1.595503565E+00  1.842868636E+00
 -1.204782247E+00 -1.304996310E+00  1.605364355E+00  1.823756130E+00
 -1.178039636E+00 -1.340326448E+00  1.615181822E+00  1.805247957E+00
 -1.150403596E+00 -1.374676646E+00  1.624941304E+00  1.787343642E+00
 -1.121909374E+00 -1.408034105E+00  1.634627753E+00  1.770042169E+00
 -1.092591670E+00 -1.440387131E+00  1.644225758E+00  1.753342050E+00
 -1.062484611E+00 -1.471725066E+00  1.653719582E+00  1.737241373E+00
 -1.031621751E+00 -1.502038221E+00  1.663093193E+00  1.721737867E+00
 -1.000036057E+00 -1.531317813E+00  1.672330301E+00  1.706828946E+00
 -9.677599068E-01 -1.559555902E+00  1.681414407E+00  1.692511763E+00
 -9.348250924E-01 -1.586745332E+00  1.690328842E+00  1.678783250E+00
 -9.012628198E-01 -1.612879671E+00  1.699056819E+00  1.665640168E+00
 -8.671037163E-01 -1.637953159E+00  1.707581489E+00  1.653079142E+00
 -8.323778386E-01 -1.661960654E+00  1.715885994E+00  1.641096698E+00
 -7.971146837E-01 -1.684897582E+00  1.723953525E+00  1.629689301E+00
 -7.613432021E-01 -1.706759889E+00  1.731767388E+00  1.618853386E+00
 -7.250918127E-01 -1.727543997E+00  1.739311069E+00  1.608585389E+00
 -6.883884194E-01 -1.747246761E+00  1.746568295E+00  1.598881771E+00
 -6.512604300E-01 -1.765865428E+00  1.753523108E+00  1.589739050E+00
 -6.137347757E-01 -1.783397598E+00  1.760159931E+00  1.581153819E+00
 -5.758379327E-01 -1.799841193E+00  1.766463639E+00  1.573122772E+00
 -5.375959443E-01 -1.815194419E+00  1.772419632E+00  1.565642719E+00
 -4.990344450E-01 -1.829455738E+00  1.778013899E+00  1.558710610E+00
 -4.601786848E-01 -1.842623837E+00  1.783233093E+00  1.552323548E+00
 -4.210535544E-01 -1.854697604E+00  1.788064592E+00  1.546478805E+00
 -3.816836118E-01 -1.865676103E+00  1.792496570E+00  1.541173834E+00
 -3.420931089E-01 -1.875558553E+00  1.796518056E+00  1.536406286E+00
 -3.023060192E-01 -1.884344306E+00  1.800118994E+00  1.532174015E+00
 -2.623460655E-01 -1.892032829E+00  1.803290295E+00  1.528475090E+00
 -2.222367487E-01 -1.898623691E+00  1.806023891E+00  1.525307805E+00
 -1.820013766E-01 -1.904116549E+00  1.808312779E+00  1.522670683E+00
 -1.416630928E-01 -1.908511132E+00  1.810151060E+00  1.520562486E+00
 -1.012449065E-01 -1.911807238E+00  1.811533973E+00  1.518982216E+00
 -6.076972216E-02 -1.914004720E+00  1.812457923E+00  1.517929122E+00
 -2.026036892E-02 -1.915103484E+00  1.812920502E+00  1.517402701E+00
  2.026036892E-02 -1.915103484E+00  1.812920502E+00  1.517402701E+00
  6.076972216E-02 -1.914004720E+00  1.812457923E+00  1.517929122E+00
  1.012449065E-01 -1.911807238E+00  1.811533973E+00  1.518982216E+00
  1.416630928E-01 -1.908511132E+00  1.810151060E+00  1.520562486E+00
  1.820013766E-01 -1.904116549E+00  1.808312779E+00  1.522670683E+00
  2.222367487E-01 -1.898623691E+00  1.806023891E+00  1.525307805E+00
  2.623460655E-01 -1.892032829E+00  1.803290295E+00  1.528475090E+00
  3.023060192E-01 -1.884344306E+00  1.800118994E+00  1.532174015E+00
  3.420931089E-01 -1.875558553E+00  1.796518056E+00  1.536406286E+00
  3.816836118E-01 -1.865676103E+00  1.792496570E+00  1.541173834E+00
  4.210535544E-01 -1.854697604E+00  1.788064592E+00  1.546478805E+00
  4.601786848E-01 -1.842623837E+00  1.783233093E+00  1.552323548E+00
  4.990344450E-01 -1.829455738E+00  1.778013899E+00  1.558710610E+00
  5.375959443E-01 -1.815194419E+00  1.772419632E+00  1.565642719E+00
  5.758379327E-01 -1.799841193E+00  1.766463639E+00  1.573122772E+00
  6.137347757E-01 -1.783397598E+00  1.760159931E+00  1.581153819E+00
  6.512604300E-01 -1.765865428E+00  1.753523108E+00  1.589739050E+00
  6.883884194E-01 -1.747246761E+00  1.746568295E+00  1.598881771E+00
  7.250918127E-01 -1.727543997E+00  1.739311069E+00  1.608585389E+00
  7.613432021E-01 -1.706759889E+00  1.731767388E+00  1.618853386E+00
  7.971146837E-01 -1.684897582E+00  1.723953525E+00  1.629689301E+00
  8.323778386E-01 -1.661960654E+00  1.715885994E+00  1.641096698E+00
  8.671037163E-01 -1.637953159E+00  1.707581489E+00  1.653079142E+00
  9.012628198E-01 -1.612879671E+00  1.699056819E+00  1.665640168E+00
  9.348250924E-01 -1.586745332E+00  1.690328842E+00  1.678783250E+00
  9.677599068E-01 -1.559555902E+00  1.681414407E+00  1.692511763E+00
  1.000036057E+00 -1.531317813E+00  1.672330301E+00  1.706828946E+00
  1.031621751E+00 -1.502038221E+00  1.663093193E+00  1.721737867E+00
  1.062484611E+00 -1.471725066E+00  1.653719582E+00  1.737241373E+00
  1.092591670E+00 -1.440387131E+00  1.644225758E+00  1.753342050E+00
  1.121909374E+00 -1.408034105E+00  1.634627753E+00  1.770042169E+00
  1.150403596E+00 -1.374676646E+00  1.624941304E+00  1.787343642E+00
  1.178039636E+00 -1.340326448E+00  1.615181822E+00  1.805247957E+00
  1.204782247E+00 -1.304996310E+00  1.605364355E+00  1.823756130E+00
  1.230595643E+00 -1.268700209E+00  1.595503565E+00  1.842868636E+00
  1.255443534E+00 -1.231453367E+00  1.585613702E+00  1.862585350E+00
  1.279289145E+00 -1.193272330E+00  1.575708587E+00  1.882905475E+00
  1.302095258E+00 -1.154175043E+00  1.565801588E+00  1.903827476E+00
  1.323824245E+00 -1.114180923E+00  1.555905615E+00  1.925349000E+00
  1.344438120E+00 -1.073310940E+00  1.546033104E+00  1.947466804E+00
  1.363898589E+00 -1.031587693E+00  1.536196010E+00  1.970176673E+00
  1.382167106E+00 -9.890354878E-01  1.526405805E+00  1.993473337E+00
  1.399204943E+00 -9.456804179E-01  1.516673471E+00  2.017350387E+00
  1.414973259E+00 -9.015504372E-01  1.507009504E+00  2.041800183E+00
  1.429433185E+00 -8.566754384E-01  1.497423915E+00  2.066813772E+00
  1.442545907E+00 -8.110873264E-01  1.487926232E+00  2.092380789E+00
  1.454272766E+00 -7.648200900E-01  1.478525511E+00  2.118489372E+00
  1.464575358E+00 -7.179098706E-01  1.469230337E+00  2.145126062E+00
  1.473415652E+00 -6.703950274E-01  1.460048838E+00  2.172275715E+00
  1.480756105E+00 -6.223161978E-01  1.450988693E+00  2.199921409E+00
  1.486559795E+00 -5.737163528E-01  1.442057144E+00  2.228044349E+00
  1.490790559E+00 -5.246408467E-01  1.433261008E+00  2.256623783E+00
  1.493413136E+00 -4.751374592E-01  1.424606689E+00  2.285636917E+00
  1.494393324E+00 -4.252564303E-01  1.416100195E+00  2.315058825E+00
  1.493698140E+00 -3.750504864E-01  1.407747147E+00  2.344862382E+00
  1.491295992E+00 -3.245748565E-01  1.399552798E+00  2.375018188E+00
  1.487156855E+00 -2.738872779E-01  1.391522047E+00  2.405494504E+00
  1.481252455E+00 -2.230479904E-01  1.383659452E+00  2.436257202E+00
  1.473556458E+00 -1.721197176E-01  1.375969247E+00  2.467269715E+00
  1.464044667E+00 -1.211676346E-01  1.368455357E+00  2.498493006E+00
  1.452695220E+00 -7.025932192E-02  1.361121413E+00  2.529885547E+00
  1.439488793E+00 -1.946470280E-02  1.353970766E+00  2.561403311E+00
  1.424408806E+00  3.114403479E-02  1.347006503E+00  2.592999780E+00
  1.407441629E+00  8.149253368E-02  1.340231461E+00  2.624625971E+00
  1.388576790E+00  1.315043806E-01  1.333648242E+00  2.656230479E+00
  1.367807174E+00  1.811012379E-01  1.327259225E+00  2.687759536E+00
  1.345129229E+00  2.302029935E-01  1.321066582E+00  2.719157098E+00
  1.320543160E+00  2.787279307E-01  1.315072290E+00  2.750364945E+00
  1.294053116E+00  3.265929171E-01  1.309278143E+00  2.781322807E+00
  1.265667372E+00  3.737136123E-01  1.303685765E+00  2.811968517E+00
  1.235398497E+00  4.200046955E-01  1.298296623E+00  2.842238176E+00
  1.203263510E+00  4.653801115E-01  1.293112036E+00  2.872066354E+00
  1.169284019E+00  5.097533351E-01  1.288133189E+00  2.901386308E+00
  1.133486350E+00  5.530376520E-01  1.283361140E+00  2.930130222E+00
  1.095901648E+00  5.951464571E-01  1.278796833E+00  2.958229473E+00
  1.056565964E+00  6.359935669E-01  1.274441105E+00  2.985614918E+00
  1.015520312E+00  6.754935452E-01  1.270294698E+00  3.012217196E+00
  9.728107115E-01  7.135620410E-01  1.266358264E+00  3.037967060E+00
  9.284881949E-01  7.501161355E-01  1.262632375E+00  3.062795710E+00
  8.826087905E-01  7.850746958E-01  1.259117531E+00  3.086635152E+00
  8.352334773E-01  8.183587344E-01  1.255814168E+00  3.109418564E+00
  7.864281089E-01  8.498917705E-01  1.252722661E+00  3.131080671E+00
  7.362633070E-01  8.796001898E-01  1.249843333E+00  3.151558123E+00
  6.848143240E-01  9.074136021E-01  1.247176460E+00  3.170789876E+00
  6.321608743E-01  9.332651909E-01  1.244722278E+00  3.188717570E+00
  5.783869350E-01  9.570920540E-01  1.242480986E+00  3.205285904E+00
  5.235805157E-01  9.788355313E-01  1.240452749E+00  3.220442993E+00
  4.678333994E-01  9.984415158E-01  1.238637706E+00  3.234140718E+00
  4.112408546E-01  1.015860747E+00  1.237035972E+00  3.246335053E+00
  3.539013219E-01  1.031049080E+00  1.235647640E+00  3.256986374E+00
  2.959160748E-01  1.043967734E+00  1.234472785E+00  3.266059737E+00
  2.373888594E-01  1.054583509E+00  1.233511466E+00  3.273525129E+00
  1.784255132E-01  1.062868974E+00  1.232763730E+00  3.279357686E+00
  1.191335678E-01  1.068802630E+00  1.232229609E+00  3.283537875E+00
  5.962183808E-02  1.072369028E+00  1.231909128E+00  3.286051641E+00
  2.220258137E-16  1.073558863E+00  1.231802299E+00  3.286890507E+00
 -2.172309027E-16  1.041229474E+00  1.213601790E+00  3.146454894E+00
 -5.833439449E-02  1.040069368E+00  1.213705485E+00  3.145669208E+00
 -1.165620211E-01  1.036592042E+00  1.214016563E+00  3.143314765E+00
 -1.745765251E-01  1.030806454E+00  1.214535008E+00  3.139399387E+00
 -2.322723742E-01  1.022727477E+00  1.215260788E+00  3.133936048E+00
 -2.895452620E-01  1.012375814E+00  1.216193860E+00  3.126942778E+00
 -3.462925006E-01  9.997778775E-01  1.217334164E+00  3.118442532E+00
 -4.024134013E-01  9.849656445E-01  1.218681626E+00  3.108463025E+00
 -4.578096382E-01  9.679764730E-01  1.220236152E+00  3.097036532E+00
 -5.123855945E-01  9.488528958E-01  1.221997627E+00  3.084199662E+00
 -5.660486870E-01  9.276423874E-01  1.223965914E+00  3.069993103E+00
 -6.187096675E-01  9.043971062E-01  1.226140848E+00  3.054461341E+00
 -6.702828993E-01  8.791736169E-01  1.228522234E+00  3.037652363E+00
 -7.206866077E-01  8.520325944E-01  1.231109842E+00  3.019617338E+00
 -7.698431014E-01  8.230385121E-01  1.233903406E+00  3.000410290E+00
 -8.176789661E-01  7.922593178E-01  1.236902615E+00  2.980087756E+00
 -8.641252290E-01  7.597661001E-01  1.240107108E+00  2.958708440E+00
 -9.091174933E-01  7.256327484E-01  1.243516473E+00  2.936332868E+00
 -9.525960430E-01  6.899356086E-01  1.247130237E+00  2.913023036E+00
 -9.945059195E-01  6.527531385E-01  1.250947859E+00  2.888842068E+00
 -1.034796969E+00  6.141655640E-01  1.254968727E+00  2.863853882E+00
 -1.073423864E+00  5.742545408E-01  1.259192148E+00  2.838122860E+00
 -1.110346095E+00  5.331028208E-01  1.263617339E+00  2.811713534E+00
 -1.145527939E+00  4.907939292E-01  1.268243422E+00  2.784690291E+00
 -1.178938407E+00  4.474118509E-01  1.273069413E+00  2.757117084E+00
 -1.210551168E+00  4.030407294E-01  1.278094216E+00  2.729057169E+00
 -1.240344448E+00  3.577645804E-01  1.283316608E+00  2.700572861E+00
 -1.268300917E+00  3.116670194E-01  1.288735234E+00  2.671725306E+00
 -1.294407557E+00  2.648310067E-01  1.294348595E+00  2.642574279E+00
 -1.318655518E+00  2.173386083E-01  1.300155035E+00  2.613177996E+00
 -1.341039955E+00  1.692707758E-01  1.306152734E+00  2.583592958E+00
 -1.361559863E+00  1.207071426E-01  1.312339693E+00  2.553873805E+00
 -1.380217896E+00  7.172584042E-02  1.318713721E+00  2.524073198E+00
 -1.397020180E+00  2.240333253E-02  1.325272427E+00  2.494241721E+00
 -1.411976128E+00 -2.718573396E-02  1.332013203E+00  2.464427798E+00
 -1.425098239E+00 -7.696865818E-02  1.338933211E+00  2.434677635E+00
 -1.436401909E+00 -1.268747980E-01  1.346029374E+00  2.405035170E+00
 -1.445905227E+00 -1.768356654E-01  1.353298355E+00  2.375542056E+00
 -1.453628783E+00 -2.267850060E-01  1.360736550E+00  2.346237638E+00
 -1.459595472E+00 -2.766588622E-01  1.368340070E+00  2.317158965E+00
 -1.463830301E+00 -3.263956221E-01  1.376104728E+00  2.288340801E+00
 -1.466360207E+00 -3.759360540E-01  1.384026024E+00  2.259815652E+00
 -1.467213868E+00 -4.252233282E-01  1.392099132E+00  2.231613807E+00
 -1.466421528E+00 -4.742030259E-01  1.400318885E+00  2.203763384E+00
 -1.464014826E+00 -5.228231377E-01  1.408679762E+00  2.176290383E+00
 -1.460026633E+00 -5.710340507E-01  1.417175874E+00  2.149218752E+00
 -1.454490892E+00 -6.187885269E-01  1.425800950E+00  2.122570456E+00
 -1.447442473E+00 -6.660416728E-01  1.434548327E+00  2.096365546E+00
 -1.438917022E+00 -7.127509013E-01  1.443410934E+00  2.070622241E+00
 -1.428950839E+00 -7.588758866E-01  1.452381285E+00  2.045357006E+00
 -1.417580740E+00 -8.043785135E-01  1.461451467E+00  2.020584634E+00
 -1.404843947E+00 -8.492228213E-01  1.470613130E+00  1.996318333E+00
 -1.390777974E+00 -8.933749431E-01  1.479857480E+00  1.972569808E+00
 -1.375420527E+00 -9.368030414E-01  1.489175273E+00  1.949349350E+00
 -1.358809406E+00 -9.794772412E-01  1.498556809E+00  1.926665914E+00
 -1.340982421E+00 -1.021369560E+00  1.507991928E+00  1.904527211E+00
 -1.321977313E+00 -1.062453834E+00  1.517470011E+00  1.882939786E+00
 -1.301831680E+00 -1.102705651E+00  1.526979979E+00  1.861909097E+00
 -1.280582909E+00 -1.142102267E+00  1.536510296E+00  1.841439602E+00
 -1.258268126E+00 -1.180622543E+00  1.546048974E+00  1.821534826E+00
 -1.234924132E+00 -1.218246859E+00  1.555583583E+00  1.802197443E+00
 -1.210587368E+00 -1.254957050E+00  1.565101258E+00  1.783429345E+00
 -1.185293866E+00 -1.290736327E+00  1.574588716E+00  1.765231710E+00
 -1.159079220E+00 -1.325569205E+00  1.584032272E+00  1.747605070E+00
 -1.131978551E+00 -1.359441433E+00  1.593417858E+00  1.730549373E+00
 -1.104026488E+00 -1.392339924E+00  1.602731046E+00  1.714064047E+00
 -1.075257143E+00 -1.424252687E+00  1.611957075E+00  1.698148052E+00
 -1.045704099E+00 -1.455168759E+00  1.621080880E+00  1.682799938E+00
 -1.015400395E+00 -1.485078143E+00  1.630087129E+00  1.668017897E+00
 -9.843785196E-01 -1.513971744E+00  1.638960255E+00  1.653799812E+00
 -9.526704069E-01 -1.541841307E+00  1.647684500E+00  1.640143298E+00
 -9.203074342E-01 -1.568679363E+00  1.656243957E+00  1.627045754E+00
 -8.873204245E-01 -1.594479169E+00  1.664622618E+00  1.614504395E+00
 -8.537396508E-01 -1.619234658E+00  1.672804424E+00  1.602516298E+00
 -8.195948434E-01 -1.642940386E+00  1.680773320E+00  1.591078431E+00
 -7.849151995E-01 -1.665591482E+00  1.688513308E+00  1.580187688E+00
 -7.497293947E-01 -1.687183604E+00  1.696008509E+00  1.569840924E+00
 -7.140655968E-01 -1.707712892E+00  1.703243219E+00  1.560034978E+00
 -6.779514812E-01 -1.727175931E+00  1.710201980E+00  1.550766703E+00
 -6.414142483E-01 -1.745569706E+00  1.716869635E+00  1.542032991E+00
 -6.044806418E-01 -1.762891569E+00  1.723231398E+00  1.533830791E+00
 -5.671769690E-01 -1.779139202E+00  1.729272921E+00  1.526157138E+00
 -5.295291218E-01 -1.794310584E+00  1.734980357E+00  1.519009164E+00
 -4.915625993E-01 -1.808403965E+00  1.740340424E+00  1.512384122E+00
 -4.533025309E-01 -1.821417832E+00  1.745340476E+00  1.506279398E+00
 -4.147737008E-01 -1.833350887E+00  1.749968557E+00  1.500692526E+00
 -3.760005727E-01 -1.844202023E+00  1.754213470E+00  1.495621203E+00
 -3.370073158E-01 -1.853970300E+00  1.758064829E+00  1.491063301E+00
 -2.978178309E-01 -1.862654927E+00  1.761513117E+00  1.487016872E+00
 -2.584557775E-01 -1.870255246E+00  1.764549737E+00  1.483480167E+00
 -2.189446010E-01 -1.876770715E+00  1.767167056E+00  1.480451634E+00
 -1.793075606E-01 -1.882200891E+00  1.769358453E+00  1.477929933E+00
 -1.395677573E-01 -1.886545427E+00  1.771118348E+00  1.475913937E+00
 -9.974816240E-02 -1.889804054E+00  1.772442242E+00  1.474402739E+00
 -5.987164580E-02 -1.891976576E+00  1.773326736E+00  1.473395655E+00
 -1.996100521E-02 -1.893062869E+00  1.773769554E+00  1.472892227E+00
  1.996100521E-02 -1.893062869E+00  1.773769554E+00  1.472892227E+00
  5.987164580E-02 -1.891976576E+00  1.773326736E+00  1.473395655E+00
  9.974816240E-02 -1.889804054E+00  1.772442242E+00  1.474402739E+00
  1.395677573E-01 -1.886545427E+00  1.771118348E+00  1.475913937E+00
  1.793075606E-01 -1.882200891E+00  1.769358453E+00  1.477929933E+00
  2.189446010E-01 -1.876770715E+00  1.767167056E+00  1.480451634E+00
  2.584557775E-01 -1.870255246E+00  1.764549737E+00  1.483480167E+00
  2.978178309E-01 -1.862654927E+00  1.761513117E+00  1.487016872E+00
  3.370073158E-01 -1.853970300E+00  1.758064829E+00  1.491063301E+00
  3.760005727E-01 -1.844202023E+00  1.754213470E+00  1.495621203E+00
  4.147737008E-01 -1.833350887E+00  1.749968557E+00  1.500692526E+00
  4.533025309E-01 -1.821417832E+00  1.745340476E+00  1.506279398E+00
  4.915625993E-01 -1.808403965E+00  1.740340424E+00  1.512384122E+00
  5.295291218E-01 -1.794310584E+00  1.734980357E+00  1.519009164E+00
  5.671769690E-01 -1.779139202E+00  1.729272921E+00  1.526157138E+00
  6.044806418E-01 -1.762891569E+00  1.723231398E+00  1.533830791E+00
  6.414142483E-01 -1.745569706E+00  1.716869635E+00  1.542032991E+00
  6.779514812E-01 -1.727175931E+00  1.710201980E+00  1.550766703E+00
  7.140655968E-01 -1.707712892E+00  1.703243219E+00  1.560034978E+00
  7.497293947E-01 -1.687183604E+00  1.696008509E+00  1.569840924E+00
  7.849151995E-01 -1.665591482E+00  1.688513308E+00  1.580187688E+00
  8.195948434E-01 -1.642940386E+00  1.680773320E+00  1.591078431E+00
  8.537396508E-01 -1.619234658E+00  1.672804424E+00  1.602516298E+00
  8.873204245E-01 -1.594479169E+00  1.664622618E+00  1.614504395E+00
  9.203074342E-01 -1.568679363E+00  1.656243957E+00  1.627045754E+00
  9.526704069E-01 -1.541841307E+00  1.647684500E+00  1.640143298E+00
  9.843785196E-01 -1.513971744E+00  1.638960255E+00  1.653799812E+00
  1.015400395E+00 -1.485078143E+00  1.630087129E+00  1.668017897E+00
  1.045704099E+00 -1.455168759E+00  1.621080880E+00  1.682799938E+00
  1.075257143E+00 -1.424252687E+00  1.611957075E+00  1.698148052E+00
  1.104026488E+00 -1.392339924E+00  1.602731046E+00  1.714064047E+00
  1.131978551E+00 -1.359441433E+00  1.593417858E+00  1.730549373E+00
  1.159079220E+00 -1.325569205E+00  1.584032272E+00  1.747605070E+00
  1.185293866E+00 -1.290736327E+00  1.574588716E+00  1.765231710E+00
  1.210587368E+00 -1.254957050E+00  1.565101258E+00  1.783429345E+00
  1.234924132E+00 -1.218246859E+00  1.555583583E+00  1.802197443E+00
  1.258268126E+00 -1.180622543E+00  1.546048974E+00  1.821534826E+00
  1.280582909E+00 -1.142102267E+00  1.536510296E+00  1.841439602E+00
  1.301831680E+00 -1.102705651E+00  1.526979979E+00  1.861909097E+00
  1.321977313E+00 -1.062453834E+00  1.517470011E+00  1.882939786E+00
  1.340982421E+00 -1.021369560E+00  1.507991928E+00  1.904527211E+00
  1.358809406E+00 -9.794772412E-01  1.498556809E+00  1.926665914E+00
  1.375420527E+00 -9.368030414E-01  1.489175273E+00  1.949349350E+00
  1.390777974E+00 -8.933749431E-01  1.479857480E+00  1.972569808E+00
  1.404843947E+00 -8.492228213E-01  1.470613130E+00  1.996318333E+00
  1.417580740E+00 -8.043785135E-01  1.461451467E+00  2.020584634E+00
  1.428950839E+00 -7.588758866E-01  1.452381285E+00  2.045357006E+00
  1.438917022E+00 -7.127509013E-01  1.443410934E+00  2.070622241E+00
  1.447442473E+00 -6.660416728E-01  1.434548327E+00  2.096365546E+00
  1.454490892E+00 -6.187885269E-01  1.425800950E+00  2.122570456E+00
  1.460026633E+00 -5.710340507E-01  1.417175874E+00  2.149218752E+00
  1.464014826E+00 -5.228231377E-01  1.408679762E+00  2.176290383E+00
  1.466421528E+00 -4.742030259E-01  1.400318885E+00  2.203763384E+00
  1.467213868E+00 -4.252233282E-01  1.392099132E+00  2.231613807E+00
  1.466360207E+00 -3.759360540E-01  1.384026024E+00  2.259815652E+00
  1.463830301E+00 -3.263956221E-01  1.376104728E+00  2.288340801E+00
  1.459595472E+00 -2.766588622E-01  1.368340070E+00  2.317158965E+00
  1.453628783E+00 -2.267850060E-01  1.360736550E+00  2.346237638E+00
  1.445905227E+00 -1.768356654E-01  1.353298355E+00  2.375542056E+00
  1.436401909E+00 -1.268747980E-01  1.346029374E+00  2.405035170E+00
  1.425098239E+00 -7.696865818E-02  1.338933211E+00  2.434677635E+00
  1.411976128E+00 -2.718573396E-02  1.332013203E+00  2.464427798E+00
  1.397020180E+00  2.240333253E-02  1.325272427E+00  2.494241721E+00
  1.380217896E+00  7.172584042E-02  1.318713721E+00  2.524073198E+00
  1.361559863E+00  1.207071426E-01  1.312339693E+00  2.553873805E+00
  1.341039955E+00  1.692707758E-01  1.306152734E+00  2.583592958E+00
  1.318655518E+00  2.173386083E-01  1.300155035E+00  2.613177996E+00
  1.294407557E+00  2.648310067E-01  1.294348595E+00  2.642574279E+00
  1.268300917E+00  3.116670194E-01  1.288735234E+00  2.671725306E+00
  1.240344448E+00  3.577645804E-01  1.283316608E+00  2.700572861E+00
  1.210551168E+00  4.030407294E-01  1.278094216E+00  2.729057169E+00
  1.178938407E+00  4.474118509E-01  1.273069413E+00  2.757117084E+00
  1.145527939E+00  4.907939292E-01  1.268243422E+00  2.784690291E+00
  1.110346095E+00  5.331028208E-01  1.263617339E+00  2.811713534E+00
  1.073423864E+00  5.742545408E-01  1.259192148E+00  2.838122860E+00
  1.034796969E+00  6.141655640E-01  1.254968727E+00  2.863853882E+00
  9.945059195E-01  6.527531385E-01  1.250947859E+00  2.888842068E+00
  9.525960430E-01  6.899356086E-01  1.247130237E+00  2.913023036E+00
  9.091174933E-01  7.256327484E-01  1.243516473E+00  2.936332868E+00
  8.641252290E-01  7.597661001E-01  1.240107108E+00  2.958708440E+00
  8.176789661E-01  7.922593178E-01  1.236902615E+00  2.980087756E+00
  7.698431014E-01  8.230385121E-01  1.233903406E+00  3.000410290E+00
  7.206866077E-01  8.520325944E-01  1.231109842E+00  3.019617338E+00
  6.702828993E-01  8.791736169E-01  1.228522234E+00  3.037652363E+00
  6.187096675E-01  9.043971062E-01  1.226140848E+00  3.054461341E+00
  5.660486870E-01  9.276423874E-01  1.223965914E+00  3.069993103E+00
  5.123855945E-01  9.488528958E-01  1.221997627E+00  3.084199662E+00
  4.578096382E-01  9.679764730E-01  1.220236152E+00  3.097036532E+00
  4.024134013E-01  9.849656445E-01  1.218681626E+00  3.108463025E+00
  3.462925006E-01  9.997778775E-01  1.217334164E+00  3.118442532E+00
  2.895452620E-01  1.012375814E+00  1.216193860E+00  3.126942778E+00
  2.322723742E-01  1.022727477E+00  1.215260788E+00  3.133936048E+00
  1.745765251E-01  1.030806454E+00  1.214535008E+00  3.139399387E+00
  1.165620211E-01  1.036592042E+00  1.214016563E+00  3.143314765E+00
  5.833439449E-02  1.040069368E+00  1.213705485E+00  3.145669208E+00
  2.172309027E-16  1.041229474E+00  1.213601790E+00  3.146454894E+00
 -2.125751015E-16  1.009730014E+00  1.195684835E+00  3.013027440E+00
 -5.708429539E-02  1.008598618E+00  1.195785490E+00  3.012291194E+00
 -1.140650259E-01  1.005207311E+00  1.196087450E+00  3.010084870E+00
 -1.708390214E-01  9.995647206E-01  1.196590691E+00  3.006415693E+00
 -2.273038979E-01  9.916851732E-01  1.197295177E+00  3.001295645E+00
 -2.833584432E-01  9.815886112E-01  1.198200855E+00  2.994741383E+00
 -3.389029922E-01  9.693004821E-01  1.199307653E+00  2.986774114E+00
 -3.938397914E-01  9.548515963E-01  1.200615482E+00  2.977419447E+00
 -4.480733471E-01  9.382779568E-01  1.202124231E+00  2.966707216E+00
 -5.015107572E-01  9.196205619E-01  1.203833767E+00  2.954671265E+00
 -5.540620223E-01  8.989251838E-01  1.205743929E+00  2.941349223E+00
 -6.056403357E-01  8.762421239E-01  1.207854530E+00  2.926782246E+00
 -6.561623492E-01  8.516259489E-01  1.210165348E+00  2.911014744E+00
 -7.055484143E-01  8.251352089E-01  1.212676126E+00  2.894094094E+00
 -7.537227966E-01  7.968321410E-01  1.215386566E+00  2.876070339E+00
 -8.006138634E-01  7.667823604E-01  1.218296328E+00  2.856995872E+00
 -8.461542434E-01  7.350545427E-01  1.221405017E+00  2.836925128E+00
 -8.902809589E-01  7.017200993E-01  1.224712187E+00  2.815914260E+00
 -9.329355290E-01  6.668528491E-01  1.228217329E+00  2.794020820E+00
 -9.740640464E-01  6.305286884E-01  1.231919868E+00  2.771303446E+00
 -1.013617226E+00  5.928252633E-01  1.235819154E+00  2.747821550E+00
 -1.051550430E+00  5.538216442E-01  1.239914457E+00  2.723635021E+00
 -1.087823661E+00  5.135980077E-01  1.244204959E+00  2.698803934E+00
 -1.122401541E+00  4.722353251E-01  1.248689745E+00  2.673388269E+00
 -1.155253261E+00  4.298150619E-01  1.253367795E+00  2.647447657E+00
 -1.186352507E+00  3.864188878E-01  1.258237980E+00  2.621041127E+00
 -1.215677378E+00  3.421284004E-01  1.263299043E+00  2.594226883E+00
 -1.243210275E+00  2.970248624E-01  1.268549598E+00  2.567062090E+00
 -1.268937776E+00  2.511889547E-01  1.273988119E+00  2.539602682E+00
 -1.292850505E+00  2.047005449E-01  1.279612926E+00  2.511903197E+00
 -1.314942976E+00  1.576384728E-01  1.285422174E+00  2.484016614E+00
 -1.335213439E+00  1.100803531E-01  1.291413849E+00  2.455994229E+00
 -1.353663707E+00  6.210239494E-02  1.297585746E+00  2.427885535E+00
 -1.370298985E+00  1.377923920E-02  1.303935467E+00  2.399738130E+00
 -1.385127683E+00 -3.481618681E-02  1.310460402E+00  2.371597636E+00
 -1.398161237E+00 -8.361279791E-02  1.317157720E+00  2.343507642E+00
 -1.409413919E+00 -1.325414627E-01  1.324024353E+00  2.315509657E+00
 -1.418902649E+00 -1.815350990E-01  1.331056988E+00  2.287643082E+00
 -1.426646808E+00 -2.305287535E-01  1.338252050E+00  2.259945197E+00
 -1.432668050E+00 -2.794596668E-01  1.345605689E+00  2.232451158E+00
 -1.436990122E+00 -3.282673236E-01  1.353113770E+00  2.205194010E+00
 -1.439638679E+00 -3.768934896E-01  1.360771854E+00  2.178204707E+00
 -1.440641112E+00 -4.252822359E-01  1.368575190E+00  2.151512144E+00
 -1.440026373E+00 -4.733799515E-01  1.376518700E+00  2.125143200E+00
 -1.437824815E+00 -5.211353442E-01  1.384596965E+00  2.099122786E+00
 -1.434068028E+00 -5.684994324E-01  1.392804215E+00  2.073473898E+00
 -1.428788690E+00 -6.154255267E-01  1.401134313E+00  2.048217679E+00
 -1.422020420E+00 -6.618692036E-01  1.409580749E+00  2.023373487E+00
 -1.413797640E+00 -7.077882717E-01  1.418136622E+00  1.998958963E+00
 -1.404155444E+00 -7.531427309E-01  1.426794637E+00  1.974990103E+00
 -1.393129478E+00 -7.978947256E-01  1.435547092E+00  1.951481333E+00
 -1.380755818E+00 -8.420084930E-01  1.444385868E+00  1.928445590E+00
 -1.367070871E+00 -8.854503069E-01  1.453302427E+00  1.905894393E+00
 -1.352111264E+00 -9.281884174E-01  1.462287803E+00  1.883837926E+00
 -1.335913759E+00 -9.701929874E-01  1.471332595E+00  1.862285112E+00
 -1.318515167E+00 -1.011436027E+00  1.480426974E+00  1.841243694E+00
 -1.299952264E+00 -1.051891327E+00  1.489560670E+00  1.820720310E+00
 -1.280261723E+00 -1.091534386E+00  1.498722984E+00  1.800720567E+00
 -1.259480050E+00 -1.130342344E+00  1.507902784E+00  1.781249114E+00
 -1.237643523E+00 -1.168293910E+00  1.517088515E+00  1.762309715E+00
 -1.214788142E+00 -1.205369290E+00  1.526268206E+00  1.743905317E+00
 -1.190949579E+00 -1.241550118E+00  1.535429478E+00  1.726038118E+00
 -1.166163141E+00 -1.276819384E+00  1.544559564E+00  1.708709630E+00
 -1.140463733E+00 -1.311161364E+00  1.553645318E+00  1.691920742E+00
 -1.113885827E+00 -1.344561555E+00  1.562673238E+00  1.675671778E+00
 -1.086463439E+00 -1.377006604E+00  1.571629492E+00  1.659962556E+00
 -1.058230103E+00 -1.408484244E+00  1.580499935E+00  1.644792442E+00
 -1.029218860E+00 -1.438983227E+00  1.589270147E+00  1.630160397E+00
 -9.994622409E-01 -1.468493268E+00  1.597925458E+00  1.616065031E+00
 -9.689922602E-01 -1.497004977E+00  1.606450988E+00  1.602504648E+00
 -9.378404082E-01 -1.524509807E+00  1.614831685E+00  1.589477286E+00
 -9.060376501E-01 -1.550999991E+00  1.623052363E+00  1.576980762E+00
 -8.736144257E-01 -1.576468495E+00  1.631097752E+00  1.565012709E+00
 -8.406006534E-01 -1.600908959E+00  1.638952542E+00  1.553570612E+00
 -8.070257355E-01 -1.624315653E+00  1.646601437E+00  1.542651843E+00
 -7.729185671E-01 -1.646683426E+00  1.654029205E+00  1.532253689E+00
 -7.383075460E-01 -1.668007660E+00  1.661220734E+00  1.522373388E+00
 -7.032205853E-01 -1.688284229E+00  1.668161091E+00  1.513008150E+00
 -6.676851278E-01 -1.707509460E+00  1.674835580E+00  1.504155186E+00
 -6.317281618E-01 -1.725680088E+00  1.681229800E+00  1.495811730E+00
 -5.953762383E-01 -1.742793227E+00  1.687329713E+00  1.487975062E+00
 -5.586554901E-01 -1.758846332E+00  1.693121699E+00  1.480642529E+00
 -5.215916516E-01 -1.773837165E+00  1.698592618E+00  1.473811560E+00
 -4.842100803E-01 -1.787763772E+00  1.703729877E+00  1.467479685E+00
 -4.465357782E-01 -1.800624448E+00  1.708521485E+00  1.461644553E+00
 -4.085934159E-01 -1.812417719E+00  1.712956114E+00  1.456303940E+00
 -3.704073556E-01 -1.823142311E+00  1.717023154E+00  1.451455767E+00
 -3.320016761E-01 -1.832797135E+00  1.720712771E+00  1.447098109E+00
 -2.934001980E-01 -1.841381263E+00  1.724015952E+00  1.443229206E+00
 -2.546265095E-01 -1.848893915E+00  1.726924560E+00  1.439847472E+00
 -2.157039925E-01 -1.855334441E+00  1.729431373E+00  1.436951500E+00
 -1.766558494E-01 -1.860702307E+00  1.731530124E+00  1.434540076E+00
 -1.375051304E-01 -1.864997087E+00  1.733215536E+00  1.432612176E+00
 -9.827476014E-02 -1.868218451E+00  1.734483352E+00  1.431166977E+00
 -5.898756605E-02 -1.870366158E+00  1.735330358E+00  1.430203857E+00
 -1.966630561E-02 -1.871440051E+00  1.735754401E+00  1.429722401E+00
  1.966630561E-02 -1.871440051E+00  1.735754401E+00  1.429722401E+00
  5.898756605E-02 -1.870366158E+00  1.735330358E+00  1.430203857E+00
  9.827476014E-02 -1.868218451E+00  1.734483352E+00  1.431166977E+00
  1.375051304E-01 -1.864997087E+00  1.733215536E+00  1.432612176E+00
  1.766558494E-01 -1.860702307E+00  1.731530124E+00  1.434540076E+00
  2.157039925E-01 -1.855334441E+00  1.729431373E+00  1.436951500E+00
  2.546265095E-01 -1.848893915E+00  1.726924560E+00  1.439847472E+00
  2.934001980E-01 -1.841381263E+00  1.724015952E+00  1.443229206E+00
  3.320016761E-01 -1.832797135E+00  1.720712771E+00  1.447098109E+00
  3.704073556E-01 -1.823142311E+00  1.717023154E+00  1.451455767E+00
  4.085934159E-01 -1.812417719E+00  1.712956114E+00  1.456303940E+00
  4.465357782E-01 -1.800624448E+00  1.708521485E+00  1.461644553E+00
  4.842100803E-01 -1.787763772E+00  1.703729877E+00  1.467479685E+00
  5.215916516E-01 -1.773837165E+00  1.698592618E+00  1.473811560E+00
  5.586554901E-01 -1.758846332E+00  1.693121699E+00  1.480642529E+00
  5.953762383E-01 -1.742793227E+00  1.687329713E+00  1.487975062E+00
  6.317281618E-01 -1.725680088E+00  1.681229800E+00  1.495811730E+00
  6.676851278E-01 -1.707509460E+00  1.674835580E+00  1.504155186E+00
  7.032205853E-01 -1.688284229E+00  1.668161091E+00  1.513008150E+00
  7.383075460E-01 -1.668007660E+00  1.661220734E+00  1.522373388E+00
  7.729185671E-01 -1.646683426E+00  1.654029205E+00  1.532253689E+00
  8.070257355E-01 -1.624315653E+00  1.646601437E+00  1.542651843E+00
  8.406006534E-01 -1.600908959E+00  1.638952542E+00  1.553570612E+00
  8.736144257E-01 -1.576468495E+00  1.631097752E+00  1.565012709E+00
  9.060376501E-01 -1.550999991E+00  1.623052363E+00  1.576980762E+00
  9.378404082E-01 -1.524509807E+00  1.614831685E+00  1.589477286E+00
  9.689922602E-01 -1.497004977E+00  1.606450988E+00  1.602504648E+00
  9.994622409E-01 -1.468493268E+00  1.597925458E+00  1.616065031E+00
  1.029218860E+00 -1.438983227E+00  1.589270147E+00  1.630160397E+00
  1.058230103E+00 -1.408484244E+00  1.580499935E+00  1.644792442E+00
  1.086463439E+00 -1.377006604E+00  1.571629492E+00  1.659962556E+00
  1.113885827E+00 -1.344561555E+00  1.562673238E+00  1.675671778E+00
  1.140463733E+00 -1.311161364E+00  1.553645318E+00  1.691920742E+00
  1.166163141E+00 -1.276819384E+00  1.544559564E+00  1.708709630E+00
  1.190949579E+00 -1.241550118E+00  1.535429478E+00  1.726038118E+00
  1.214788142E+00 -1.205369290E+00  1.526268206E+00  1.743905317E+00
  1.237643523E+00 -1.168293910E+00  1.517088515E+00  1.762309715E+00
  1.259480050E+00 -1.130342344E+00  1.507902784E+00  1.781249114E+00
  1.280261723E+00 -1.091534386E+00  1.498722984E+00  1.800720567E+00
  1.299952264E+00 -1.051891327E+00  1.489560670E+00  1.820720310E+00
  1.318515167E+00 -1.011436027E+00  1.480426974E+00  1.841243694E+00
  1.335913759E+00 -9.701929874E-01  1.471332595E+00  1.862285112E+00
  1.352111264E+00 -9.281884174E-01  1.462287803E+00  1.883837926E+00
  1.367070871E+00 -8.854503069E-01  1.453302427E+00  1.905894393E+00
  1.380755818E+00 -8.420084930E-01  1.444385868E+00  1.928445590E+00
  1.393129478E+00 -7.978947256E-01  1.435547092E+00  1.951481333E+00
  1.404155444E+00 -7.531427309E-01  1.426794637E+00  1.974990103E+00
  1.413797640E+00 -7.077882717E-01  1.418136622E+00  1.998958963E+00
  1.422020420E+00 -6.618692036E-01  1.409580749E+00  2.023373487E+00
  1.428788690E+00 -6.154255267E-01  1.401134313E+00  2.048217679E+00
  1.434068028E+00 -5.684994324E-01  1.392804215E+00  2.073473898E+00
  1.437824815E+00 -5.211353442E-01  1.384596965E+00  2.099122786E+00
  1.440026373E+00 -4.733799515E-01  1.376518700E+00  2.125143200E+00
  1.440641112E+00 -4.252822359E-01  1.368575190E+00  2.151512144E+00
  1.439638679E+00 -3.768934896E-01  1.360771854E+00  2.178204707E+00
  1.436990122E+00 -3.282673236E-01  1.353113770E+00  2.205194010E+00
  1.432668050E+00 -2.794596668E-01  1.345605689E+00  2.232451158E+00
  1.426646808E+00 -2.305287535E-01  1.338252050E+00  2.259945197E+00
  1.418902649E+00 -1.815350990E-01  1.331056988E+00  2.287643082E+00
  1.409413919E+00 -1.325414627E-01  1.324024353E+00  2.315509657E+00
  1.398161237E+00 -8.361279791E-02  1.317157720E+00  2.343507642E+00
  1.385127683E+00 -3.481618681E-02  1.310460402E+00  2.371597636E+00
  1.370298985E+00  1.377923920E-02  1.303935467E+00  2.399738130E+00
  1.353663707E+00  6.210239494E-02  1.297585746E+00  2.427885535E+00
  1.335213439E+00  1.100803531E-01  1.291413849E+00  2.455994229E+00
  1.314942976E+00  1.576384728E-01  1.285422174E+00  2.484016614E+00
  1.292850505E+00  2.047005449E-01  1.279612926E+00  2.511903197E+00
  1.268937776E+00  2.511889547E-01  1.273988119E+00  2.539602682E+00
  1.243210275E+00  2.970248624E-01  1.268549598E+00  2.567062090E+00
  1.215677378E+00  3.421284004E-01  1.263299043E+00  2.594226883E+00
  1.186352507E+00  3.864188878E-01  1.258237980E+00  2.621041127E+00
  1.155253261E+00  4.298150619E-01  1.253367795E+00  2.647447657E+00
  1.122401541E+00  4.722353251E-01  1.248689745E+00  2.673388269E+00
  1.087823661E+00  5.135980077E-01  1.244204959E+00  2.698803934E+00
  1.051550430E+00  5.538216442E-01  1.239914457E+00  2.723635021E+00
  1.013617226E+00  5.928252633E-01  1.235819154E+00  2.747821550E+00
  9.740640464E-01  6.305286884E-01  1.231919868E+00  2.771303446E+00
  9.329355290E-01  6.668528491E-01  1.228217329E+00  2.794020820E+00
  8.902809589E-01  7.017200993E-01  1.224712187E+00  2.815914260E+00
  8.461542434E-01  7.350545427E-01  1.221405017E+00  2.836925128E+00
  8.006138634E-01  7.667823604E-01  1.218296328E+00  2.856995872E+00
  7.537227966E-01  7.968321410E-01  1.215386566E+00  2.876070339E+00
  7.055484143E-01  8.251352089E-01  1.212676126E+00  2.894094094E+00
  6.561623492E-01  8.516259489E-01  1.210165348E+00  2.911014744E+00
  6.056403357E-01  8.762421239E-01  1.207854530E+00  2.926782246E+00
  5.540620223E-01  8.989251838E-01  1.205743929E+00  2.941349223E+00
  5.015107572E-01  9.196205619E-01  1.203833767E+00  2.954671265E+00
  4.480733471E-01  9.382779568E-01  1.202124231E+00  2.966707216E+00
  3.938397914E-01  9.548515963E-01  1.200615482E+00  2.977419447E+00
  3.389029922E-01  9.693004821E-01  1.199307653E+00  2.986774114E+00
  2.833584432E-01  9.815886112E-01  1.198200855E+00  2.994741383E+00
  2.273038979E-01  9.916851732E-01  1.197295177E+00  3.001295645E+00
  1.708390214E-01  9.995647206E-01  1.196590691E+00  3.006415693E+00
  1.140650259E-01  1.005207311E+00  1.196087450E+00  3.010084870E+00
  5.708429539E-02  1.008598618E+00  1.195785490E+00  3.012291194E+00
  2.125751015E-16  1.009730014E+00  1.195684835E+00  3.013027440E+00
 -2.080554830E-16  9.790490784E-01  1.178056795E+00  2.886267821E+00
 -5.587075540E-02  9.779454033E-01  1.178154504E+00  2.885577542E+00
 -1.116410169E-01  9.746371544E-01  1.178447624E+00  2.883508935E+00
 -1.672106681E-01  9.691326457E-01  1.178936128E+00  2.880068677E+00
 -2.224803443E-01  9.614456825E-01  1.179619974E+00  2.875267845E+00
 -2.773518015E-01  9.515954841E-01  1.180499099E+00  2.869121836E+00
 -3.317282756E-01  9.396065783E-01  1.181573421E+00  2.861650257E+00
 -3.855148311E-01  9.255086660E-01  1.182842837E+00  2.852876791E+00
 -4.386186950E-01  9.093364596E-01  1.184307222E+00  2.842829032E+00
 -4.909495748E-01  8.911294959E-01  1.185966423E+00  2.831538292E+00
 -5.424199571E-01  8.709319251E-01  1.187820261E+00  2.819039396E+00
 -5.929453864E-01  8.487922787E-01  1.189868526E+00  2.805370445E+00
 -6.424447207E-01  8.247632181E-01  1.192110972E+00  2.790572568E+00
 -6.908403643E-01  7.989012666E-01  1.194547317E+00  2.774689660E+00
 -7.380584749E-01  7.712665268E-01  1.197177237E+00  2.757768104E+00
 -7.840291456E-01  7.419223866E-01  1.200000360E+00  2.739856491E+00
 -8.286865604E-01  7.109352161E-01  1.203016264E+00  2.721005325E+00
 -8.719691229E-01  6.783740576E-01  1.206224471E+00  2.701266734E+00
 -9.138195590E-01  6.443103121E-01  1.209624441E+00  2.680694179E+00
 -9.541849933E-01  6.088174245E-01  1.213215566E+00  2.659342161E+00
 -9.930169990E-01  5.719705687E-01  1.216997163E+00  2.637265938E+00
 -1.030271624E+00  5.338463370E-01  1.220968470E+00  2.614521250E+00
 -1.065909390E+00  4.945224343E-01  1.225128635E+00  2.591164047E+00
 -1.099895276E+00  4.540773795E-01  1.229476712E+00  2.567250239E+00
 -1.132198671E+00  4.125902163E-01  1.234011651E+00  2.542835452E+00
 -1.162793308E+00  3.701402340E-01  1.238732289E+00  2.517974796E+00
 -1.191657191E+00  3.268067014E-01  1.243637346E+00  2.492722657E+00
 -1.218772487E+00  2.826686125E-01  1.248725407E+00  2.467132501E+00
 -1.244125414E+00  2.378044482E-01  1.253994923E+00  2.441256693E+00
 -1.267706115E+00  1.922919512E-01  1.259444193E+00  2.415146336E+00
 -1.289508515E+00  1.462079185E-01  1.265071356E+00  2.388851129E+00
 -1.309530173E+00  9.962800843E-02  1.270874383E+00  2.362419241E+00
 -1.327772117E+00  5.262656490E-02  1.276851064E+00  2.335897199E+00
 -1.344238686E+00  5.276458184E-03  1.282998996E+00  2.309329801E+00
 -1.358937351E+00 -4.235105819E-02  1.289315572E+00  2.282760040E+00
 -1.371878541E+00 -9.018647409E-02  1.295797970E+00  2.256229039E+00
 -1.383075467E+00 -1.381621335E-01  1.302443141E+00  2.229776017E+00
 -1.392543941E+00 -1.862123297E-01  1.309247796E+00  2.203438249E+00
 -1.400302196E+00 -2.342733854E-01  1.316208393E+00  2.177251056E+00
 -1.406370708E+00 -2.822837186E-01  1.323321126E+00  2.151247798E+00
 -1.410772017E+00 -3.301838946E-01  1.330581912E+00  2.125459880E+00
 -1.413530558E+00 -3.779166646E-01  1.337986379E+00  2.099916773E+00
 -1.414672491E+00 -4.254269929E-01  1.345529853E+00  2.074646037E+00
 -1.414225533E+00 -4.726620716E-01  1.353207344E+00  2.049673356E+00
 -1.412218801E+00 -5.195713253E-01  1.361013540E+00  2.025022586E+00
 -1.408682657E+00 -5.661064059E-01  1.368942786E+00  2.000715795E+00
 -1.403648561E+00 -6.122211778E-01  1.376989084E+00  1.976773325E+00
 -1.397148930E+00 -6.578716955E-01  1.385146072E+00  1.953213846E+00
 -1.389217004E+00 -7.030161734E-01  1.393407020E+00  1.930054422E+00
 -1.379886719E+00 -7.476149493E-01  1.401764819E+00  1.907310574E+00
 -1.369192583E+00 -7.916304414E-01  1.410211975E+00  1.884996351E+00
 -1.357169569E+00 -8.350271006E-01  1.418740597E+00  1.863124396E+00
 -1.343853007E+00 -8.777713585E-01  1.427342395E+00  1.841706023E+00
 -1.329278482E+00 -9.198315707E-01  1.436008672E+00  1.820751281E+00
 -1.313481749E+00 -9.611779579E-01  1.444730324E+00  1.800269030E+00
 -1.296498642E+00 -1.001782544E+00  1.453497836E+00  1.780267014E+00
 -1.278365002E+00 -1.041619091E+00  1.462301280E+00  1.760751926E+00
 -1.259116601E+00 -1.080663034E+00  1.471130323E+00  1.741729480E+00
 -1.238789084E+00 -1.118891417E+00  1.479974223E+00  1.723204481E+00
 -1.217417902E+00 -1.156282819E+00  1.488821840E+00  1.705180886E+00
 -1.195038267E+00 -1.192817292E+00  1.497661646E+00  1.687661873E+00
 -1.171685104E+00 -1.228476292E+00  1.506481728E+00  1.670649902E+00
 -1.147393005E+00 -1.263242610E+00  1.515269811E+00  1.654146774E+00
 -1.122196201E+00 -1.297100306E+00  1.524013268E+00  1.638153691E+00
 -1.096128523E+00 -1.330034644E+00  1.532699138E+00  1.622671308E+00
 -1.069223383E+00 -1.362032024E+00  1.541314154E+00  1.607699790E+00
 -1.041513746E+00 -1.393079925E+00  1.549844764E+00  1.593238862E+00
 -1.013032117E+00 -1.423166836E+00  1.558277155E+00  1.579287855E+00
 -9.838105252E-01 -1.452282200E+00  1.566597293E+00  1.565845755E+00
 -9.538805124E-01 -1.480416354E+00  1.574790948E+00  1.552911243E+00
 -9.232731295E-01 -1.507560472E+00  1.582843737E+00  1.540482739E+00
 -8.920189308E-01 -1.533706512E+00  1.590741160E+00  1.528558441E+00
 -8.601479741E-01 -1.558847162E+00  1.598468645E+00  1.517136359E+00
 -8.276898227E-01 -1.582975787E+00  1.606011592E+00  1.506214351E+00
 -7.946735505E-01 -1.606086386E+00  1.613355421E+00  1.495790155E+00
 -7.611277483E-01 -1.628173542E+00  1.620485624E+00  1.485861418E+00
 -7.270805341E-01 -1.649232376E+00  1.627387815E+00  1.476425728E+00
 -6.925595634E-01 -1.669258510E+00  1.634047785E+00  1.467480632E+00
 -6.575920425E-01 -1.688248022E+00  1.640451559E+00  1.459023672E+00
 -6.222047436E-01 -1.706197414E+00  1.646585450E+00  1.451052396E+00
 -5.864240203E-01 -1.723103570E+00  1.652436119E+00  1.443564386E+00
 -5.502758259E-01 -1.738963728E+00  1.657990633E+00  1.436557276E+00
 -5.137857318E-01 -1.753775445E+00  1.663236521E+00  1.430028767E+00
 -4.769789476E-01 -1.767536570E+00  1.668161832E+00  1.423976648E+00
 -4.398803422E-01 -1.780245219E+00  1.672755194E+00  1.418398806E+00
 -4.025144658E-01 -1.791899743E+00  1.677005866E+00  1.413293242E+00
 -3.649055724E-01 -1.802498713E+00  1.680903792E+00  1.408658082E+00
 -3.270776435E-01 -1.812040895E+00  1.684439651E+00  1.404491593E+00
 -2.890544121E-01 -1.820525231E+00  1.687604908E+00  1.400792182E+00
 -2.508593876E-01 -1.827950823E+00  1.690391855E+00  1.397558417E+00
 -2.125158809E-01 -1.834316917E+00  1.692793654E+00  1.394789027E+00
 -1.740470300E-01 -1.839622894E+00  1.694804372E+00  1.392482910E+00
 -1.354758260E-01 -1.843868252E+00  1.696419014E+00  1.390639140E+00
 -9.682513952E-02 -1.847052601E+00  1.697633551E+00  1.389256971E+00
 -5.811774720E-02 -1.849175657E+00  1.698444940E+00  1.388335838E+00
 -1.937635830E-02 -1.850237231E+00  1.698851146E+00  1.387875367E+00
  1.937635830E-02 -1.850237231E+00  1.698851146E+00  1.387875367E+00
  5.811774720E-02 -1.849175657E+00  1.698444940E+00  1.388335838E+00
  9.682513952E-02 -1.847052601E+00  1.697633551E+00  1.389256971E+00
  1.354758260E-01 -1.843868252E+00  1.696419014E+00  1.390639140E+00
  1.740470300E-01 -1.839622894E+00  1.694804372E+00  1.392482910E+00
  2.125158809E-01 -1.834316917E+00  1.692793654E+00  1.394789027E+00
  2.508593876E-01 -1.827950823E+00  1.690391855E+00  1.397558417E+00
  2.890544121E-01 -1.820525231E+00  1.687604908E+00  1.400792182E+00
  3.270776435E-01 -1.812040895E+00  1.684439651E+00  1.404491593E+00
  3.649055724E-01 -1.802498713E+00  1.680903792E+00  1.408658082E+00
  4.025144658E-01 -1.791899743E+00  1.677005866E+00  1.413293242E+00
  4.398803422E-01 -1.780245219E+00  1.672755194E+00  1.418398806E+00
  4.769789476E-01 -1.767536570E+00  1.668161832E+00  1.423976648E+00
  5.137857318E-01 -1.753775445E+00  1.663236521E+00  1.430028767E+00
  5.502758259E-01 -1.738963728E+00  1.657990633E+00  1.436557276E+00
  5.864240203E-01 -1.723103570E+00  1.652436119E+00  1.443564386E+00
  6.222047436E-01 -1.706197414E+00  1.646585450E+00  1.451052396E+00
  6.575920425E-01 -1.688248022E+00  1.640451559E+00  1.459023672E+00
  6.925595634E-01 -1.669258510E+00  1.634047785E+00  1.467480632E+00
  7.270805341E-01 -1.649232376E+00  1.627387815E+00  1.476425728E+00
  7.611277483E-01 -1.628173542E+00  1.620485624E+00  1.485861418E+00
  7.946735505E-01 -1.606086386E+00  1.613355421E+00  1.495790155E+00
  8.276898227E-01 -1.582975787E+00  1.606011592E+00  1.506214351E+00
  8.601479741E-01 -1.558847162E+00  1.598468645E+00  1.517136359E+00
  8.920189308E-01 -1.533706512E+00  1.590741160E+00  1.528558441E+00
  9.232731295E-01 -1.507560472E+00  1.582843737E+00  1.540482739E+00
  9.538805124E-01 -1.480416354E+00  1.574790948E+00  1.552911243E+00
  9.838105252E-01 -1.452282200E+00  1.566597293E+00  1.565845755E+00
  1.013032117E+00 -1.423166836E+00  1.558277155E+00  1.579287855E+00
  1.041513746E+00 -1.393079925E+00  1.549844764E+00  1.593238862E+00
  1.069223383E+00 -1.362032024E+00  1.541314154E+00  1.607699790E+00
  1.096128523E+00 -1.330034644E+00  1.532699138E+00  1.622671308E+00
  1.122196201E+00 -1.297100306E+00  1.524013268E+00  1.638153691E+00
  1.147393005E+00 -1.263242610E+00  1.515269811E+00  1.654146774E+00
  1.171685104E+00 -1.228476292E+00  1.506481728E+00  1.670649902E+00
  1.195038267E+00 -1.192817292E+00  1.497661646E+00  1.687661873E+00
  1.217417902E+00 -1.156282819E+00  1.488821840E+00  1.705180886E+00
  1.238789084E+00 -1.118891417E+00  1.479974223E+00  1.723204481E+00
  1.259116601E+00 -1.080663034E+00  1.471130323E+00  1.741729480E+00
  1.278365002E+00 -1.041619091E+00  1.462301280E+00  1.760751926E+00
  1.296498642E+00 -1.001782544E+00  1.453497836E+00  1.780267014E+00
  1.313481749E+00 -9.611779579E-01  1.444730324E+00  1.800269030E+00
  1.329278482E+00 -9.198315707E-01  1.436008672E+00  1.820751281E+00
  1.343853007E+00 -8.777713585E-01  1.427342395E+00  1.841706023E+00
  1.357169569E+00 -8.350271006E-01  1.418740597E+00  1.863124396E+00
  1.369192583E+00 -7.916304414E-01  1.410211975E+00  1.884996351E+00
  1.379886719E+00 -7.476149493E-01  1.401764819E+00  1.907310574E+00
  1.389217004E+00 -7.030161734E-01  1.393407020E+00  1.930054422E+00
  1.397148930E+00 -6.578716955E-01  1.385146072E+00  1.953213846E+00
  1.403648561E+00 -6.122211778E-01  1.376989084E+00  1.976773325E+00
  1.408682657E+00 -5.661064059E-01  1.368942786E+00  2.000715795E+00
  1.412218801E+00 -5.195713253E-01  1.361013540E+00  2.025022586E+00
  1.414225533E+00 -4.726620716E-01  1.353207344E+00  2.049673356E+00
  1.414672491E+00 -4.254269929E-01  1.345529853E+00  2.074646037E+00
  1.413530558E+00 -3.779166646E-01  1.337986379E+00  2.099916773E+00
  1.410772017E+00 -3.301838946E-01  1.330581912E+00  2.125459880E+00
  1.406370708E+00 -2.822837186E-01  1.323321126E+00  2.151247798E+00
  1.400302196E+00 -2.342733854E-01  1.316208393E+00  2.177251056E+00
  1.392543941E+00 -1.862123297E-01  1.309247796E+00  2.203438249E+00
  1.383075467E+00 -1.381621335E-01  1.302443141E+00  2.229776017E+00
  1.371878541E+00 -9.018647409E-02  1.295797970E+00  2.256229039E+00
  1.358937351E+00 -4.235105819E-02  1.289315572E+00  2.282760040E+00
  1.344238686E+00  5.276458184E-03  1.282998996E+00  2.309329801E+00
  1.327772117E+00  5.262656490E-02  1.276851064E+00  2.335897199E+00
  1.309530173E+00  9.962800843E-02  1.270874383E+00  2.362419241E+00
  1.289508515E+00  1.462079185E-01  1.265071356E+00  2.388851129E+00
  1.267706115E+00  1.922919512E-01  1.259444193E+00  2.415146336E+00
  1.244125414E+00  2.378044482E-01  1.253994923E+00  2.441256693E+00
  1.218772487E+00  2.826686125E-01  1.248725407E+00  2.467132501E+00
  1.191657191E+00  3.268067014E-01  1.243637346E+00  2.492722657E+00
  1.162793308E+00  3.701402340E-01  1.238732289E+00  2.517974796E+00
  1.132198671E+00  4.125902163E-01  1.234011651E+00  2.542835452E+00
  1.099895276E+00  4.540773795E-01  1.229476712E+00  2.567250239E+00
  1.065909390E+00  4.945224343E-01  1.225128635E+00  2.591164047E+00
  1.030271624E+00  5.338463370E-01  1.220968470E+00  2.614521250E+00
  9.930169990E-01  5.719705687E-01  1.216997163E+00  2.637265938E+00
  9.541849933E-01  6.088174245E-01  1.213215566E+00  2.659342161E+00
  9.138195590E-01  6.443103121E-01  1.209624441E+00  2.680694179E+00
  8.719691229E-01  6.783740576E-01  1.206224471E+00  2.701266734E+00
  8.286865604E-01  7.109352161E-01  1.203016264E+00  2.721005325E+00
  7.840291456E-01  7.419223866E-01  1.200000360E+00  2.739856491E+00
  7.380584749E-01  7.712665268E-01  1.197177237E+00  2.757768104E+00
  6.908403643E-01  7.989012666E-01  1.194547317E+00  2.774689660E+00
  6.424447207E-01  8.247632181E-01  1.192110972E+00  2.790572568E+00
  5.929453864E-01  8.487922787E-01  1.189868526E+00  2.805370445E+00
  5.424199571E-01  8.709319251E-01  1.187820261E+00  2.819039396E+00
  4.909495748E-01  8.911294959E-01  1.185966423E+00  2.831538292E+00
  4.386186950E-01  9.093364596E-01  1.184307222E+00  2.842829032E+00
  3.855148311E-01  9.255086660E-01  1.182842837E+00  2.852876791E+00
  3.317282756E-01  9.396065783E-01  1.181573421E+00  2.861650257E+00
  2.773518015E-01  9.515954841E-01  1.180499099E+00  2.869121836E+00
  2.224803443E-01  9.614456825E-01  1.179619974E+00  2.875267845E+00
  1.672106681E-01  9.691326457E-01  1.178936128E+00  2.880068677E+00
  1.116410169E-01  9.746371544E-01  1.178447624E+00  2.883508935E+00
  5.587075540E-02  9.779454033E-01  1.178154504E+00  2.885577542E+00
  2.080554830E-16  9.790490784E-01  1.178056795E+00  2.886267821E+00
 -2.036690984E-16  9.491747404E-01  1.160722433E+00  2.765849712E+00
 -5.469298335E-02  9.480978284E-01  1.160817288E+00  2.765202175E+00
 -1.092884172E-01  9.448697688E-01  1.161101843E+00  2.763261628E+00
 -1.636891131E-01  9.394985770E-01  1.161576070E+00  2.760034247E+00
 -2.177986021E-01  9.319975626E-01  1.162239918E+00  2.755530278E+00
 -2.715214874E-01  9.223852571E-01  1.163093319E+00  2.749763966E+00
 -3.247637886E-01  9.106853125E-01  1.164136180E+00  2.742753452E+00
 -3.774332757E-01  8.969263734E-01  1.165368386E+00  2.734520653E+00
 -4.294397893E-01  8.811419235E-01  1.166789797E+00  2.725091112E+00
 -4.806955450E-01  8.633701072E-01  1.168400245E+00  2.714493819E+00
 -5.311154211E-01  8.436535294E-01  1.170199531E+00  2.702761028E+00
 -5.806172258E-01  8.220390345E-01  1.172187425E+00  2.689928037E+00
 -6.291219439E-01  7.985774672E-01  1.174363662E+00  2.676032964E+00
 -6.765539610E-01  7.733234172E-01  1.176727934E+00  2.661116506E+00
 -7.228412638E-01  7.463349500E-01  1.179279892E+00  2.645221686E+00
 -7.679156166E-01  7.176733267E-01  1.182019140E+00  2.628393594E+00
 -8.117127127E-01  6.874027145E-01  1.184945229E+00  2.610679122E+00
 -8.541723001E-01  6.555898910E-01  1.188057652E+00  2.592126694E+00
 -8.952382829E-01  6.223039446E-01  1.191355840E+00  2.572786000E+00
 -9.348587971E-01  5.876159730E-01  1.194839156E+00  2.552707728E+00
 -9.729862620E-01  5.515987823E-01  1.198506889E+00  2.531943302E+00
 -1.009577408E+00  5.143265892E-01  1.202358246E+00  2.510544630E+00
 -1.044593281E+00  4.758747271E-01  1.206392348E+00  2.488563854E+00
 -1.077999225E+00  4.363193602E-01  1.210608220E+00  2.466053114E+00
 -1.109764844E+00  3.957372046E-01  1.215004785E+00  2.443064328E+00
 -1.139863947E+00  3.542052600E-01  1.219580855E+00  2.419648972E+00
 -1.168274466E+00  3.118005523E-01  1.224335123E+00  2.395857891E+00
 -1.194978372E+00  2.685998893E-01  1.229266156E+00  2.371741112E+00
 -1.219961564E+00  2.246796284E-01  1.234372383E+00  2.347347678E+00
 -1.243213746E+00  1.801154602E-01  1.239652087E+00  2.322725495E+00
 -1.264728302E+00  1.349822053E-01  1.245103396E+00  2.297921200E+00
 -1.284502148E+00  8.935362752E-02  1.250724272E+00  2.272980039E+00
 -1.302535583E+00  4.330226213E-02  1.256512499E+00  2.247945768E+00
 -1.318832133E+00 -3.100740290E-03  1.262465677E+00  2.222860559E+00
 -1.333398384E+00 -4.978575412E-02  1.268581206E+00  2.197764934E+00
 -1.346243821E+00 -9.668480365E-02  1.274856278E+00  2.172697702E+00
 -1.357380650E+00 -1.437316727E-01  1.281287863E+00  2.147695919E+00
 -1.366823633E+00 -1.908619993E-01  1.287872701E+00  2.122794854E+00
 -1.374589912E+00 -2.380133565E-01  1.294607288E+00  2.098027974E+00
 -1.380698842E+00 -2.851253182E-01  1.301487864E+00  2.073426932E+00
 -1.385171816E+00 -3.321395132E-01  1.308510402E+00  2.049021576E+00
 -1.388032107E+00 -3.789996656E-01  1.315670597E+00  2.024839960E+00
 -1.389304694E+00 -4.256516233E-01  1.322963853E+00  2.000908362E+00
 -1.389016113E+00 -4.720433764E-01  1.330385274E+00  1.977251323E+00
 -1.387194297E+00 -5.181250642E-01  1.337929650E+00  1.953891675E+00
 -1.383868429E+00 -5.638489727E-01  1.345591448E+00  1.930850588E+00
 -1.379068801E+00 -6.091695242E-01  1.353364801E+00  1.908147619E+00
 -1.372826674E+00 -6.540432572E-01  1.361243499E+00  1.885800762E+00
 -1.365174147E+00 -6.984288008E-01  1.369220978E+00  1.863826508E+00
 -1.356144036E+00 -7.422868413E-01  1.377290315E+00  1.842239900E+00
 -1.345769758E+00 -7.855800834E-01  1.385444217E+00  1.821054600E+00
 -1.334085214E+00 -8.282732059E-01  1.393675017E+00  1.800282947E+00
 -1.321124693E+00 -8.703328137E-01  1.401974666E+00  1.779936027E+00
 -1.306922771E+00 -9.117273851E-01  1.410334732E+00  1.760023735E+00
 -1.291514223E+00 -9.524272162E-01  1.418746395E+00  1.740554842E+00
 -1.274933938E+00 -9.924043624E-01  1.427200447E+00  1.721537060E+00
 -1.257216844E+00 -1.031632579E+00  1.435687291E+00  1.702977107E+00
 -1.238397840E+00 -1.070087256E+00  1.444196945E+00  1.684880772E+00
 -1.218511725E+00 -1.107745359E+00  1.452719044E+00  1.667252975E+00
 -1.197593149E+00 -1.144585361E+00  1.461242849E+00  1.650097833E+00
 -1.175676552E+00 -1.180587181E+00  1.469757253E+00  1.633418716E+00
 -1.152796125E+00 -1.215732116E+00  1.478250794E+00  1.617218304E+00
 -1.128985763E+00 -1.250002778E+00  1.486711668E+00  1.601498649E+00
 -1.104279031E+00 -1.283383032E+00  1.495127740E+00  1.586261222E+00
 -1.078709135E+00 -1.315857929E+00  1.503486571E+00  1.571506973E+00
 -1.052308890E+00 -1.347413644E+00  1.511775432E+00  1.557236371E+00
 -1.025110701E+00 -1.378037420E+00  1.519981332E+00  1.543449460E+00
 -9.971465441E-01 -1.407717500E+00  1.528091042E+00  1.530145902E+00
 -9.684479497E-01 -1.436443077E+00  1.536091128E+00  1.517325017E+00
 -9.390459945E-01 -1.464204230E+00  1.543967980E+00  1.504985829E+00
 -9.089712919E-01 -1.490991875E+00  1.551707849E+00  1.493127101E+00
 -8.782539880E-01 -1.516797709E+00  1.559296885E+00  1.481747374E+00
 -8.469237597E-01 -1.541614158E+00  1.566721177E+00  1.470845001E+00
 -8.150098159E-01 -1.565434329E+00  1.573966797E+00  1.460418177E+00
 -7.825409013E-01 -1.588251966E+00  1.581019843E+00  1.450464975E+00
 -7.495453020E-01 -1.610061397E+00  1.587866490E+00  1.440983369E+00
 -7.160508538E-01 -1.630857499E+00  1.594493038E+00  1.431971265E+00
 -6.820849521E-01 -1.650635652E+00  1.600885961E+00  1.423426522E+00
 -6.476745640E-01 -1.669391703E+00  1.607031964E+00  1.415346980E+00
 -6.128462417E-01 -1.687121925E+00  1.612918031E+00  1.407730478E+00
 -5.776261375E-01 -1.703822987E+00  1.618531483E+00  1.400574873E+00
 -5.420400204E-01 -1.719491921E+00  1.623860033E+00  1.393878064E+00
 -5.061132937E-01 -1.734126087E+00  1.628891838E+00  1.387638002E+00
 -4.698710142E-01 -1.747723148E+00  1.633615552E+00  1.381852711E+00
 -4.333379117E-01 -1.760281044E+00  1.638020383E+00  1.376520300E+00
 -3.965384098E-01 -1.771797965E+00  1.642096142E+00  1.371638977E+00
 -3.594966482E-01 -1.782272330E+00  1.645833292E+00  1.367207058E+00
 -3.222365043E-01 -1.791702768E+00  1.649222997E+00  1.363222981E+00
 -2.847816170E-01 -1.800088095E+00  1.652257166E+00  1.359685315E+00
 -2.471554099E-01 -1.807427302E+00  1.654928495E+00  1.356592766E+00
 -2.093811156E-01 -1.813719537E+00  1.657230506E+00  1.353944187E+00
 -1.714818004E-01 -1.818964094E+00  1.659157579E+00  1.351738582E+00
 -1.334803893E-01 -1.823160401E+00  1.660704982E+00  1.349975115E+00
 -9.539969107E-02 -1.826308013E+00  1.661868902E+00  1.348653110E+00
 -5.726242400E-02 -1.828406601E+00  1.662646456E+00  1.347772058E+00
 -1.909124159E-02 -1.829455948E+00  1.663035717E+00  1.347331617E+00
  1.909124159E-02 -1.829455948E+00  1.663035717E+00  1.347331617E+00
  5.726242400E-02 -1.828406601E+00  1.662646456E+00  1.347772058E+00
  9.539969107E-02 -1.826308013E+00  1.661868902E+00  1.348653110E+00
  1.334803893E-01 -1.823160401E+00  1.660704982E+00  1.349975115E+00
  1.714818004E-01 -1.818964094E+00  1.659157579E+00  1.351738582E+00
  2.093811156E-01 -1.813719537E+00  1.657230506E+00  1.353944187E+00
  2.471554099E-01 -1.807427302E+00  1.654928495E+00  1.356592766E+00
  2.847816170E-01 -1.800088095E+00  1.652257166E+00  1.359685315E+00
  3.222365043E-01 -1.791702768E+00  1.649222997E+00  1.363222981E+00
  3.594966482E-01 -1.782272330E+00  1.645833292E+00  1.367207058E+00
  3.965384098E-01 -1.771797965E+00  1.642096142E+00  1.371638977E+00
  4.333379117E-01 -1.760281044E+00  1.638020383E+00  1.376520300E+00
  4.698710142E-01 -1.747723148E+00  1.633615552E+00  1.381852711E+00
  5.061132937E-01 -1.734126087E+00  1.628891838E+00  1.387638002E+00
  5.420400204E-01 -1.719491921E+00  1.623860033E+00  1.393878064E+00
  5.776261375E-01 -1.703822987E+00  1.618531483E+00  1.400574873E+00
  6.128462417E-01 -1.687121925E+00  1.612918031E+00  1.407730478E+00
  6.476745640E-01 -1.669391703E+00  1.607031964E+00  1.415346980E+00
  6.820849521E-01 -1.650635652E+00  1.600885961E+00  1.423426522E+00
  7.160508538E-01 -1.630857499E+00  1.594493038E+00  1.431971265E+00
  7.495453020E-01 -1.610061397E+00  1.587866490E+00  1.440983369E+00
  7.825409013E-01 -1.588251966E+00  1.581019843E+00  1.450464975E+00
  8.150098159E-01 -1.565434329E+00  1.573966797E+00  1.460418177E+00
  8.469237597E-01 -1.541614158E+00  1.566721177E+00  1.470845001E+00
  8.782539880E-01 -1.516797709E+00  1.559296885E+00  1.481747374E+00
  9.089712919E-01 -1.490991875E+00  1.551707849E+00  1.493127101E+00
  9.390459945E-01 -1.464204230E+00  1.543967980E+00  1.504985829E+00
  9.684479497E-01 -1.436443077E+00  1.536091128E+00  1.517325017E+00
  9.971465441E-01 -1.407717500E+00  1.528091042E+00  1.530145902E+00
  1.025110701E+00 -1.378037420E+00  1.519981332E+00  1.543449460E+00
  1.052308890E+00 -1.347413644E+00  1.511775432E+00  1.557236371E+00
  1.078709135E+00 -1.315857929E+00  1.503486571E+00  1.571506973E+00
  1.104279031E+00 -1.283383032E+00  1.495127740E+00  1.586261222E+00
  1.128985763E+00 -1.250002778E+00  1.486711668E+00  1.601498649E+00
  1.152796125E+00 -1.215732116E+00  1.478250794E+00  1.617218304E+00
  1.175676552E+00 -1.180587181E+00  1.469757253E+00  1.633418716E+00
  1.197593149E+00 -1.144585361E+00  1.461242849E+00  1.650097833E+00
  1.218511725E+00 -1.107745359E+00  1.452719044E+00  1.667252975E+00
  1.238397840E+00 -1.070087256E+00  1.444196945E+00  1.684880772E+00
  1.257216844E+00 -1.031632579E+00  1.435687291E+00  1.702977107E+00
  1.274933938E+00 -9.924043624E-01  1.427200447E+00  1.721537060E+00
  1.291514223E+00 -9.524272162E-01  1.418746395E+00  1.740554842E+00
  1.306922771E+00 -9.117273851E-01  1.410334732E+00  1.760023735E+00
  1.321124693E+00 -8.703328137E-01  1.401974666E+00  1.779936027E+00
  1.334085214E+00 -8.282732059E-01  1.393675017E+00  1.800282947E+00
  1.345769758E+00 -7.855800834E-01  1.385444217E+00  1.821054600E+00
  1.356144036E+00 -7.422868413E-01  1.377290315E+00  1.842239900E+00
  1.365174147E+00 -6.984288008E-01  1.369220978E+00  1.863826508E+00
  1.372826674E+00 -6.540432572E-01  1.361243499E+00  1.885800762E+00
  1.379068801E+00 -6.091695242E-01  1.353364801E+00  1.908147619E+00
  1.383868429E+00 -5.638489727E-01  1.345591448E+00  1.930850588E+00
  1.387194297E+00 -5.181250642E-01  1.337929650E+00  1.953891675E+00
  1.389016113E+00 -4.720433764E-01  1.330385274E+00  1.977251323E+00
  1.389304694E+00 -4.256516233E-01  1.322963853E+00  2.000908362E+00
  1.388032107E+00 -3.789996656E-01  1.315670597E+00  2.024839960E+00
  1.385171816E+00 -3.321395132E-01  1.308510402E+00  2.049021576E+00
  1.380698842E+00 -2.851253182E-01  1.301487864E+00  2.073426932E+00
  1.374589912E+00 -2.380133565E-01  1.294607288E+00  2.098027974E+00
  1.366823633E+00 -1.908619993E-01  1.287872701E+00  2.122794854E+00
  1.357380650E+00 -1.437316727E-01  1.281287863E+00  2.147695919E+00
  1.346243821E+00 -9.668480365E-02  1.274856278E+00  2.172697702E+00
  1.333398384E+00 -4.978575412E-02  1.268581206E+00  2.197764934E+00
  1.318832133E+00 -3.100740290E-03  1.262465677E+00  2.222860559E+00
  1.302535583E+00  4.330226213E-02  1.256512499E+00  2.247945768E+00
  1.284502148E+00  8.935362752E-02  1.250724272E+00  2.272980039E+00
  1.264728302E+00  1.349822053E-01  1.245103396E+00  2.297921200E+00
  1.243213746E+00  1.801154602E-01  1.239652087E+00  2.322725495E+00
  1.219961564E+00  2.246796284E-01  1.234372383E+00  2.347347678E+00
  1.194978372E+00  2.685998893E-01  1.229266156E+00  2.371741112E+00
  1.168274466E+00  3.118005523E-01  1.224335123E+00  2.395857891E+00
  1.139863947E+00  3.542052600E-01  1.219580855E+00  2.419648972E+00
  1.109764844E+00  3.957372046E-01  1.215004785E+00  2.443064328E+00
  1.077999225E+00  4.363193602E-01  1.210608220E+00  2.466053114E+00
  1.044593281E+00  4.758747271E-01  1.206392348E+00  2.488563854E+00
  1.009577408E+00  5.143265892E-01  1.202358246E+00  2.510544630E+00
  9.729862620E-01  5.515987823E-01  1.198506889E+00  2.531943302E+00
  9.348587971E-01  5.876159730E-01  1.194839156E+00  2.552707728E+00
  8.952382829E-01  6.223039446E-01  1.191355840E+00  2.572786000E+00
  8.541723001E-01  6.555898910E-01  1.188057652E+00  2.592126694E+00
  8.117127127E-01  6.874027145E-01  1.184945229E+00  2.610679122E+00
  7.679156166E-01  7.176733267E-01  1.182019140E+00  2.628393594E+00
  7.228412638E-01  7.463349500E-01  1.179279892E+00  2.645221686E+00
  6.765539610E-01  7.733234172E-01  1.176727934E+00  2.661116506E+00
  6.291219439E-01  7.985774672E-01  1.174363662E+00  2.676032964E+00
  5.806172258E-01  8.220390345E-01  1.172187425E+00  2.689928037E+00
  5.311154211E-01  8.436535294E-01  1.170199531E+00  2.702761028E+00
  4.806955450E-01  8.633701072E-01  1.168400245E+00  2.714493819E+00
  4.294397893E-01  8.811419235E-01  1.166789797E+00  2.725091112E+00
  3.774332757E-01  8.969263734E-01  1.165368386E+00  2.734520653E+00
  3.247637886E-01  9.106853125E-01  1.164136180E+00  2.742753452E+00
  2.715214874E-01  9.223852571E-01  1.163093319E+00  2.749763966E+00
  2.177986021E-01  9.319975626E-01  1.162239918E+00  2.755530278E+00
  1.636891131E-01  9.394985770E-01  1.161576070E+00  2.760034247E+00
  1.092884172E-01  9.448697688E-01  1.161101843E+00  2.763261628E+00
  5.469298335E-02  9.480978284E-01  1.160817288E+00  2.765202175E+00
  2.036690984E-16  9.491747404E-01  1.160722433E+00  2.765849712E+00
 -1.994129842E-16  9.200946034E-01  1.143685920E+00  2.651460501E+00
 -5.355018405E-02  9.190435264E-01  1.143778011E+00  2.650852715E+00
 -1.070056415E-01  9.158928770E-01  1.144054273E+00  2.649031266E+00
 -1.602719916E-01  9.106503859E-01  1.144514673E+00  2.646001871E+00
 -2.132555421E-01  9.033288916E-01  1.145159158E+00  2.641774018E+00
 -2.658636275E-01  8.939462704E-01  1.145987651E+00  2.636360892E+00
 -3.180049387E-01  8.825253409E-01  1.147000049E+00  2.629779294E+00
 -3.695898429E-01  8.690937422E-01  1.148196227E+00  2.622049523E+00
 -4.205306907E-01  8.536837875E-01  1.149576032E+00  2.613195238E+00
 -4.707421090E-01  8.363322949E-01  1.151139280E+00  2.603243305E+00
 -5.201412761E-01  8.170803969E-01  1.152885757E+00  2.592223616E+00
 -5.686481798E-01  7.959733297E-01  1.154815214E+00  2.580168896E+00
 -6.161858546E-01  7.730602058E-01  1.156927365E+00  2.567114501E+00
 -6.626805979E-01  7.483937702E-01  1.159221883E+00  2.553098189E+00
 -7.080621641E-01  7.220301443E-01  1.161698396E+00  2.538159896E+00
 -7.522639354E-01  6.940285581E-01  1.164356484E+00  2.522341492E+00
 -7.952230690E-01  6.644510743E-01  1.167195673E+00  2.505686546E+00
 -8.368806207E-01  6.333623056E-01  1.170215432E+00  2.488240071E+00
 -8.771816437E-01  6.008291282E-01  1.173415166E+00  2.470048282E+00
 -9.160752652E-01  5.669203932E-01  1.176794212E+00  2.451158352E+00
 -9.535147378E-01  5.317066388E-01  1.180351834E+00  2.431618168E+00
 -9.894574691E-01  4.952598044E-01  1.184087212E+00  2.411476098E+00
 -1.023865030E+00  4.576529489E-01  1.187999442E+00  2.390780763E+00
 -1.056703140E+00  4.189599756E-01  1.192087524E+00  2.369580816E+00
 -1.087941636E+00  3.792553640E-01  1.196350358E+00  2.347924740E+00
 -1.117554417E+00  3.386139117E-01  1.200786733E+00  2.325860643E+00
 -1.145519378E+00  2.971104858E-01  1.205395324E+00  2.303436082E+00
 -1.171818323E+00  2.548197868E-01  1.210174679E+00  2.280697890E+00
 -1.196436866E+00  2.118161244E-01  1.215123210E+00  2.257692017E+00
 -1.219364318E+00  1.681732065E-01  1.220239191E+00  2.234463393E+00
 -1.240593561E+00  1.239639436E-01  1.225520738E+00  2.211055799E+00
 -1.260120919E+00  7.926026516E-02  1.230965810E+00  2.187511753E+00
 -1.277946011E+00  3.413295333E-02  1.236572192E+00  2.163872414E+00
 -1.294071601E+00 -1.134851052E-02  1.242337487E+00  2.140177496E+00
 -1.308503447E+00 -5.711608327E-02  1.248259107E+00  2.116465203E+00
 -1.321250138E+00 -1.031032831E-01  1.254334260E+00  2.092772167E+00
 -1.332322936E+00 -1.492452980E-01  1.260559941E+00  2.069133407E+00
 -1.341735606E+00 -1.954790801E-01  1.266932922E+00  2.045582300E+00
 -1.349504257E+00 -2.417434259E-01  1.273449737E+00  2.022150557E+00
 -1.355647177E+00 -2.879790436E-01  1.280106676E+00  1.998868216E+00
 -1.360184668E+00 -3.341286077E-01  1.286899770E+00  1.975763641E+00
 -1.363138890E+00 -3.801368007E-01  1.293824785E+00  1.952863534E+00
 -1.364533701E+00 -4.259503447E-01  1.300877204E+00  1.930192953E+00
 -1.364394502E+00 -4.715180209E-01  1.308052223E+00  1.907775334E+00
 -1.362748096E+00 -5.167906795E-01  1.315344737E+00  1.885632527E+00
 -1.359622533E+00 -5.617212409E-01  1.322749333E+00  1.863784830E+00
 -1.355046982E+00 -6.062646869E-01  1.330260276E+00  1.842251036E+00
 -1.349051592E+00 -6.503780456E-01  1.337871504E+00  1.821048477E+00
 -1.341667366E+00 -6.940203678E-01  1.345576620E+00  1.800193075E+00
 -1.332926042E+00 -7.371526975E-01  1.353368880E+00  1.779699398E+00
 -1.322859978E+00 -7.797380368E-01  1.361241190E+00  1.759580713E+00
 -1.311502044E+00 -8.217413056E-01  1.369186101E+00  1.739849047E+00
 -1.298885520E+00 -8.631292962E-01  1.377195801E+00  1.720515242E+00
 -1.285044005E+00 -9.038706247E-01  1.385262113E+00  1.701589021E+00
 -1.270011324E+00 -9.439356791E-01  1.393376493E+00  1.683079042E+00
 -1.253821449E+00 -9.832965645E-01  1.401530030E+00  1.664992963E+00
 -1.236508421E+00 -1.021927045E+00  1.409713446E+00  1.647337498E+00
 -1.218106285E+00 -1.059802488E+00  1.417917099E+00  1.630118479E+00
 -1.198649023E+00 -1.096899797E+00  1.426130987E+00  1.613340913E+00
 -1.178170496E+00 -1.133197360E+00  1.434344755E+00  1.597009039E+00
 -1.156704395E+00 -1.168674980E+00  1.442547704E+00  1.581126385E+00
 -1.134284192E+00 -1.203313817E+00  1.450728800E+00  1.565695819E+00
 -1.110943099E+00 -1.237096324E+00  1.458876689E+00  1.550719604E+00
 -1.086714030E+00 -1.270006189E+00  1.466979713E+00  1.536199448E+00
 -1.061629574E+00 -1.302028268E+00  1.475025925E+00  1.522136553E+00
 -1.035721961E+00 -1.333148533E+00  1.483003111E+00  1.508531659E+00
 -1.009023043E+00 -1.363354007E+00  1.490898816E+00  1.495385093E+00
 -9.815642744E-01 -1.392632708E+00  1.498700365E+00  1.482696809E+00
 -9.533766955E-01 -1.420973593E+00  1.506394895E+00  1.470466428E+00
 -9.244909208E-01 -1.448366504E+00  1.513969384E+00  1.458693280E+00
 -8.949371305E-01 -1.474802115E+00  1.521410686E+00  1.447376437E+00
 -8.647450650E-01 -1.500271876E+00  1.528705566E+00  1.436514750E+00
 -8.339440223E-01 -1.524767969E+00  1.535840739E+00  1.426106880E+00
 -8.025628579E-01 -1.548283260E+00  1.542802913E+00  1.416151331E+00
 -7.706299876E-01 -1.570811247E+00  1.549578829E+00  1.406646478E+00
 -7.381733918E-01 -1.592346023E+00  1.556155305E+00  1.397590593E+00
 -7.052206231E-01 -1.612882230E+00  1.562519289E+00  1.388981871E+00
 -6.717988149E-01 -1.632415020E+00  1.568657900E+00  1.380818457E+00
 -6.379346924E-01 -1.650940019E+00  1.574558482E+00  1.373098464E+00
 -6.036545847E-01 -1.668453287E+00  1.580208653E+00  1.365819993E+00
 -5.689844391E-01 -1.684951286E+00  1.585596356E+00  1.358981159E+00
 -5.339498363E-01 -1.700430851E+00  1.590709911E+00  1.352580098E+00
 -4.985760073E-01 -1.714889156E+00  1.595538065E+00  1.346614994E+00
 -4.628878507E-01 -1.728323685E+00  1.600070041E+00  1.341084088E+00
 -4.269099520E-01 -1.740732213E+00  1.604295594E+00  1.335985691E+00
 -3.906666032E-01 -1.752112774E+00  1.608205050E+00  1.331318200E+00
 -3.541818232E-01 -1.762463643E+00  1.611789362E+00  1.327080107E+00
 -3.174793797E-01 -1.771783317E+00  1.615040148E+00  1.323270010E+00
 -2.805828109E-01 -1.780070493E+00  1.617949733E+00  1.319886623E+00
 -2.435154482E-01 -1.787324054E+00  1.620511193E+00  1.316928782E+00
 -2.063004392E-01 -1.793543055E+00  1.622718387E+00  1.314395453E+00
 -1.689607717E-01 -1.798726709E+00  1.624565987E+00  1.312285740E+00
 -1.315192976E-01 -1.802874375E+00  1.626049511E+00  1.310598888E+00
 -9.399875670E-02 -1.805985554E+00  1.627165344E+00  1.309334286E+00
 -5.642180204E-02 -1.808059876E+00  1.627910756E+00  1.308491475E+00
 -1.881102410E-02 -1.809097097E+00  1.628283920E+00  1.308070146E+00
  1.881102410E-02 -1.809097097E+00  1.628283920E+00  1.308070146E+00
  5.642180204E-02 -1.808059876E+00  1.627910756E+00  1.308491475E+00
  9.399875670E-02 -1.805985554E+00  1.627165344E+00  1.309334286E+00
  1.315192976E-01 -1.802874375E+00  1.626049511E+00  1.310598888E+00
  1.689607717E-01 -1.798726709E+00  1.624565987E+00  1.312285740E+00
  2.063004392E-01 -1.793543055E+00  1.622718387E+00  1.314395453E+00
  2.435154482E-01 -1.787324054E+00  1.620511193E+00  1.316928782E+00
  2.805828109E-01 -1.780070493E+00  1.617949733E+00  1.319886623E+00
  3.174793797E-01 -1.771783317E+00  1.615040148E+00  1.323270010E+00
  3.541818232E-01 -1.762463643E+00  1.611789362E+00  1.327080107E+00
  3.906666032E-01 -1.752112774E+00  1.608205050E+00  1.331318200E+00
  4.269099520E-01 -1.740732213E+00  1.604295594E+00  1.335985691E+00
  4.628878507E-01 -1.728323685E+00  1.600070041E+00  1.341084088E+00
  4.985760073E-01 -1.714889156E+00  1.595538065E+00  1.346614994E+00
  5.339498363E-01 -1.700430851E+00  1.590709911E+00  1.352580098E+00
  5.689844391E-01 -1.684951286E+00  1.585596356E+00  1.358981159E+00
  6.036545847E-01 -1.668453287E+00  1.580208653E+00  1.365819993E+00
  6.379346924E-01 -1.650940019E+00  1.574558482E+00  1.373098464E+00
  6.717988149E-01 -1.632415020E+00  1.568657900E+00  1.380818457E+00
  7.052206231E-01 -1.612882230E+00  1.562519289E+00  1.388981871E+00
  7.381733918E-01 -1.592346023E+00  1.556155305E+00  1.397590593E+00
  7.706299876E-01 -1.570811247E+00  1.549578829E+00  1.406646478E+00
  8.025628579E-01 -1.548283260E+00  1.542802913E+00  1.416151331E+00
  8.339440223E-01 -1.524767969E+00  1.535840739E+00  1.426106880E+00
  8.647450650E-01 -1.500271876E+00  1.528705566E+00  1.436514750E+00
  8.949371305E-01 -1.474802115E+00  1.521410686E+00  1.447376437E+00
  9.244909208E-01 -1.448366504E+00  1.513969384E+00  1.458693280E+00
  9.533766955E-01 -1.420973593E+00  1.506394895E+00  1.470466428E+00
  9.815642744E-01 -1.392632708E+00  1.498700365E+00  1.482696809E+00
  1.009023043E+00 -1.363354007E+00  1.490898816E+00  1.495385093E+00
  1.035721961E+00 -1.333148533E+00  1.483003111E+00  1.508531659E+00
  1.061629574E+00 -1.302028268E+00  1.475025925E+00  1.522136553E+00
  1.086714030E+00 -1.270006189E+00  1.466979713E+00  1.536199448E+00
  1.110943099E+00 -1.237096324E+00  1.458876689E+00  1.550719604E+00
  1.134284192E+00 -1.203313817E+00  1.450728800E+00  1.565695819E+00
  1.156704395E+00 -1.168674980E+00  1.442547704E+00  1.581126385E+00
  1.178170496E+00 -1.133197360E+00  1.434344755E+00  1.597009039E+00
  1.198649023E+00 -1.096899797E+00  1.426130987E+00  1.613340913E+00
  1.218106285E+00 -1.059802488E+00  1.417917099E+00  1.630118479E+00
  1.236508421E+00 -1.021927045E+00  1.409713446E+00  1.647337498E+00
  1.253821449E+00 -9.832965645E-01  1.401530030E+00  1.664992963E+00
  1.270011324E+00 -9.439356791E-01  1.393376493E+00  1.683079042E+00
  1.285044005E+00 -9.038706247E-01  1.385262113E+00  1.701589021E+00
  1.298885520E+00 -8.631292962E-01  1.377195801E+00  1.720515242E+00
  1.311502044E+00 -8.217413056E-01  1.369186101E+00  1.739849047E+00
  1.322859978E+00 -7.797380368E-01  1.361241190E+00  1.759580713E+00
  1.332926042E+00 -7.371526975E-01  1.353368880E+00  1.779699398E+00
  1.341667366E+00 -6.940203678E-01  1.345576620E+00  1.800193075E+00
  1.349051592E+00 -6.503780456E-01  1.337871504E+00  1.821048477E+00
  1.355046982E+00 -6.062646869E-01  1.330260276E+00  1.842251036E+00
  1.359622533E+00 -5.617212409E-01  1.322749333E+00  1.863784830E+00
  1.362748096E+00 -5.167906795E-01  1.315344737E+00  1.885632527E+00
  1.364394502E+00 -4.715180209E-01  1.308052223E+00  1.907775334E+00
  1.364533701E+00 -4.259503447E-01  1.300877204E+00  1.930192953E+00
  1.363138890E+00 -3.801368007E-01  1.293824785E+00  1.952863534E+00
  1.360184668E+00 -3.341286077E-01  1.286899770E+00  1.975763641E+00
  1.355647177E+00 -2.879790436E-01  1.280106676E+00  1.998868216E+00
  1.349504257E+00 -2.417434259E-01  1.273449737E+00  2.022150557E+00
  1.341735606E+00 -1.954790801E-01  1.266932922E+00  2.045582300E+00
  1.332322936E+00 -1.492452980E-01  1.260559941E+00  2.069133407E+00
  1.321250138E+00 -1.031032831E-01  1.254334260E+00  2.092772167E+00
  1.308503447E+00 -5.711608327E-02  1.248259107E+00  2.116465203E+00
  1.294071601E+00 -1.134851052E-02  1.242337487E+00  2.140177496E+00
  1.277946011E+00  3.413295333E-02  1.236572192E+00  2.163872414E+00
  1.260120919E+00  7.926026516E-02  1.230965810E+00  2.187511753E+00
  1.240593561E+00  1.239639436E-01  1.225520738E+00  2.211055799E+00
  1.219364318E+00  1.681732065E-01  1.220239191E+00  2.234463393E+00
  1.196436866E+00  2.118161244E-01  1.215123210E+00  2.257692017E+00
  1.171818323E+00  2.548197868E-01  1.210174679E+00  2.280697890E+00
  1.145519378E+00  2.971104858E-01  1.205395324E+00  2.303436082E+00
  1.117554417E+00  3.386139117E-01  1.200786733E+00  2.325860643E+00
  1.087941636E+00  3.792553640E-01  1.196350358E+00  2.347924740E+00
  1.056703140E+00  4.189599756E-01  1.192087524E+00  2.369580816E+00
  1.023865030E+00  4.576529489E-01  1.187999442E+00  2.390780763E+00
  9.894574691E-01  4.952598044E-01  1.184087212E+00  2.411476098E+00
  9.535147378E-01  5.317066388E-01  1.180351834E+00  2.431618168E+00
  9.160752652E-01  5.669203932E-01  1.176794212E+00  2.451158352E+00
  8.771816437E-01  6.008291282E-01  1.173415166E+00  2.470048282E+00
  8.368806207E-01  6.333623056E-01  1.170215432E+00  2.488240071E+00
  7.952230690E-01  6.644510743E-01  1.167195673E+00  2.505686546E+00
  7.522639354E-01  6.940285581E-01  1.164356484E+00  2.522341492E+00
  7.080621641E-01  7.220301443E-01  1.161698396E+00  2.538159896E+00
  6.626805979E-01  7.483937702E-01  1.159221883E+00  2.553098189E+00
  6.161858546E-01  7.730602058E-01  1.156927365E+00  2.567114501E+00
  5.686481798E-01  7.959733297E-01  1.154815214E+00  2.580168896E+00
  5.201412761E-01  8.170803969E-01  1.152885757E+00  2.592223616E+00
  4.707421090E-01  8.363322949E-01  1.151139280E+00  2.603243305E+00
  4.205306907E-01  8.536837875E-01  1.149576032E+00  2.613195238E+00
  3.695898429E-01  8.690937422E-01  1.148196227E+00  2.622049523E+00
  3.180049387E-01  8.825253409E-01  1.147000049E+00  2.629779294E+00
  2.658636275E-01  8.939462704E-01  1.145987651E+00  2.636360892E+00
  2.132555421E-01  9.033288916E-01  1.145159158E+00  2.641774018E+00
  1.602719916E-01  9.106503859E-01  1.144514673E+00  2.646001871E+00
  1.070056415E-01  9.158928770E-01  1.144054273E+00  2.649031266E+00
  5.355018405E-02  9.190435264E-01  1.143778011E+00  2.650852715E+00
  1.994129842E-16  9.200946034E-01  1.143685920E+00  2.651460501E+00
 -1.952841687E-16  8.917958474E-01  1.126950848E+00  2.542800987E+00
 -5.244156011E-02  8.907697068E-01  1.127040263E+00  2.542230174E+00
 -1.047911002E-01  8.876937761E-01  1.127308497E+00  2.540519507E+00
 -1.569569314E-01  8.825755157E-01  1.127755516E+00  2.537674282E+00
 -2.088480245E-01  8.754273150E-01  1.128381260E+00  2.533703287E+00
 -2.603743340E-01  8.662664270E-01  1.129185645E+00  2.528618742E+00
 -3.114471138E-01  8.551148769E-01  1.130168561E+00  2.522436217E+00
 -3.619792246E-01  8.419993461E-01  1.131329873E+00  2.515174527E+00
 -4.118854278E-01  8.269510333E-01  1.132669415E+00  2.506855606E+00
 -4.610826672E-01  8.100054933E-01  1.134186989E+00  2.497504367E+00
 -5.094903338E-01  7.912024551E-01  1.135882368E+00  2.487148537E+00
 -5.570305133E-01  7.705856222E-01  1.137755285E+00  2.475818482E+00
 -6.036282154E-01  7.482024548E-01  1.139805437E+00  2.463547016E+00
 -6.492115819E-01  7.241039384E-01  1.142032477E+00  2.450369199E+00
 -6.937120751E-01  6.983443388E-01  1.144436013E+00  2.436322128E+00
 -7.370646430E-01  6.709809468E-01  1.147015603E+00  2.421444715E+00
 -7.792078624E-01  6.420738141E-01  1.149770753E+00  2.405777466E+00
 -8.200840600E-01  6.116854841E-01  1.152700909E+00  2.389362254E+00
 -8.596394102E-01  5.798807168E-01  1.155805453E+00  2.372242093E+00
 -8.978240095E-01  5.467262135E-01  1.159083698E+00  2.354460913E+00
 -9.345919304E-01  5.122903401E-01  1.162534885E+00  2.336063336E+00
 -9.699012519E-01  4.766428533E-01  1.166158173E+00  2.317094461E+00
 -1.003714070E+00  4.398546303E-01  1.169952635E+00  2.297599653E+00
 -1.035996488E+00  4.019974042E-01  1.173917250E+00  2.277624340E+00
 -1.066718586E+00  3.631435059E-01  1.178050897E+00  2.257213820E+00
 -1.095854377E+00  3.233656154E-01  1.182352348E+00  2.236413082E+00
 -1.123381740E+00  2.827365220E-01  1.186820261E+00  2.215266629E+00
 -1.149282342E+00  2.413288962E-01  1.191453168E+00  2.193818326E+00
 -1.173541549E+00  1.992150724E-01  1.196249472E+00  2.172111248E+00
 -1.196148312E+00  1.564668452E-01  1.201207436E+00  2.150187552E+00
 -1.217095058E+00  1.131552781E-01  1.206325173E+00  2.128088354E+00
 -1.236377560E+00  6.935052599E-02  1.211600639E+00  2.105853625E+00
 -1.253994803E+00  2.512167220E-02  1.217031624E+00  2.083522096E+00
 -1.269948842E+00 -1.946342132E-02  1.222615738E+00  2.061131179E+00
 -1.284244654E+00 -6.433824899E-02  1.228350408E+00  2.038716903E+00
 -1.296889988E+00 -1.094377826E-01  1.234232863E+00  2.016313854E+00
 -1.307895209E+00 -1.546985788E-01  1.240260124E+00  1.993955135E+00
 -1.317273143E+00 -2.000588724E-01  1.246428996E+00  1.971672335E+00
 -1.325038918E+00 -2.454586569E-01  1.252736058E+00  1.949495506E+00
 -1.331209808E+00 -2.908397521E-01  1.259177650E+00  1.927453156E+00
 -1.335805076E+00 -3.361458594E-01  1.265749863E+00  1.905572240E+00
 -1.338845822E+00 -3.813226056E-01  1.272448534E+00  1.883878174E+00
 -1.340354831E+00 -4.263175753E-01  1.279269227E+00  1.862394847E+00
 -1.340356423E+00 -4.710803331E-01  1.286207232E+00  1.841144638E+00
 -1.338876314E+00 -5.155624360E-01  1.293257548E+00  1.820148450E+00
 -1.335941472E+00 -5.597174366E-01  1.300414879E+00  1.799425742E+00
 -1.331579986E+00 -6.035008780E-01  1.307673625E+00  1.778994561E+00
 -1.325820936E+00 -6.468702808E-01  1.315027869E+00  1.758871592E+00
 -1.318694271E+00 -6.897851235E-01  1.322471376E+00  1.739072200E+00
 -1.310230689E+00 -7.322068160E-01  1.329997579E+00  1.719610477E+00
 -1.300461529E+00 -7.740986676E-01  1.337599580E+00  1.700499294E+00
 -1.289418662E+00 -8.154258501E-01  1.345270140E+00  1.681750359E+00
 -1.277134396E+00 -8.561553563E-01  1.353001678E+00  1.663374260E+00
 -1.263641381E+00 -8.962559544E-01  1.360786266E+00  1.645380529E+00
 -1.248972523E+00 -9.356981393E-01  1.368615627E+00  1.627777697E+00
 -1.233160902E+00 -9.744540815E-01  1.376481138E+00  1.610573342E+00
 -1.216239701E+00 -1.012497572E+00  1.384373827E+00  1.593774152E+00
 -1.198242133E+00 -1.049803970E+00  1.392284382E+00  1.577385976E+00
 -1.179201383E+00 -1.086350139E+00  1.400203148E+00  1.561413880E+00
 -1.159150546E+00 -1.122114396E+00  1.408120141E+00  1.545862195E+00
 -1.138122578E+00 -1.157076449E+00  1.416025050E+00  1.530734576E+00
 -1.116150251E+00 -1.191217339E+00  1.423907255E+00  1.516034047E+00
 -1.093266106E+00 -1.224519378E+00  1.431755833E+00  1.501763051E+00
 -1.069502423E+00 -1.256966095E+00  1.439559577E+00  1.487923497E+00
 -1.044891182E+00 -1.288542173E+00  1.447307013E+00  1.474516808E+00
 -1.019464041E+00 -1.319233394E+00  1.454986419E+00  1.461543961E+00
 -9.932523070E-01 -1.349026581E+00  1.462585849E+00  1.449005532E+00
 -9.662869209E-01 -1.377909545E+00  1.470093154E+00  1.436901734E+00
 -9.385984378E-01 -1.405871026E+00  1.477496015E+00  1.425232458E+00
 -9.102170161E-01 -1.432900642E+00  1.484781969E+00  1.413997306E+00
 -8.811724071E-01 -1.458988841E+00  1.491938441E+00  1.403195627E+00
 -8.514939488E-01 -1.484126846E+00  1.498952779E+00  1.392826551E+00
 -8.212105627E-01 -1.508306608E+00  1.505812292E+00  1.382889021E+00
 -7.903507522E-01 -1.531520764E+00  1.512504289E+00  1.373381816E+00
 -7.589426049E-01 -1.553762584E+00  1.519016115E+00  1.364303586E+00
 -7.270137954E-01 -1.575025937E+00  1.525335202E+00  1.355652875E+00
 -6.945915924E-01 -1.595305244E+00  1.531449106E+00  1.347428142E+00
 -6.617028657E-01 -1.614595443E+00  1.537345555E+00  1.339627789E+00
 -6.283740964E-01 -1.632891947E+00  1.543012497E+00  1.332250179E+00
 -5.946313882E-01 -1.650190615E+00  1.548438146E+00  1.325293657E+00
 -5.605004801E-01 -1.666487714E+00  1.553611030E+00  1.318756566E+00
 -5.260067611E-01 -1.681779891E+00  1.558520041E+00  1.312637268E+00
 -4.911752855E-01 -1.696064142E+00  1.563154480E+00  1.306934155E+00
 -4.560307896E-01 -1.709337783E+00  1.567504108E+00  1.301645666E+00
 -4.205977098E-01 -1.721598429E+00  1.571559189E+00  1.296770301E+00
 -3.849002011E-01 -1.732843967E+00  1.575310538E+00  1.292306629E+00
 -3.489621567E-01 -1.743072535E+00  1.578749565E+00  1.288253305E+00
 -3.128072288E-01 -1.752282504E+00  1.581868312E+00  1.284609073E+00
 -2.764588489E-01 -1.760472456E+00  1.584659500E+00  1.281372781E+00
 -2.399402501E-01 -1.767641172E+00  1.587116558E+00  1.278543384E+00
 -2.032744891E-01 -1.773787617E+00  1.589233660E+00  1.276119954E+00
 -1.664844687E-01 -1.778910927E+00  1.591005755E+00  1.274101685E+00
 -1.295929610E-01 -1.783010397E+00  1.592428592E+00  1.272487895E+00
 -9.262263060E-02 -1.786085474E+00  1.593498744E+00  1.271278038E+00
 -5.559605828E-02 -1.788135750E+00  1.594213622E+00  1.270471698E+00
 -1.853576488E-02 -1.789160955E+00  1.594571496E+00  1.270068597E+00
  1.853576488E-02 -1.789160955E+00  1.594571496E+00  1.270068597E+00
  5.559605828E-02 -1.788135750E+00  1.594213622E+00  1.270471698E+00
  9.262263060E-02 -1.786085474E+00  1.593498744E+00  1.271278038E+00
  1.295929610E-01 -1.783010397E+00  1.592428592E+00  1.272487895E+00
  1.664844687E-01 -1.778910927E+00  1.591005755E+00  1.274101685E+00
  2.032744891E-01 -1.773787617E+00  1.589233660E+00  1.276119954E+00
  2.399402501E-01 -1.767641172E+00  1.587116558E+00  1.278543384E+00
  2.764588489E-01 -1.760472456E+00  1.584659500E+00  1.281372781E+00
  3.128072288E-01 -1.752282504E+00  1.581868312E+00  1.284609073E+00
  3.489621567E-01 -1.743072535E+00  1.578749565E+00  1.288253305E+00
  3.849002011E-01 -1.732843967E+00  1.575310538E+00  1.292306629E+00
  4.205977098E-01 -1.721598429E+00  1.571559189E+00  1.296770301E+00
  4.560307896E-01 -1.709337783E+00  1.567504108E+00  1.301645666E+00
  4.911752855E-01 -1.696064142E+00  1.563154480E+00  1.306934155E+00
  5.260067611E-01 -1.681779891E+00  1.558520041E+00  1.312637268E+00
  5.605004801E-01 -1.666487714E+00  1.553611030E+00  1.318756566E+00
  5.946313882E-01 -1.650190615E+00  1.548438146E+00  1.325293657E+00
  6.283740964E-01 -1.632891947E+00  1.543012497E+00  1.332250179E+00
  6.617028657E-01 -1.614595443E+00  1.537345555E+00  1.339627789E+00
  6.945915924E-01 -1.595305244E+00  1.531449106E+00  1.347428142E+00
  7.270137954E-01 -1.575025937E+00  1.525335202E+00  1.355652875E+00
  7.589426049E-01 -1.553762584E+00  1.519016115E+00  1.364303586E+00
  7.903507522E-01 -1.531520764E+00  1.512504289E+00  1.373381816E+00
  8.212105627E-01 -1.508306608E+00  1.505812292E+00  1.382889021E+00
  8.514939488E-01 -1.484126846E+00  1.498952779E+00  1.392826551E+00
  8.811724071E-01 -1.458988841E+00  1.491938441E+00  1.403195627E+00
  9.102170161E-01 -1.432900642E+00  1.484781969E+00  1.413997306E+00
  9.385984378E-01 -1.405871026E+00  1.477496015E+00  1.425232458E+00
  9.662869209E-01 -1.377909545E+00  1.470093154E+00  1.436901734E+00
  9.932523070E-01 -1.349026581E+00  1.462585849E+00  1.449005532E+00
  1.019464041E+00 -1.319233394E+00  1.454986419E+00  1.461543961E+00
  1.044891182E+00 -1.288542173E+00  1.447307013E+00  1.474516808E+00
  1.069502423E+00 -1.256966095E+00  1.439559577E+00  1.487923497E+00
  1.093266106E+00 -1.224519378E+00  1.431755833E+00  1.501763051E+00
  1.116150251E+00 -1.191217339E+00  1.423907255E+00  1.516034047E+00
  1.138122578E+00 -1.157076449E+00  1.416025050E+00  1.530734576E+00
  1.159150546E+00 -1.122114396E+00  1.408120141E+00  1.545862195E+00
  1.179201383E+00 -1.086350139E+00  1.400203148E+00  1.561413880E+00
  1.198242133E+00 -1.049803970E+00  1.392284382E+00  1.577385976E+00
  1.216239701E+00 -1.012497572E+00  1.384373827E+00  1.593774152E+00
  1.233160902E+00 -9.744540815E-01  1.376481138E+00  1.610573342E+00
  1.248972523E+00 -9.356981393E-01  1.368615627E+00  1.627777697E+00
  1.263641381E+00 -8.962559544E-01  1.360786266E+00  1.645380529E+00
  1.277134396E+00 -8.561553563E-01  1.353001678E+00  1.663374260E+00
  1.289418662E+00 -8.154258501E-01  1.345270140E+00  1.681750359E+00
  1.300461529E+00 -7.740986676E-01  1.337599580E+00  1.700499294E+00
  1.310230689E+00 -7.322068160E-01  1.329997579E+00  1.719610477E+00
  1.318694271E+00 -6.897851235E-01  1.322471376E+00  1.739072200E+00
  1.325820936E+00 -6.468702808E-01  1.315027869E+00  1.758871592E+00
  1.331579986E+00 -6.035008780E-01  1.307673625E+00  1.778994561E+00
  1.335941472E+00 -5.597174366E-01  1.300414879E+00  1.799425742E+00
  1.338876314E+00 -5.155624360E-01  1.293257548E+00  1.820148450E+00
  1.340356423E+00 -4.710803331E-01  1.286207232E+00  1.841144638E+00
  1.340354831E+00 -4.263175753E-01  1.279269227E+00  1.862394847E+00
  1.338845822E+00 -3.813226056E-01  1.272448534E+00  1.883878174E+00
  1.335805076E+00 -3.361458594E-01  1.265749863E+00  1.905572240E+00
  1.331209808E+00 -2.908397521E-01  1.259177650E+00  1.927453156E+00
  1.325038918E+00 -2.454586569E-01  1.252736058E+00  1.949495506E+00
  1.317273143E+00 -2.000588724E-01  1.246428996E+00  1.971672335E+00
  1.307895209E+00 -1.546985788E-01  1.240260124E+00  1.993955135E+00
  1.296889988E+00 -1.094377826E-01  1.234232863E+00  2.016313854E+00
  1.284244654E+00 -6.433824899E-02  1.228350408E+00  2.038716903E+00
  1.269948842E+00 -1.946342132E-02  1.222615738E+00  2.061131179E+00
  1.253994803E+00  2.512167220E-02  1.217031624E+00  2.083522096E+00
  1.236377560E+00  6.935052599E-02  1.211600639E+00  2.105853625E+00
  1.217095058E+00  1.131552781E-01  1.206325173E+00  2.128088354E+00
  1.196148312E+00  1.564668452E-01  1.201207436E+00  2.150187552E+00
  1.173541549E+00  1.992150724E-01  1.196249472E+00  2.172111248E+00
  1.149282342E+00  2.413288962E-01  1.191453168E+00  2.193818326E+00
  1.123381740E+00  2.827365220E-01  1.186820261E+00  2.215266629E+00
  1.095854377E+00  3.233656154E-01  1.182352348E+00  2.236413082E+00
  1.066718586E+00  3.631435059E-01  1.178050897E+00  2.257213820E+00
  1.035996488E+00  4.019974042E-01  1.173917250E+00  2.277624340E+00
  1.003714070E+00  4.398546303E-01  1.169952635E+00  2.297599653E+00
  9.699012519E-01  4.766428533E-01  1.166158173E+00  2.317094461E+00
  9.345919304E-01  5.122903401E-01  1.162534885E+00  2.336063336E+00
  8.978240095E-01  5.467262135E-01  1.159083698E+00  2.354460913E+00
  8.596394102E-01  5.798807168E-01  1.155805453E+00  2.372242093E+00
  8.200840600E-01  6.116854841E-01  1.152700909E+00  2.389362254E+00
  7.792078624E-01  6.420738141E-01  1.149770753E+00  2.405777466E+00
  7.370646430E-01  6.709809468E-01  1.147015603E+00  2.421444715E+00
  6.937120751E-01  6.983443388E-01  1.144436013E+00  2.436322128E+00
  6.492115819E-01  7.241039384E-01  1.142032477E+00  2.450369199E+00
  6.036282154E-01  7.482024548E-01  1.139805437E+00  2.463547016E+00
  5.570305133E-01  7.705856222E-01  1.137755285E+00  2.475818482E+00
  5.094903338E-01  7.912024551E-01  1.135882368E+00  2.487148537E+00
  4.610826672E-01  8.100054933E-01  1.134186989E+00  2.497504367E+00
  4.118854278E-01  8.269510333E-01  1.132669415E+00  2.506855606E+00
  3.619792246E-01  8.419993461E-01  1.131329873E+00  2.515174527E+00
  3.114471138E-01  8.551148769E-01  1.130168561E+00  2.522436217E+00
  2.603743340E-01  8.662664270E-01  1.129185645E+00  2.528618742E+00
  2.088480245E-01  8.754273150E-01  1.128381260E+00  2.533703287E+00
  1.569569314E-01  8.825755157E-01  1.127755516E+00  2.537674282E+00
  1.047911002E-01  8.876937761E-01  1.127308497E+00  2.540519507E+00
  5.244156011E-02  8.907697068E-01  1.127040263E+00  2.542230174E+00
  1.952841687E-16  8.917958474E-01  1.126950848E+00  2.542800987E+00
 -1.912796784E-16  8.642652761E-01  1.110520238E+00  2.439585045E+00
 -5.136631355E-02  8.632632020E-01  1.110607065E+00  2.439048631E+00
 -1.026432020E-01  8.602593850E-01  1.110867533E+00  2.437441029E+00
 -1.537415577E-01  8.552610276E-01  1.111301606E+00  2.434767152E+00
 -2.045729054E-01  8.482800924E-01  1.111909218E+00  2.431035147E+00
 -2.550497124E-01  8.393332388E-01  1.112690282E+00  2.426256349E+00
 -3.050856924E-01  8.284417365E-01  1.113644679E+00  2.420445198E+00
 -3.545960991E-01  8.156313551E-01  1.114772263E+00  2.413619148E+00
 -4.034980098E-01  8.009322316E-01  1.116072860E+00  2.405798551E+00
 -4.517105948E-01  7.843787170E-01  1.117546258E+00  2.397006528E+00
 -4.991553728E-01  7.660092033E-01  1.119192217E+00  2.387268818E+00
 -5.457564491E-01  7.458659323E-01  1.121010455E+00  2.376613619E+00
 -5.914407361E-01  7.239947891E-01  1.123000652E+00  2.365071413E+00
 -6.361381552E-01  7.004450801E-01  1.125162444E+00  2.352674779E+00
 -6.797818181E-01  6.752693001E-01  1.127495423E+00  2.339458203E+00
 -7.223081876E-01  6.485228879E-01  1.129999126E+00  2.325457873E+00
 -7.636572170E-01  6.202639744E-01  1.132673039E+00  2.310711478E+00
 -8.037724678E-01  5.905531245E-01  1.135516589E+00  2.295257997E+00
 -8.426012063E-01  5.594530745E-01  1.138529137E+00  2.279137494E+00
 -8.800944776E-01  5.270284678E-01  1.141709978E+00  2.262390907E+00
 -9.162071597E-01  4.933455901E-01  1.145058330E+00  2.245059845E+00
 -9.508979954E-01  4.584721063E-01  1.148573333E+00  2.227186384E+00
 -9.841296054E-01  4.224768014E-01  1.152254042E+00  2.208812881E+00
 -1.015868481E+00  3.854293252E-01  1.156099416E+00  2.189981777E+00
 -1.046084961E+00  3.473999449E-01  1.160108320E+00  2.170735423E+00
 -1.074753185E+00  3.084593045E-01  1.164279508E+00  2.151115911E+00
 -1.101851041E+00  2.686781940E-01  1.168611626E+00  2.131164914E+00
 -1.127360088E+00  2.281273285E-01  1.173103195E+00  2.110923536E+00
 -1.151265470E+00  1.868771382E-01  1.177752610E+00  2.090432180E+00
 -1.173555819E+00  1.449975707E-01  1.182558127E+00  2.069730418E+00
 -1.194223142E+00  1.025579051E-01  1.187517859E+00  2.048856883E+00
 -1.213262706E+00  5.962657985E-02  1.192629764E+00  2.027849165E+00
 -1.230672904E+00  1.627103274E-02  1.197891637E+00  2.006743728E+00
 -1.246455127E+00 -2.744244472E-02  1.203301102E+00  1.985575827E+00
 -1.260613622E+00 -7.144884003E-02  1.208855602E+00  1.964379450E+00
 -1.273155345E+00 -1.156845387E-01  1.214552387E+00  1.943187261E+00
 -1.284089818E+00 -1.600874304E-01  1.220388511E+00  1.922030561E+00
 -1.293428975E+00 -2.045970015E-01  1.226360814E+00  1.900939254E+00
 -1.301187013E+00 -2.491544153E-01  1.232465919E+00  1.879941824E+00
 -1.307380246E+00 -2.937025802E-01  1.238700219E+00  1.859065329E+00
 -1.312026946E+00 -3.381862056E-01  1.245059870E+00  1.838335389E+00
 -1.315147205E+00 -3.825518469E-01  1.251540776E+00  1.817776196E+00
 -1.316762782E+00 -4.267479392E-01  1.258138586E+00  1.797410520E+00
 -1.316896965E+00 -4.707248220E-01  1.264848682E+00  1.777259732E+00
 -1.315574428E+00 -5.144347532E-01  1.271666169E+00  1.757343826E+00
 -1.312821103E+00 -5.578319150E-01  1.278585868E+00  1.737681446E+00
 -1.308664044E+00 -6.008724117E-01  1.285602309E+00  1.718289922E+00
 -1.303131303E+00 -6.435142588E-01  1.292709719E+00  1.699185306E+00
 -1.296251813E+00 -6.857173670E-01  1.299902021E+00  1.680382414E+00
 -1.288055273E+00 -7.274435187E-01  1.307172826E+00  1.661894870E+00
 -1.278572038E+00 -7.686563387E-01  1.314515422E+00  1.643735151E+00
 -1.267833016E+00 -8.093212611E-01  1.321922778E+00  1.625914635E+00
 -1.255869574E+00 -8.494054905E-01  1.329387537E+00  1.608443652E+00
 -1.242713445E+00 -8.888779597E-01  1.336902010E+00  1.591331533E+00
 -1.228396644E+00 -9.277092848E-01  1.344458181E+00  1.574586661E+00
 -1.212951388E+00 -9.658717161E-01  1.352047704E+00  1.558216519E+00
 -1.196410023E+00 -1.003339088E+00  1.359661905E+00  1.542227749E+00
 -1.178804957E+00 -1.040086765E+00  1.367291785E+00  1.526626193E+00
 -1.160168597E+00 -1.076091590E+00  1.374928027E+00  1.511416949E+00
 -1.140533293E+00 -1.111331826E+00  1.382561000E+00  1.496604418E+00
 -1.119931286E+00 -1.145787103E+00  1.390180770E+00  1.482192353E+00
 -1.098394660E+00 -1.179438359E+00  1.397777108E+00  1.468183904E+00
 -1.075955305E+00 -1.212267784E+00  1.405339505E+00  1.454581664E+00
 -1.052644875E+00 -1.244258765E+00  1.412857187E+00  1.441387717E+00
 -1.028494757E+00 -1.275395829E+00  1.420319129E+00  1.428603675E+00
 -1.003536044E+00 -1.305664587E+00  1.427714079E+00  1.416230722E+00
 -9.777995111E-01 -1.335051680E+00  1.435030574E+00  1.404269652E+00
 -9.513155910E-01 -1.363544724E+00  1.442256968E+00  1.392720908E+00
 -9.241143616E-01 -1.391132260E+00  1.449381458E+00  1.381584619E+00
 -8.962255304E-01 -1.417803702E+00  1.456392110E+00  1.370860630E+00
 -8.676784246E-01 -1.443549284E+00  1.463276892E+00  1.360548542E+00
 -8.385019838E-01 -1.468360017E+00  1.470023706E+00  1.350647733E+00
 -8.087247553E-01 -1.492227637E+00  1.476620421E+00  1.341157398E+00
 -7.783748927E-01 -1.515144565E+00  1.483054914E+00  1.332076567E+00
 -7.474801561E-01 -1.537103858E+00  1.489315106E+00  1.323404140E+00
 -7.160679151E-01 -1.558099174E+00  1.495389003E+00  1.315138904E+00
 -6.841651539E-01 -1.578124724E+00  1.501264738E+00  1.307279560E+00
 -6.517984777E-01 -1.597175242E+00  1.506930614E+00  1.299824745E+00
 -6.189941221E-01 -1.615245945E+00  1.512375146E+00  1.292773050E+00
 -5.857779631E-01 -1.632332498E+00  1.517587112E+00  1.286123039E+00
 -5.521755288E-01 -1.648430984E+00  1.522555590E+00  1.279873269E+00
 -5.182120133E-01 -1.663537872E+00  1.527270010E+00  1.274022303E+00
 -4.839122906E-01 -1.677649986E+00  1.531720196E+00  1.268568726E+00
 -4.493009310E-01 -1.690764486E+00  1.535896411E+00  1.263511161E+00
 -4.144022174E-01 -1.702878834E+00  1.539789402E+00  1.258848276E+00
 -3.792401631E-01 -1.713990775E+00  1.543390440E+00  1.254578803E+00
 -3.438385309E-01 -1.724098318E+00  1.546691365E+00  1.250701543E+00
 -3.082208519E-01 -1.733199712E+00  1.549684619E+00  1.247215377E+00
 -2.724104459E-01 -1.741293433E+00  1.552363291E+00  1.244119273E+00
 -2.364304421E-01 -1.748378163E+00  1.554721142E+00  1.241412299E+00
 -2.003038003E-01 -1.754452781E+00  1.556752645E+00  1.239093621E+00
 -1.640533323E-01 -1.759516348E+00  1.558453004E+00  1.237162517E+00
 -1.277017246E-01 -1.763568099E+00  1.559818188E+00  1.235618376E+00
 -9.127156021E-02 -1.766607431E+00  1.560844945E+00  1.234460706E+00
 -5.478534161E-02 -1.768633897E+00  1.561530819E+00  1.233689134E+00
 -1.826551363E-02 -1.769647203E+00  1.561874168E+00  1.233303411E+00
  1.826551363E-02 -1.769647203E+00  1.561874168E+00  1.233303411E+00
  5.478534161E-02 -1.768633897E+00  1.561530819E+00  1.233689134E+00
  9.127156021E-02 -1.766607431E+00  1.560844945E+00  1.234460706E+00
  1.277017246E-01 -1.763568099E+00  1.559818188E+00  1.235618376E+00
  1.640533323E-01 -1.759516348E+00  1.558453004E+00  1.237162517E+00
  2.003038003E-01 -1.754452781E+00  1.556752645E+00  1.239093621E+00
  2.364304421E-01 -1.748378163E+00  1.554721142E+00  1.241412299E+00
  2.724104459E-01 -1.741293433E+00  1.552363291E+00  1.244119273E+00
  3.082208519E-01 -1.733199712E+00  1.549684619E+00  1.247215377E+00
  3.438385309E-01 -1.724098318E+00  1.546691365E+00  1.250701543E+00
  3.792401631E-01 -1.713990775E+00  1.543390440E+00  1.254578803E+00
  4.144022174E-01 -1.702878834E+00  1.539789402E+00  1.258848276E+00
  4.493009310E-01 -1.690764486E+00  1.535896411E+00  1.263511161E+00
  4.839122906E-01 -1.677649986E+00  1.531720196E+00  1.268568726E+00
  5.182120133E-01 -1.663537872E+00  1.527270010E+00  1.274022303E+00
  5.521755288E-01 -1.648430984E+00  1.522555590E+00  1.279873269E+00
  5.857779631E-01 -1.632332498E+00  1.517587112E+00  1.286123039E+00
  6.189941221E-01 -1.615245945E+00  1.512375146E+00  1.292773050E+00
  6.517984777E-01 -1.597175242E+00  1.506930614E+00  1.299824745E+00
  6.841651539E-01 -1.578124724E+00  1.501264738E+00  1.307279560E+00
  7.160679151E-01 -1.558099174E+00  1.495389003E+00  1.315138904E+00
  7.474801561E-01 -1.537103858E+00  1.489315106E+00  1.323404140E+00
  7.783748927E-01 -1.515144565E+00  1.483054914E+00  1.332076567E+00
  8.087247553E-01 -1.492227637E+00  1.476620421E+00  1.341157398E+00
  8.385019838E-01 -1.468360017E+00  1.470023706E+00  1.350647733E+00
  8.676784246E-01 -1.443549284E+00  1.463276892E+00  1.360548542E+00
  8.962255304E-01 -1.417803702E+00  1.456392110E+00  1.370860630E+00
  9.241143616E-01 -1.391132260E+00  1.449381458E+00  1.381584619E+00
  9.513155910E-01 -1.363544724E+00  1.442256968E+00  1.392720908E+00
  9.777995111E-01 -1.335051680E+00  1.435030574E+00  1.404269652E+00
  1.003536044E+00 -1.305664587E+00  1.427714079E+00  1.416230722E+00
  1.028494757E+00 -1.275395829E+00  1.420319129E+00  1.428603675E+00
  1.052644875E+00 -1.244258765E+00  1.412857187E+00  1.441387717E+00
  1.075955305E+00 -1.212267784E+00  1.405339505E+00  1.454581664E+00
  1.098394660E+00 -1.179438359E+00  1.397777108E+00  1.468183904E+00
  1.119931286E+00 -1.145787103E+00  1.390180770E+00  1.482192353E+00
  1.140533293E+00 -1.111331826E+00  1.382561000E+00  1.496604418E+00
  1.160168597E+00 -1.076091590E+00  1.374928027E+00  1.511416949E+00
  1.178804957E+00 -1.040086765E+00  1.367291785E+00  1.526626193E+00
  1.196410023E+00 -1.003339088E+00  1.359661905E+00  1.542227749E+00
  1.212951388E+00 -9.658717161E-01  1.352047704E+00  1.558216519E+00
  1.228396644E+00 -9.277092848E-01  1.344458181E+00  1.574586661E+00
  1.242713445E+00 -8.888779597E-01  1.336902010E+00  1.591331533E+00
  1.255869574E+00 -8.494054905E-01  1.329387537E+00  1.608443652E+00
  1.267833016E+00 -8.093212611E-01  1.321922778E+00  1.625914635E+00
  1.278572038E+00 -7.686563387E-01  1.314515422E+00  1.643735151E+00
  1.288055273E+00 -7.274435187E-01  1.307172826E+00  1.661894870E+00
  1.296251813E+00 -6.857173670E-01  1.299902021E+00  1.680382414E+00
  1.303131303E+00 -6.435142588E-01  1.292709719E+00  1.699185306E+00
  1.308664044E+00 -6.008724117E-01  1.285602309E+00  1.718289922E+00
  1.312821103E+00 -5.578319150E-01  1.278585868E+00  1.737681446E+00
  1.315574428E+00 -5.144347532E-01  1.271666169E+00  1.757343826E+00
  1.316896965E+00 -4.707248220E-01  1.264848682E+00  1.777259732E+00
  1.316762782E+00 -4.267479392E-01  1.258138586E+00  1.797410520E+00
  1.315147205E+00 -3.825518469E-01  1.251540776E+00  1.817776196E+00
  1.312026946E+00 -3.381862056E-01  1.245059870E+00  1.838335389E+00
  1.307380246E+00 -2.937025802E-01  1.238700219E+00  1.859065329E+00
  1.301187013E+00 -2.491544153E-01  1.232465919E+00  1.879941824E+00
  1.293428975E+00 -2.045970015E-01  1.226360814E+00  1.900939254E+00
  1.284089818E+00 -1.600874304E-01  1.220388511E+00  1.922030561E+00
  1.273155345E+00 -1.156845387E-01  1.214552387E+00  1.943187261E+00
  1.260613622E+00 -7.144884003E-02  1.208855602E+00  1.964379450E+00
  1.246455127E+00 -2.744244472E-02  1.203301102E+00  1.985575827E+00
  1.230672904E+00  1.627103274E-02  1.197891637E+00  2.006743728E+00
  1.213262706E+00  5.962657985E-02  1.192629764E+00  2.027849165E+00
  1.194223142E+00  1.025579051E-01  1.187517859E+00  2.048856883E+00
  1.173555819E+00  1.449975707E-01  1.182558127E+00  2.069730418E+00
  1.151265470E+00  1.868771382E-01  1.177752610E+00  2.090432180E+00
  1.127360088E+00  2.281273285E-01  1.173103195E+00  2.110923536E+00
  1.101851041E+00  2.686781940E-01  1.168611626E+00  2.131164914E+00
  1.074753185E+00  3.084593045E-01  1.164279508E+00  2.151115911E+00
  1.046084961E+00  3.473999449E-01  1.160108320E+00  2.170735423E+00
  1.015868481E+00  3.854293252E-01  1.156099416E+00  2.189981777E+00
  9.841296054E-01  4.224768014E-01  1.152254042E+00  2.208812881E+00
  9.508979954E-01  4.584721063E-01  1.148573333E+00  2.227186384E+00
  9.162071597E-01  4.933455901E-01  1.145058330E+00  2.245059845E+00
  8.800944776E-01  5.270284678E-01  1.141709978E+00  2.262390907E+00
  8.426012063E-01  5.594530745E-01  1.138529137E+00  2.279137494E+00
  8.037724678E-01  5.905531245E-01  1.135516589E+00  2.295257997E+00
  7.636572170E-01  6.202639744E-01  1.132673039E+00  2.310711478E+00
  7.223081876E-01  6.485228879E-01  1.129999126E+00  2.325457873E+00
  6.797818181E-01  6.752693001E-01  1.127495423E+00  2.339458203E+00
  6.361381552E-01  7.004450801E-01  1.125162444E+00  2.352674779E+00
  5.914407361E-01  7.239947891E-01  1.123000652E+00  2.365071413E+00
  5.457564491E-01  7.458659323E-01  1.121010455E+00  2.376613619E+00
  4.991553728E-01  7.660092033E-01  1.119192217E+00  2.387268818E+00
  4.517105948E-01  7.843787170E-01  1.117546258E+00  2.397006528E+00
  4.034980098E-01  8.009322316E-01  1.116072860E+00  2.405798551E+00
  3.545960991E-01  8.156313551E-01  1.114772263E+00  2.413619148E+00
  3.050856924E-01  8.284417365E-01  1.113644679E+00  2.420445198E+00
  2.550497124E-01  8.393332388E-01  1.112690282E+00  2.426256349E+00
  2.045729054E-01  8.482800924E-01  1.111909218E+00  2.431035147E+00
  1.537415577E-01  8.552610276E-01  1.111301606E+00  2.434767152E+00
  1.026432020E-01  8.602593850E-01  1.110867533E+00  2.437441029E+00
  5.136631355E-02  8.632632020E-01  1.110607065E+00  2.439048631E+00
  1.912796784E-16  8.642652761E-01  1.110520238E+00  2.439585045E+00
 -1.873965433E-16  8.374893620E-01  1.094396559E+00  2.341539281E+00
 -5.032364736E-02  8.365105128E-01  1.094480883E+00  2.341034875E+00
 -1.005603577E-01  8.335762885E-01  1.094733841E+00  2.339523181E+00
 -1.506234983E-01  8.286936465E-01  1.095155394E+00  2.337008756E+00
 -2.004270430E-01  8.218741427E-01  1.095745474E+00  2.333499164E+00
 -2.498858699E-01  8.131338716E-01  1.096503986E+00  2.329004924E+00
 -2.989160525E-01  8.024933834E-01  1.097430807E+00  2.323539441E+00
 -3.474351422E-01  7.899775793E-01  1.098525781E+00  2.317118921E+00
 -3.953624398E-01  7.756155851E-01  1.099788722E+00  2.309762262E+00
 -4.426192557E-01  7.594406048E-01  1.101219412E+00  2.301490941E+00
 -4.891291545E-01  7.414897557E-01  1.102817594E+00  2.292328872E+00
 -5.348181850E-01  7.218038867E-01  1.104582975E+00  2.282302261E+00
 -5.796150931E-01  7.004273800E-01  1.106515219E+00  2.271439445E+00
 -6.234515162E-01  6.774079405E-01  1.108613949E+00  2.259770723E+00
 -6.662621590E-01  6.527963723E-01  1.110878738E+00  2.247328177E+00
 -7.079849496E-01  6.266463458E-01  1.113309107E+00  2.234145492E+00
 -7.485611746E-01  5.990141567E-01  1.115904526E+00  2.220257760E+00
 -7.879355953E-01  5.699584786E-01  1.118664403E+00  2.205701294E+00
 -8.260565410E-01  5.395401122E-01  1.121588081E+00  2.190513437E+00
 -8.628759841E-01  5.078217314E-01  1.124674837E+00  2.174732367E+00
 -8.983495929E-01  4.748676298E-01  1.127923873E+00  2.158396908E+00
 -9.324367660E-01  4.407434679E-01  1.131334311E+00  2.141546349E+00
 -9.651006469E-01  4.055160239E-01  1.134905189E+00  2.124220258E+00
 -9.963081201E-01  3.692529488E-01  1.138635452E+00  2.106458314E+00
 -1.026029790E+00  3.320225274E-01  1.142523950E+00  2.088300138E+00
 -1.054239942E+00  2.938934466E-01  1.146569427E+00  2.069785136E+00
 -1.080916492E+00  2.549345730E-01  1.150770516E+00  2.050952351E+00
 -1.106040913E+00  2.152147385E-01  1.155125731E+00  2.031840326E+00
 -1.129598162E+00  1.748025380E-01  1.159633462E+00  2.012486974E+00
 -1.151576579E+00  1.337661369E-01  1.164291963E+00  1.992929461E+00
 -1.171967792E+00  9.217309086E-02  1.169099348E+00  1.973204105E+00
 -1.190766596E+00  5.009017809E-02  1.174053580E+00  1.953346274E+00
 -1.207970839E+00  7.583243582E-03  1.179152463E+00  1.933390310E+00
 -1.223581291E+00 -3.528294356E-02  1.184393636E+00  1.913369450E+00
 -1.237601511E+00 -7.844482008E-02  1.189774561E+00  1.893315770E+00
 -1.250037711E+00 -1.218401457E-01  1.195292515E+00  1.873260127E+00
 -1.260898616E+00 -1.654081077E-01  1.200944582E+00  1.853232126E+00
 -1.270195318E+00 -2.090894127E-01  1.206727642E+00  1.833260084E+00
 -1.277941133E+00 -2.528263667E-01  1.212638364E+00  1.813371007E+00
 -1.284151459E+00 -2.965629433E-01  1.218673195E+00  1.793590577E+00
 -1.288843631E+00 -3.402448402E-01  1.224828354E+00  1.773943150E+00
 -1.292036775E+00 -3.838195250E-01  1.231099819E+00  1.754451751E+00
 -1.293751675E+00 -4.272362710E-01  1.237483321E+00  1.735138090E+00
 -1.294010630E+00 -4.704461828E-01  1.243974333E+00  1.716022571E+00
 -1.292837322E+00 -5.134022127E-01  1.250568067E+00  1.697124313E+00
 -1.290256685E+00 -5.560591688E-01  1.257259458E+00  1.678461179E+00
 -1.286294781E+00 -5.983737150E-01  1.264043165E+00  1.660049803E+00
 -1.280978677E+00 -6.403043633E-01  1.270913559E+00  1.641905623E+00
 -1.274336329E+00 -6.818114600E-01  1.277864718E+00  1.624042919E+00
 -1.266396472E+00 -7.228571650E-01  1.284890421E+00  1.606474852E+00
 -1.257188514E+00 -7.634054262E-01  1.291984144E+00  1.589213505E+00
 -1.246742434E+00 -8.034219484E-01  1.299139056E+00  1.572269930E+00
 -1.235088690E+00 -8.428741584E-01  1.306348016E+00  1.555654189E+00
 -1.222258128E+00 -8.817311655E-01  1.313603570E+00  1.539375402E+00
 -1.208281900E+00 -9.199637189E-01  1.320897951E+00  1.523441792E+00
 -1.193191387E+00 -9.575441629E-01  1.328223083E+00  1.507860735E+00
 -1.177018124E+00 -9.944463884E-01  1.335570578E+00  1.492638804E+00
 -1.159793734E+00 -1.030645783E+00  1.342931740E+00  1.477781817E+00
 -1.141549871E+00 -1.066119182E+00  1.350297574E+00  1.463294884E+00
 -1.122318156E+00 -1.100844811E+00  1.357658791E+00  1.449182450E+00
 -1.102130134E+00 -1.134802238E+00  1.365005814E+00  1.435448341E+00
 -1.081017221E+00 -1.167972315E+00  1.372328792E+00  1.422095811E+00
 -1.059010666E+00 -1.200337127E+00  1.379617612E+00  1.409127577E+00
 -1.036141513E+00 -1.231879936E+00  1.386861911E+00  1.396545868E+00
 -1.012440568E+00 -1.262585128E+00  1.394051095E+00  1.384352459E+00
 -9.879383716E-01 -1.292438160E+00  1.401174357E+00  1.372548713E+00
 -9.626651719E-01 -1.321425506E+00  1.408220696E+00  1.361135617E+00
 -9.366509055E-01 -1.349534606E+00  1.415178945E+00  1.350113815E+00
 -9.099251791E-01 -1.376753817E+00  1.422037789E+00  1.339483647E+00
 -8.825172555E-01 -1.403072361E+00  1.428785799E+00  1.329245176E+00
 -8.544560428E-01 -1.428480277E+00  1.435411455E+00  1.319398224E+00
 -8.257700860E-01 -1.452968376E+00  1.441903183E+00  1.309942395E+00
 -7.964875620E-01 -1.476528195E+00  1.448249386E+00  1.300877109E+00
 -7.666362763E-01 -1.499151951E+00  1.454438479E+00  1.292201624E+00
 -7.362436637E-01 -1.520832502E+00  1.460458923E+00  1.283915063E+00
 -7.053367891E-01 -1.541563306E+00  1.466299269E+00  1.276016436E+00
 -6.739423523E-01 -1.561338378E+00  1.471948195E+00  1.268504663E+00
 -6.420866936E-01 -1.580152261E+00  1.477394545E+00  1.261378594E+00
 -6.097958019E-01 -1.597999983E+00  1.482627371E+00  1.254637026E+00
 -5.770953237E-01 -1.614877027E+00  1.487635979E+00  1.248278727E+00
 -5.440105742E-01 -1.630779302E+00  1.492409968E+00  1.242302445E+00
 -5.105665497E-01 -1.645703107E+00  1.496939274E+00  1.236706928E+00
 -4.767879412E-01 -1.659645108E+00  1.501214211E+00  1.231490939E+00
 -4.426991491E-01 -1.672602309E+00  1.505225517E+00  1.226653267E+00
 -4.083242989E-01 -1.684572031E+00  1.508964389E+00  1.222192737E+00
 -3.736872586E-01 -1.695551885E+00  1.512422531E+00  1.218108228E+00
 -3.388116554E-01 -1.705539755E+00  1.515592183E+00  1.214398674E+00
 -3.037208951E-01 -1.714533776E+00  1.518466165E+00  1.211063083E+00
 -2.684381806E-01 -1.722532319E+00  1.521037910E+00  1.208100536E+00
 -2.329865322E-01 -1.729533975E+00  1.523301494E+00  1.205510200E+00
 -1.973888072E-01 -1.735537540E+00  1.525251664E+00  1.203291332E+00
 -1.616677212E-01 -1.740542006E+00  1.526883871E+00  1.201443285E+00
 -1.258458694E-01 -1.744546547E+00  1.528194283E+00  1.199965512E+00
 -8.994574737E-02 -1.747550512E+00  1.529179815E+00  1.198857573E+00
 -5.398977358E-02 -1.749553421E+00  1.529838137E+00  1.198119134E+00
 -1.800031094E-02 -1.750554954E+00  1.530167689E+00  1.197749971E+00
  1.800031094E-02 -1.750554954E+00  1.530167689E+00  1.197749971E+00
  5.398977358E-02 -1.749553421E+00  1.529838137E+00  1.198119134E+00
  8.994574737E-02 -1.747550512E+00  1.529179815E+00  1.198857573E+00
  1.258458694E-01 -1.744546547E+00  1.528194283E+00  1.199965512E+00
  1.616677212E-01 -1.740542006E+00  1.526883871E+00  1.201443285E+00
  1.973888072E-01 -1.735537540E+00  1.525251664E+00  1.203291332E+00
  2.329865322E-01 -1.729533975E+00  1.523301494E+00  1.205510200E+00
  2.684381806E-01 -1.722532319E+00  1.521037910E+00  1.208100536E+00
  3.037208951E-01 -1.714533776E+00  1.518466165E+00  1.211063083E+00
  3.388116554E-01 -1.705539755E+00  1.515592183E+00  1.214398674E+00
  3.736872586E-01 -1.695551885E+00  1.512422531E+00  1.218108228E+00
  4.083242989E-01 -1.684572031E+00  1.508964389E+00  1.222192737E+00
  4.426991491E-01 -1.672602309E+00  1.505225517E+00  1.226653267E+00
  4.767879412E-01 -1.659645108E+00  1.501214211E+00  1.231490939E+00
  5.105665497E-01 -1.645703107E+00  1.496939274E+00  1.236706928E+00
  5.440105742E-01 -1.630779302E+00  1.492409968E+00  1.242302445E+00
  5.770953237E-01 -1.614877027E+00  1.487635979E+00  1.248278727E+00
  6.097958019E-01 -1.597999983E+00  1.482627371E+00  1.254637026E+00
  6.420866936E-01 -1.580152261E+00  1.477394545E+00  1.261378594E+00
  6.739423523E-01 -1.561338378E+00  1.471948195E+00  1.268504663E+00
  7.053367891E-01 -1.541563306E+00  1.466299269E+00  1.276016436E+00
  7.362436637E-01 -1.520832502E+00  1.460458923E+00  1.283915063E+00
  7.666362763E-01 -1.499151951E+00  1.454438479E+00  1.292201624E+00
  7.964875620E-01 -1.476528195E+00  1.448249386E+00  1.300877109E+00
  8.257700860E-01 -1.452968376E+00  1.441903183E+00  1.309942395E+00
  8.544560428E-01 -1.428480277E+00  1.435411455E+00  1.319398224E+00
  8.825172555E-01 -1.403072361E+00  1.428785799E+00  1.329245176E+00
  9.099251791E-01 -1.376753817E+00  1.422037789E+00  1.339483647E+00
  9.366509055E-01 -1.349534606E+00  1.415178945E+00  1.350113815E+00
  9.626651719E-01 -1.321425506E+00  1.408220696E+00  1.361135617E+00
  9.879383716E-01 -1.292438160E+00  1.401174357E+00  1.372548713E+00
  1.012440568E+00 -1.262585128E+00  1.394051095E+00  1.384352459E+00
  1.036141513E+00 -1.231879936E+00  1.386861911E+00  1.396545868E+00
  1.059010666E+00 -1.200337127E+00  1.379617612E+00  1.409127577E+00
  1.081017221E+00 -1.167972315E+00  1.372328792E+00  1.422095811E+00
  1.102130134E+00 -1.134802238E+00  1.365005814E+00  1.435448341E+00
  1.122318156E+00 -1.100844811E+00  1.357658791E+00  1.449182450E+00
  1.141549871E+00 -1.066119182E+00  1.350297574E+00  1.463294884E+00
  1.159793734E+00 -1.030645783E+00  1.342931740E+00  1.477781817E+00
  1.177018124E+00 -9.944463884E-01  1.335570578E+00  1.492638804E+00
  1.193191387E+00 -9.575441629E-01  1.328223083E+00  1.507860735E+00
  1.208281900E+00 -9.199637189E-01  1.320897951E+00  1.523441792E+00
  1.222258128E+00 -8.817311655E-01  1.313603570E+00  1.539375402E+00
  1.235088690E+00 -8.428741584E-01  1.306348016E+00  1.555654189E+00
  1.246742434E+00 -8.034219484E-01  1.299139056E+00  1.572269930E+00
  1.257188514E+00 -7.634054262E-01  1.291984144E+00  1.589213505E+00
  1.266396472E+00 -7.228571650E-01  1.284890421E+00  1.606474852E+00
  1.274336329E+00 -6.818114600E-01  1.277864718E+00  1.624042919E+00
  1.280978677E+00 -6.403043633E-01  1.270913559E+00  1.641905623E+00
  1.286294781E+00 -5.983737150E-01  1.264043165E+00  1.660049803E+00
  1.290256685E+00 -5.560591688E-01  1.257259458E+00  1.678461179E+00
  1.292837322E+00 -5.134022127E-01  1.250568067E+00  1.697124313E+00
  1.294010630E+00 -4.704461828E-01  1.243974333E+00  1.716022571E+00
  1.293751675E+00 -4.272362710E-01  1.237483321E+00  1.735138090E+00
  1.292036775E+00 -3.838195250E-01  1.231099819E+00  1.754451751E+00
  1.288843631E+00 -3.402448402E-01  1.224828354E+00  1.773943150E+00
  1.284151459E+00 -2.965629433E-01  1.218673195E+00  1.793590577E+00
  1.277941133E+00 -2.528263667E-01  1.212638364E+00  1.813371007E+00
  1.270195318E+00 -2.090894127E-01  1.206727642E+00  1.833260084E+00
  1.260898616E+00 -1.654081077E-01  1.200944582E+00  1.853232126E+00
  1.250037711E+00 -1.218401457E-01  1.195292515E+00  1.873260127E+00
  1.237601511E+00 -7.844482008E-02  1.189774561E+00  1.893315770E+00
  1.223581291E+00 -3.528294356E-02  1.184393636E+00  1.913369450E+00
  1.207970839E+00  7.583243582E-03  1.179152463E+00  1.933390310E+00
  1.190766596E+00  5.009017809E-02  1.174053580E+00  1.953346274E+00
  1.171967792E+00  9.217309086E-02  1.169099348E+00  1.973204105E+00
  1.151576579E+00  1.337661369E-01  1.164291963E+00  1.992929461E+00
  1.129598162E+00  1.748025380E-01  1.159633462E+00  2.012486974E+00
  1.106040913E+00  2.152147385E-01  1.155125731E+00  2.031840326E+00
  1.080916492E+00  2.549345730E-01  1.150770516E+00  2.050952351E+00
  1.054239942E+00  2.938934466E-01  1.146569427E+00  2.069785136E+00
  1.026029790E+00  3.320225274E-01  1.142523950E+00  2.088300138E+00
  9.963081201E-01  3.692529488E-01  1.138635452E+00  2.106458314E+00
  9.651006469E-01  4.055160239E-01  1.134905189E+00  2.124220258E+00
  9.324367660E-01  4.407434679E-01  1.131334311E+00  2.141546349E+00
  8.983495929E-01  4.748676298E-01  1.127923873E+00  2.158396908E+00
  8.628759841E-01  5.078217314E-01  1.124674837E+00  2.174732367E+00
  8.260565410E-01  5.395401122E-01  1.121588081E+00  2.190513437E+00
  7.879355953E-01  5.699584786E-01  1.118664403E+00  2.205701294E+00
  7.485611746E-01  5.990141567E-01  1.115904526E+00  2.220257760E+00
  7.079849496E-01  6.266463458E-01  1.113309107E+00  2.234145492E+00
  6.662621590E-01  6.527963723E-01  1.110878738E+00  2.247328177E+00
  6.234515162E-01  6.774079405E-01  1.108613949E+00  2.259770723E+00
  5.796150931E-01  7.004273800E-01  1.106515219E+00  2.271439445E+00
  5.348181850E-01  7.218038867E-01  1.104582975E+00  2.282302261E+00
  4.891291545E-01  7.414897557E-01  1.102817594E+00  2.292328872E+00
  4.426192557E-01  7.594406048E-01  1.101219412E+00  2.301490941E+00
  3.953624398E-01  7.756155851E-01  1.099788722E+00  2.309762262E+00
  3.474351422E-01  7.899775793E-01  1.098525781E+00  2.317118921E+00
  2.989160525E-01  8.024933834E-01  1.097430807E+00  2.323539441E+00
  2.498858699E-01  8.131338716E-01  1.096503986E+00  2.329004924E+00
  2.004270430E-01  8.218741427E-01  1.095745474E+00  2.333499164E+00
  1.506234983E-01  8.286936465E-01  1.095155394E+00  2.337008756E+00
  1.005603577E-01  8.335762885E-01  1.094733841E+00  2.339523181E+00
  5.032364736E-02  8.365105128E-01  1.094480883E+00  2.341034875E+00
  1.873965433E-16  8.374893620E-01  1.094396559E+00  2.341539281E+00
 -1.836318026E-16  8.114542907E-01  1.078581740E+00  2.248402665E+00
 -4.931276700E-02  8.104978522E-01  1.078663644E+00  2.247928051E+00
 -9.854098251E-02  8.076307820E-01  1.078909343E+00  2.246505624E+00
 -1.476003871E-01  8.028598042E-01  1.079318795E+00  2.244139618E+00
 -1.964073035E-01  7.961960876E-01  1.079891928E+00  2.240837058E+00
 -2.448789222E-01  7.876551884E-01  1.080628643E+00  2.236607716E+00
 -2.929335811E-01  7.772569721E-01  1.081528809E+00  2.231464047E+00
 -3.404910370E-01  7.650255125E-01  1.082592265E+00  2.225421110E+00
 -3.874727264E-01  7.509889719E-01  1.083818815E+00  2.218496472E+00
 -4.338020160E-01  7.351794615E-01  1.085208230E+00  2.210710096E+00
 -4.794044377E-01  7.176328839E-01  1.086760244E+00  2.202084221E+00
 -5.242079110E-01  6.983887591E-01  1.088474550E+00  2.192643220E+00
 -5.681429475E-01  6.774900365E-01  1.090350801E+00  2.182413460E+00
 -6.111428395E-01  6.549828926E-01  1.092388604E+00  2.171423143E+00
 -6.531438299E-01  6.309165178E-01  1.094587518E+00  2.159702139E+00
 -6.940852633E-01  6.053428936E-01  1.096947051E+00  2.147281825E+00
 -7.339097187E-01  5.783165621E-01  1.099466656E+00  2.134194902E+00
 -7.725631212E-01  5.498943894E-01  1.102145725E+00  2.120475228E+00
 -8.099948356E-01  5.201353244E-01  1.104983587E+00  2.106157634E+00
 -8.461577390E-01  4.891001564E-01  1.107979502E+00  2.091277749E+00
 -8.810082754E-01  4.568512713E-01  1.111132657E+00  2.075871829E+00
 -9.145064899E-01  4.234524088E-01  1.114442161E+00  2.059976580E+00
 -9.466160459E-01  3.889684231E-01  1.117907036E+00  2.043628998E+00
 -9.773042236E-01  3.534650467E-01  1.121526218E+00  2.026866200E+00
 -1.006541902E+00  3.170086606E-01  1.125298542E+00  2.009725278E+00
 -1.034303526E+00  2.796660712E-01  1.129222745E+00  1.992243148E+00
 -1.060567056E+00  2.415042943E-01  1.133297451E+00  1.974456410E+00
 -1.085313906E+00  2.025903492E-01  1.137521171E+00  1.956401227E+00
 -1.108528867E+00  1.629910618E-01  1.141892289E+00  1.938113195E+00
 -1.130200024E+00  1.227728782E-01  1.146409063E+00  1.919627242E+00
 -1.150318654E+00  8.200169006E-02  1.151069609E+00  1.900977524E+00
 -1.168879121E+00  4.074267061E-02  1.155871897E+00  1.882197337E+00
 -1.185878764E+00 -9.398767603E-04  1.160813746E+00  1.863319037E+00
 -1.201317774E+00 -4.298265810E-02  1.165892810E+00  1.844373975E+00
 -1.215199067E+00 -8.532351628E-02  1.171106572E+00  1.825392430E+00
 -1.227528154E+00 -1.279015461E-01  1.176452338E+00  1.806403568E+00
 -1.238313008E+00 -1.706571973E-01  1.181927225E+00  1.787435397E+00
 -1.247563924E+00 -2.135323656E-01  1.187528155E+00  1.768514737E+00
 -1.255293385E+00 -2.564704725E-01  1.193251843E+00  1.749667200E+00
 -1.261515920E+00 -2.994165329E-01  1.199094794E+00  1.730917169E+00
 -1.266247969E+00 -3.423172127E-01  1.205053289E+00  1.712287799E+00
 -1.269507744E+00 -3.851208754E-01  1.211123379E+00  1.693801012E+00
 -1.271315095E+00 -4.277776187E-01  1.217300878E+00  1.675477501E+00
 -1.271691376E+00 -4.702393020E-01  1.223581352E+00  1.657336749E+00
 -1.270659321E+00 -5.124595646E-01  1.229960116E+00  1.639397039E+00
 -1.268242909E+00 -5.543938358E-01  1.236432220E+00  1.621675483E+00
 -1.264467251E+00 -5.959993370E-01  1.242992451E+00  1.604188040E+00
 -1.259358467E+00 -6.372350766E-01  1.249635317E+00  1.586949555E+00
 -1.252943574E+00 -6.780618387E-01  1.256355050E+00  1.569973783E+00
 -1.245250381E+00 -7.184421652E-01  1.263145595E+00  1.553273432E+00
 -1.236307382E+00 -7.583403329E-01  1.270000608E+00  1.536860197E+00
 -1.226143661E+00 -7.977223252E-01  1.276913453E+00  1.520744800E+00
 -1.214788796E+00 -8.365557999E-01  1.283877201E+00  1.504937033E+00
 -1.202272779E+00 -8.748100530E-01  1.290884623E+00  1.489445797E+00
 -1.188625926E+00 -9.124559786E-01  1.297928196E+00  1.474279147E+00
 -1.173878806E+00 -9.494660271E-01  1.305000100E+00  1.459444337E+00
 -1.158062168E+00 -9.858141594E-01  1.312092223E+00  1.444947859E+00
 -1.141206876E+00 -1.021475801E+00  1.319196164E+00  1.430795487E+00
 -1.123343848E+00 -1.056427791E+00  1.326303237E+00  1.416992325E+00
 -1.104503999E+00 -1.090648335E+00  1.333404477E+00  1.403542843E+00
 -1.084718194E+00 -1.124116954E+00  1.340490653E+00  1.390450919E+00
 -1.064017197E+00 -1.156814430E+00  1.347552276E+00  1.377719886E+00
 -1.042431633E+00 -1.188722757E+00  1.354579608E+00  1.365352563E+00
 -1.019991949E+00 -1.219825089E+00  1.361562681E+00  1.353351299E+00
 -9.967283821E-01 -1.250105687E+00  1.368491311E+00  1.341718009E+00
 -9.726709300E-01 -1.279549868E+00  1.375355115E+00  1.330454211E+00
 -9.478493261E-01 -1.308143956E+00  1.382143535E+00  1.319561056E+00
 -9.222930176E-01 -1.335875230E+00  1.388845853E+00  1.309039369E+00
 -8.960311482E-01 -1.362731876E+00  1.395451223E+00  1.298889674E+00
 -8.690925423E-01 -1.388702942E+00  1.401948692E+00  1.289112228E+00
 -8.415056944E-01 -1.413778284E+00  1.408327229E+00  1.279707049E+00
 -8.132987594E-01 -1.437948528E+00  1.414575755E+00  1.270673945E+00
 -7.844995469E-01 -1.461205024E+00  1.420683178E+00  1.262012537E+00
 -7.551355178E-01 -1.483539800E+00  1.426638420E+00  1.253722288E+00
 -7.252337828E-01 -1.504945527E+00  1.432430456E+00  1.245802523E+00
 -6.948211037E-01 -1.525415474E+00  1.438048352E+00  1.238252453E+00
 -6.639238966E-01 -1.544943474E+00  1.443481298E+00  1.231071196E+00
 -6.325682366E-01 -1.563523887E+00  1.448718649E+00  1.224257796E+00
 -6.007798650E-01 -1.581151564E+00  1.453749965E+00  1.217811239E+00
 -5.685841978E-01 -1.597821819E+00  1.458565049E+00  1.211730474E+00
 -5.360063354E-01 -1.613530392E+00  1.463153990E+00  1.206014427E+00
 -5.030710742E-01 -1.628273424E+00  1.467507200E+00  1.200662015E+00
 -4.698029194E-01 -1.642047428E+00  1.471615456E+00  1.195672161E+00
 -4.362260985E-01 -1.654849265E+00  1.475469939E+00  1.191043807E+00
 -4.023645765E-01 -1.666676118E+00  1.479062275E+00  1.186775923E+00
 -3.682420717E-01 -1.677525471E+00  1.482384568E+00  1.182867519E+00
 -3.338820723E-01 -1.687395091E+00  1.485429440E+00  1.179317658E+00
 -2.993078543E-01 -1.696283003E+00  1.488190063E+00  1.176125458E+00
 -2.645424992E-01 -1.704187481E+00  1.490660193E+00  1.173290105E+00
 -2.296089134E-01 -1.711107025E+00  1.492834199E+00  1.170810858E+00
 -1.945298471E-01 -1.717040356E+00  1.494707092E+00  1.168687056E+00
 -1.593279147E-01 -1.721986397E+00  1.496274546E+00  1.166918123E+00
 -1.240256145E-01 -1.725944265E+00  1.497532924E+00  1.165503571E+00
 -8.864534965E-02 -1.728913266E+00  1.498479294E+00  1.164443005E+00
 -5.320944914E-02 -1.730892884E+00  1.499111442E+00  1.163736128E+00
 -1.774018854E-02 -1.731882778E+00  1.499427887E+00  1.163382740E+00
  1.774018854E-02 -1.731882778E+00  1.499427887E+00  1.163382740E+00
  5.320944914E-02 -1.730892884E+00  1.499111442E+00  1.163736128E+00
  8.864534965E-02 -1.728913266E+00  1.498479294E+00  1.164443005E+00
  1.240256145E-01 -1.725944265E+00  1.497532924E+00  1.165503571E+00
  1.593279147E-01 -1.721986397E+00  1.496274546E+00  1.166918123E+00
  1.945298471E-01 -1.717040356E+00  1.494707092E+00  1.168687056E+00
  2.296089134E-01 -1.711107025E+00  1.492834199E+00  1.170810858E+00
  2.645424992E-01 -1.704187481E+00  1.490660193E+00  1.173290105E+00
  2.993078543E-01 -1.696283003E+00  1.488190063E+00  1.176125458E+00
  3.338820723E-01 -1.687395091E+00  1.485429440E+00  1.179317658E+00
  3.682420717E-01 -1.677525471E+00  1.482384568E+00  1.182867519E+00
  4.023645765E-01 -1.666676118E+00  1.479062275E+00  1.186775923E+00
  4.362260985E-01 -1.654849265E+00  1.475469939E+00  1.191043807E+00
  4.698029194E-01 -1.642047428E+00  1.471615456E+00  1.195672161E+00
  5.030710742E-01 -1.628273424E+00  1.467507200E+00  1.200662015E+00
  5.360063354E-01 -1.613530392E+00  1.463153990E+00  1.206014427E+00
  5.685841978E-01 -1.597821819E+00  1.458565049E+00  1.211730474E+00
  6.007798650E-01 -1.581151564E+00  1.453749965E+00  1.217811239E+00
  6.325682366E-01 -1.563523887E+00  1.448718649E+00  1.224257796E+00
  6.639238966E-01 -1.544943474E+00  1.443481298E+00  1.231071196E+00
  6.948211037E-01 -1.525415474E+00  1.438048352E+00  1.238252453E+00
  7.252337828E-01 -1.504945527E+00  1.432430456E+00  1.245802523E+00
  7.551355178E-01 -1.483539800E+00  1.426638420E+00  1.253722288E+00
  7.844995469E-01 -1.461205024E+00  1.420683178E+00  1.262012537E+00
  8.132987594E-01 -1.437948528E+00  1.414575755E+00  1.270673945E+00
  8.415056944E-01 -1.413778284E+00  1.408327229E+00  1.279707049E+00
  8.690925423E-01 -1.388702942E+00  1.401948692E+00  1.289112228E+00
  8.960311482E-01 -1.362731876E+00  1.395451223E+00  1.298889674E+00
  9.222930176E-01 -1.335875230E+00  1.388845853E+00  1.309039369E+00
  9.478493261E-01 -1.308143956E+00  1.382143535E+00  1.319561056E+00
  9.726709300E-01 -1.279549868E+00  1.375355115E+00  1.330454211E+00
  9.967283821E-01 -1.250105687E+00  1.368491311E+00  1.341718009E+00
  1.019991949E+00 -1.219825089E+00  1.361562681E+00  1.353351299E+00
  1.042431633E+00 -1.188722757E+00  1.354579608E+00  1.365352563E+00
  1.064017197E+00 -1.156814430E+00  1.347552276E+00  1.377719886E+00
  1.084718194E+00 -1.124116954E+00  1.340490653E+00  1.390450919E+00
  1.104503999E+00 -1.090648335E+00  1.333404477E+00  1.403542843E+00
  1.123343848E+00 -1.056427791E+00  1.326303237E+00  1.416992325E+00
  1.141206876E+00 -1.021475801E+00  1.319196164E+00  1.430795487E+00
  1.158062168E+00 -9.858141594E-01  1.312092223E+00  1.444947859E+00
  1.173878806E+00 -9.494660271E-01  1.305000100E+00  1.459444337E+00
  1.188625926E+00 -9.124559786E-01  1.297928196E+00  1.474279147E+00
  1.202272779E+00 -8.748100530E-01  1.290884623E+00  1.489445797E+00
  1.214788796E+00 -8.365557999E-01  1.283877201E+00  1.504937033E+00
  1.226143661E+00 -7.977223252E-01  1.276913453E+00  1.520744800E+00
  1.236307382E+00 -7.583403329E-01  1.270000608E+00  1.536860197E+00
  1.245250381E+00 -7.184421652E-01  1.263145595E+00  1.553273432E+00
  1.252943574E+00 -6.780618387E-01  1.256355050E+00  1.569973783E+00
  1.259358467E+00 -6.372350766E-01  1.249635317E+00  1.586949555E+00
  1.264467251E+00 -5.959993370E-01  1.242992451E+00  1.604188040E+00
  1.268242909E+00 -5.543938358E-01  1.236432220E+00  1.621675483E+00
  1.270659321E+00 -5.124595646E-01  1.229960116E+00  1.639397039E+00
  1.271691376E+00 -4.702393020E-01  1.223581352E+00  1.657336749E+00
  1.271315095E+00 -4.277776187E-01  1.217300878E+00  1.675477501E+00
  1.269507744E+00 -3.851208754E-01  1.211123379E+00  1.693801012E+00
  1.266247969E+00 -3.423172127E-01  1.205053289E+00  1.712287799E+00
  1.261515920E+00 -2.994165329E-01  1.199094794E+00  1.730917169E+00
  1.255293385E+00 -2.564704725E-01  1.193251843E+00  1.749667200E+00
  1.247563924E+00 -2.135323656E-01  1.187528155E+00  1.768514737E+00
  1.238313008E+00 -1.706571973E-01  1.181927225E+00  1.787435397E+00
  1.227528154E+00 -1.279015461E-01  1.176452338E+00  1.806403568E+00
  1.215199067E+00 -8.532351628E-02  1.171106572E+00  1.825392430E+00
  1.201317774E+00 -4.298265810E-02  1.165892810E+00  1.844373975E+00
  1.185878764E+00 -9.398767603E-04  1.160813746E+00  1.863319037E+00
  1.168879121E+00  4.074267061E-02  1.155871897E+00  1.882197337E+00
  1.150318654E+00  8.200169006E-02  1.151069609E+00  1.900977524E+00
  1.130200024E+00  1.227728782E-01  1.146409063E+00  1.919627242E+00
  1.108528867E+00  1.629910618E-01  1.141892289E+00  1.938113195E+00
  1.085313906E+00  2.025903492E-01  1.137521171E+00  1.956401227E+00
  1.060567056E+00  2.415042943E-01  1.133297451E+00  1.974456410E+00
  1.034303526E+00  2.796660712E-01  1.129222745E+00  1.992243148E+00
  1.006541902E+00  3.170086606E-01  1.125298542E+00  2.009725278E+00
  9.773042236E-01  3.534650467E-01  1.121526218E+00  2.026866200E+00
  9.466160459E-01  3.889684231E-01  1.117907036E+00  2.043628998E+00
  9.145064899E-01  4.234524088E-01  1.114442161E+00  2.059976580E+00
  8.810082754E-01  4.568512713E-01  1.111132657E+00  2.075871829E+00
  8.461577390E-01  4.891001564E-01  1.107979502E+00  2.091277749E+00
  8.099948356E-01  5.201353244E-01  1.104983587E+00  2.106157634E+00
  7.725631212E-01  5.498943894E-01  1.102145725E+00  2.120475228E+00
  7.339097187E-01  5.783165621E-01  1.099466656E+00  2.134194902E+00
  6.940852633E-01  6.053428936E-01  1.096947051E+00  2.147281825E+00
  6.531438299E-01  6.309165178E-01  1.094587518E+00  2.159702139E+00
  6.111428395E-01  6.549828926E-01  1.092388604E+00  2.171423143E+00
  5.681429475E-01  6.774900365E-01  1.090350801E+00  2.182413460E+00
  5.242079110E-01  6.983887591E-01  1.088474550E+00  2.192643220E+00
  4.794044377E-01  7.176328839E-01  1.086760244E+00  2.202084221E+00
  4.338020160E-01  7.351794615E-01  1.085208230E+00  2.210710096E+00
  3.874727264E-01  7.509889719E-01  1.083818815E+00  2.218496472E+00
  3.404910370E-01  7.650255125E-01  1.082592265E+00  2.225421110E+00
  2.929335811E-01  7.772569721E-01  1.081528809E+00  2.231464047E+00
  2.448789222E-01  7.876551884E-01  1.080628643E+00  2.236607716E+00
  1.964073035E-01  7.961960876E-01  1.079891928E+00  2.240837058E+00
  1.476003871E-01  8.028598042E-01  1.079318795E+00  2.244139618E+00
  9.854098251E-02  8.076307820E-01  1.078909343E+00  2.246505624E+00
  4.931276700E-02  8.104978522E-01  1.078663644E+00  2.247928051E+00
  1.836318026E-16  8.114542907E-01  1.078581740E+00  2.248402665E+00
 -1.799825098E-16  7.861460025E-01  1.063077188E+00  2.159926157E+00
 -4.833288168E-02  7.852111874E-01  1.063156754E+00  2.159479279E+00
 -9.658349929E-02  7.824089133E-01  1.063395439E+00  2.158139960E+00
 -1.446698692E-01  7.777456819E-01  1.063793198E+00  2.155912136E+00
 -1.925105668E-01  7.712322934E-01  1.064349957E+00  2.152802339E+00
 -2.400250007E-01  7.628837918E-01  1.065065611E+00  2.148819656E+00
 -2.871336820E-01  7.527193898E-01  1.065940026E+00  2.143975667E+00
 -3.337584841E-01  7.407623735E-01  1.066973031E+00  2.138284381E+00
 -3.798228950E-01  7.270399870E-01  1.068164425E+00  2.131762137E+00
 -4.252522568E-01  7.115833000E-01  1.069513968E+00  2.124427511E+00
 -4.699739936E-01  6.944270570E-01  1.071021385E+00  2.116301200E+00
 -5.139178246E-01  6.756095113E-01  1.072686358E+00  2.107405895E+00
 -5.570159622E-01  6.551722451E-01  1.074508529E+00  2.097766149E+00
 -5.992032944E-01  6.331599766E-01  1.076487491E+00  2.087408231E+00
 -6.404175488E-01  6.096203556E-01  1.078622793E+00  2.076359979E+00
 -6.805994399E-01  5.846037508E-01  1.080913928E+00  2.064650642E+00
 -7.196927976E-01  5.581630289E-01  1.083360335E+00  2.052310720E+00
 -7.576446770E-01  5.303533275E-01  1.085961393E+00  2.039371802E+00
 -7.944054496E-01  5.012318249E-01  1.088716418E+00  2.025866404E+00
 -8.299288761E-01  4.708575067E-01  1.091624657E+00  2.011827803E+00
 -8.641721599E-01  4.392909318E-01  1.094685284E+00  1.997289881E+00
 -8.970959832E-01  4.065939995E-01  1.097897394E+00  1.982286957E+00
 -9.286645253E-01  3.728297189E-01  1.101260000E+00  1.966853643E+00
 -9.588454639E-01  3.380619820E-01  1.104772027E+00  1.951024689E+00
 -9.876099603E-01  3.023553418E-01  1.108432302E+00  1.934834840E+00
 -1.014932629E+00  2.657747969E-01  1.112239553E+00  1.918318701E+00
 -1.040791493E+00  2.283855835E-01  1.116192402E+00  1.901510607E+00
 -1.065167926E+00  1.902529759E-01  1.120289354E+00  1.884444505E+00
 -1.088046582E+00  1.514420955E-01  1.124528797E+00  1.867153839E+00
 -1.109415314E+00  1.120177304E-01  1.128908988E+00  1.849671449E+00
 -1.129265084E+00  7.204416571E-02  1.133428052E+00  1.832029479E+00
 -1.147589858E+00  3.158502362E-02  1.138083969E+00  1.814259287E+00
 -1.164386502E+00 -9.296883933E-03  1.142874571E+00  1.796391376E+00
 -1.179654667E+00 -5.053969190E-02  1.147797531E+00  1.778455327E+00
 -1.193396667E+00 -9.208260682E-02  1.152850358E+00  1.760479740E+00
 -1.205617354E+00 -1.338660199E-01  1.158030386E+00  1.742492190E+00
 -1.216323991E+00 -1.758316088E-01  1.163334767E+00  1.724519185E+00
 -1.225526122E+00 -2.179224272E-01  1.168760466E+00  1.706586136E+00
 -1.233235439E+00 -2.600829845E-01  1.174304248E+00  1.688717338E+00
 -1.239465646E+00 -3.022593133E-01  1.179962672E+00  1.670935948E+00
 -1.244232334E+00 -3.443990273E-01  1.185732085E+00  1.653263984E+00
 -1.247552842E+00 -3.864513684E-01  1.191608612E+00  1.635722316E+00
 -1.249446131E+00 -4.283672450E-01  1.197588147E+00  1.618330677E+00
 -1.249932656E+00 -4.700992603E-01  1.203666352E+00  1.601107666E+00
 -1.249034238E+00 -5.116017322E-01  1.209838640E+00  1.584070769E+00
 -1.246773947E+00 -5.528307057E-01  1.216100177E+00  1.567236373E+00
 -1.243175979E+00 -5.937439563E-01  1.222445873E+00  1.550619791E+00
 -1.238265546E+00 -6.343009883E-01  1.228870375E+00  1.534235289E+00
 -1.232068765E+00 -6.744630246E-01  1.235368062E+00  1.518096117E+00
 -1.224612552E+00 -7.141929924E-01  1.241933041E+00  1.502214536E+00
 -1.215924521E+00 -7.534555022E-01  1.248559145E+00  1.486601858E+00
 -1.206032891E+00 -7.922168225E-01  1.255239928E+00  1.471268479E+00
 -1.194966397E+00 -8.304448501E-01  1.261968662E+00  1.456223917E+00
 -1.182754200E+00 -8.681090768E-01  1.268738340E+00  1.441476851E+00
 -1.169425808E+00 -9.051805521E-01  1.275541671E+00  1.427035160E+00
 -1.155011006E+00 -9.416318435E-01  1.282371086E+00  1.412905964E+00
 -1.139539782E+00 -9.774369944E-01  1.289218739E+00  1.399095661E+00
 -1.123042259E+00 -1.012571479E+00  1.296076508E+00  1.385609971E+00
 -1.105548644E+00 -1.047012158E+00  1.302936004E+00  1.372453972E+00
 -1.087089164E+00 -1.080737228E+00  1.309788579E+00  1.359632140E+00
 -1.067694022E+00 -1.113726178E+00  1.316625328E+00  1.347148390E+00
 -1.047393346E+00 -1.145959733E+00  1.323437108E+00  1.335006111E+00
 -1.026217153E+00 -1.177419812E+00  1.330214542E+00  1.323208205E+00
 -1.004195306E+00 -1.208089476E+00  1.336948039E+00  1.311757119E+00
 -9.813574848E-01 -1.237952874E+00  1.343627804E+00  1.300654888E+00
 -9.577331573E-01 -1.266995201E+00  1.350243861E+00  1.289903158E+00
 -9.333515510E-01 -1.295202643E+00  1.356786067E+00  1.279503227E+00
 -9.082416332E-01 -1.322562334E+00  1.363244139E+00  1.269456075E+00
 -8.824320915E-01 -1.349062305E+00  1.369607672E+00  1.259762388E+00
 -8.559513193E-01 -1.374691438E+00  1.375866165E+00  1.250422595E+00
 -8.288274027E-01 -1.399439425E+00  1.382009051E+00  1.241436890E+00
 -8.010881115E-01 -1.423296720E+00  1.388025721E+00  1.232805260E+00
 -7.727608922E-01 -1.446254496E+00  1.393905560E+00  1.224527508E+00
 -7.438728637E-01 -1.468304607E+00  1.399637970E+00  1.216603280E+00
 -7.144508153E-01 -1.489439548E+00  1.405212414E+00  1.209032084E+00
 -6.845212072E-01 -1.509652412E+00  1.410618441E+00  1.201813313E+00
 -6.541101724E-01 -1.528936860E+00  1.415845726E+00  1.194946263E+00
 -6.232435215E-01 -1.547287081E+00  1.420884108E+00  1.188430153E+00
 -5.919467479E-01 -1.564697759E+00  1.425723623E+00  1.182264142E+00
 -5.602450362E-01 -1.581164046E+00  1.430354544E+00  1.176447344E+00
 -5.281632705E-01 -1.596681525E+00  1.434767421E+00  1.170978846E+00
 -4.957260458E-01 -1.611246186E+00  1.438953115E+00  1.165857720E+00
 -4.629576789E-01 -1.624854399E+00  1.442902838E+00  1.161083034E+00
 -4.298822221E-01 -1.637502888E+00  1.446608190E+00  1.156653871E+00
 -3.965234767E-01 -1.649188707E+00  1.450061197E+00  1.152569331E+00
 -3.629050081E-01 -1.659909218E+00  1.453254341E+00  1.148828549E+00
 -3.290501620E-01 -1.669662076E+00  1.456180601E+00  1.145430699E+00
 -2.949820804E-01 -1.678445204E+00  1.458833481E+00  1.142375004E+00
 -2.607237195E-01 -1.686256781E+00  1.461207042E+00  1.139660747E+00
 -2.262978676E-01 -1.693095225E+00  1.463295927E+00  1.137287270E+00
 -1.917271632E-01 -1.698959179E+00  1.465095391E+00  1.135253988E+00
 -1.570341146E-01 -1.703847505E+00  1.466601323E+00  1.133560388E+00
 -1.222411189E-01 -1.707759266E+00  1.467810266E+00  1.132206037E+00
 -8.737048170E-02 -1.710693725E+00  1.468719430E+00  1.131190585E+00
 -5.244443749E-02 -1.712650333E+00  1.469326713E+00  1.130513766E+00
 -1.748516955E-02 -1.713628727E+00  1.469630708E+00  1.130175401E+00
  1.748516955E-02 -1.713628727E+00  1.469630708E+00  1.130175401E+00
  5.244443749E-02 -1.712650333E+00  1.469326713E+00  1.130513766E+00
  8.737048170E-02 -1.710693725E+00  1.468719430E+00  1.131190585E+00
  1.222411189E-01 -1.707759266E+00  1.467810266E+00  1.132206037E+00
  1.570341146E-01 -1.703847505E+00  1.466601323E+00  1.133560388E+00
  1.917271632E-01 -1.698959179E+00  1.465095391E+00  1.135253988E+00
  2.262978676E-01 -1.693095225E+00  1.463295927E+00  1.137287270E+00
  2.607237195E-01 -1.686256781E+00  1.461207042E+00  1.139660747E+00
  2.949820804E-01 -1.678445204E+00  1.458833481E+00  1.142375004E+00
  3.290501620E-01 -1.669662076E+00  1.456180601E+00  1.145430699E+00
  3.629050081E-01 -1.659909218E+00  1.453254341E+00  1.148828549E+00
  3.965234767E-01 -1.649188707E+00  1.450061197E+00  1.152569331E+00
  4.298822221E-01 -1.637502888E+00  1.446608190E+00  1.156653871E+00
  4.629576789E-01 -1.624854399E+00  1.442902838E+00  1.161083034E+00
  4.957260458E-01 -1.611246186E+00  1.438953115E+00  1.165857720E+00
  5.281632705E-01 -1.596681525E+00  1.434767421E+00  1.170978846E+00
  5.602450362E-01 -1.581164046E+00  1.430354544E+00  1.176447344E+00
  5.919467479E-01 -1.564697759E+00  1.425723623E+00  1.182264142E+00
  6.232435215E-01 -1.547287081E+00  1.420884108E+00  1.188430153E+00
  6.541101724E-01 -1.528936860E+00  1.415845726E+00  1.194946263E+00
  6.845212072E-01 -1.509652412E+00  1.410618441E+00  1.201813313E+00
  7.144508153E-01 -1.489439548E+00  1.405212414E+00  1.209032084E+00
  7.438728637E-01 -1.468304607E+00  1.399637970E+00  1.216603280E+00
  7.727608922E-01 -1.446254496E+00  1.393905560E+00  1.224527508E+00
  8.010881115E-01 -1.423296720E+00  1.388025721E+00  1.232805260E+00
  8.288274027E-01 -1.399439425E+00  1.382009051E+00  1.241436890E+00
  8.559513193E-01 -1.374691438E+00  1.375866165E+00  1.250422595E+00
  8.824320915E-01 -1.349062305E+00  1.369607672E+00  1.259762388E+00
  9.082416332E-01 -1.322562334E+00  1.363244139E+00  1.269456075E+00
  9.333515510E-01 -1.295202643E+00  1.356786067E+00  1.279503227E+00
  9.577331573E-01 -1.266995201E+00  1.350243861E+00  1.289903158E+00
  9.813574848E-01 -1.237952874E+00  1.343627804E+00  1.300654888E+00
  1.004195306E+00 -1.208089476E+00  1.336948039E+00  1.311757119E+00
  1.026217153E+00 -1.177419812E+00  1.330214542E+00  1.323208205E+00
  1.047393346E+00 -1.145959733E+00  1.323437108E+00  1.335006111E+00
  1.067694022E+00 -1.113726178E+00  1.316625328E+00  1.347148390E+00
  1.087089164E+00 -1.080737228E+00  1.309788579E+00  1.359632140E+00
  1.105548644E+00 -1.047012158E+00  1.302936004E+00  1.372453972E+00
  1.123042259E+00 -1.012571479E+00  1.296076508E+00  1.385609971E+00
  1.139539782E+00 -9.774369944E-01  1.289218739E+00  1.399095661E+00
  1.155011006E+00 -9.416318435E-01  1.282371086E+00  1.412905964E+00
  1.169425808E+00 -9.051805521E-01  1.275541671E+00  1.427035160E+00
  1.182754200E+00 -8.681090768E-01  1.268738340E+00  1.441476851E+00
  1.194966397E+00 -8.304448501E-01  1.261968662E+00  1.456223917E+00
  1.206032891E+00 -7.922168225E-01  1.255239928E+00  1.471268479E+00
  1.215924521E+00 -7.534555022E-01  1.248559145E+00  1.486601858E+00
  1.224612552E+00 -7.141929924E-01  1.241933041E+00  1.502214536E+00
  1.232068765E+00 -6.744630246E-01  1.235368062E+00  1.518096117E+00
  1.238265546E+00 -6.343009883E-01  1.228870375E+00  1.534235289E+00
  1.243175979E+00 -5.937439563E-01  1.222445873E+00  1.550619791E+00
  1.246773947E+00 -5.528307057E-01  1.216100177E+00  1.567236373E+00
  1.249034238E+00 -5.116017322E-01  1.209838640E+00  1.584070769E+00
  1.249932656E+00 -4.700992603E-01  1.203666352E+00  1.601107666E+00
  1.249446131E+00 -4.283672450E-01  1.197588147E+00  1.618330677E+00
  1.247552842E+00 -3.864513684E-01  1.191608612E+00  1.635722316E+00
  1.244232334E+00 -3.443990273E-01  1.185732085E+00  1.653263984E+00
  1.239465646E+00 -3.022593133E-01  1.179962672E+00  1.670935948E+00
  1.233235439E+00 -2.600829845E-01  1.174304248E+00  1.688717338E+00
  1.225526122E+00 -2.179224272E-01  1.168760466E+00  1.706586136E+00
  1.216323991E+00 -1.758316088E-01  1.163334767E+00  1.724519185E+00
  1.205617354E+00 -1.338660199E-01  1.158030386E+00  1.742492190E+00
  1.193396667E+00 -9.208260682E-02  1.152850358E+00  1.760479740E+00
  1.179654667E+00 -5.053969190E-02  1.147797531E+00  1.778455327E+00
  1.164386502E+00 -9.296883933E-03  1.142874571E+00  1.796391376E+00
  1.147589858E+00  3.158502362E-02  1.138083969E+00  1.814259287E+00
  1.129265084E+00  7.204416571E-02  1.133428052E+00  1.832029479E+00
  1.109415314E+00  1.120177304E-01  1.128908988E+00  1.849671449E+00
  1.088046582E+00  1.514420955E-01  1.124528797E+00  1.867153839E+00
  1.065167926E+00  1.902529759E-01  1.120289354E+00  1.884444505E+00
  1.040791493E+00  2.283855835E-01  1.116192402E+00  1.901510607E+00
  1.014932629E+00  2.657747969E-01  1.112239553E+00  1.918318701E+00
  9.876099603E-01  3.023553418E-01  1.108432302E+00  1.934834840E+00
  9.588454639E-01  3.380619820E-01  1.104772027E+00  1.951024689E+00
  9.286645253E-01  3.728297189E-01  1.101260000E+00  1.966853643E+00
  8.970959832E-01  4.065939995E-01  1.097897394E+00  1.982286957E+00
  8.641721599E-01  4.392909318E-01  1.094685284E+00  1.997289881E+00
  8.299288761E-01  4.708575067E-01  1.091624657E+00  2.011827803E+00
  7.944054496E-01  5.012318249E-01  1.088716418E+00  2.025866404E+00
  7.576446770E-01  5.303533275E-01  1.085961393E+00  2.039371802E+00
  7.196927976E-01  5.581630289E-01  1.083360335E+00  2.052310720E+00
  6.805994399E-01  5.846037508E-01  1.080913928E+00  2.064650642E+00
  6.404175488E-01  6.096203556E-01  1.078622793E+00  2.076359979E+00
  5.992032944E-01  6.331599766E-01  1.076487491E+00  2.087408231E+00
  5.570159622E-01  6.551722451E-01  1.074508529E+00  2.097766149E+00
  5.139178246E-01  6.756095113E-01  1.072686358E+00  2.107405895E+00
  4.699739936E-01  6.944270570E-01  1.071021385E+00  2.116301200E+00
  4.252522568E-01  7.115833000E-01  1.069513968E+00  2.124427511E+00
  3.798228950E-01  7.270399870E-01  1.068164425E+00  2.131762137E+00
  3.337584841E-01  7.407623735E-01  1.066973031E+00  2.138284381E+00
  2.871336820E-01  7.527193898E-01  1.065940026E+00  2.143975667E+00
  2.400250007E-01  7.628837918E-01  1.065065611E+00  2.148819656E+00
  1.925105668E-01  7.712322934E-01  1.064349957E+00  2.152802339E+00
  1.446698692E-01  7.777456819E-01  1.063793198E+00  2.155912136E+00
  9.658349929E-02  7.824089133E-01  1.063395439E+00  2.158139960E+00
  4.833288168E-02  7.852111874E-01  1.063156754E+00  2.159479279E+00
  1.799825098E-16  7.861460025E-01  1.063077188E+00  2.159926157E+00
 -1.764457373E-16  7.615502334E-01  1.047883807E+00  2.075872322E+00
 -4.738320569E-02  7.606362808E-01  1.047961115E+00  2.075451273E+00
 -9.468634070E-02  7.578965230E-01  1.048193025E+00  2.074189349E+00
 -1.418296038E-01  7.533372504E-01  1.048579490E+00  2.072090212E+00
 -1.887337310E-01  7.469689119E-01  1.049120434E+00  2.069159942E+00
 -2.353202589E-01  7.388060636E-01  1.049815748E+00  2.065406995E+00
 -2.815117834E-01  7.288672966E-01  1.050665292E+00  2.060842150E+00
 -3.272322105E-01  7.171751461E-01  1.051668890E+00  2.055478447E+00
 -3.724069977E-01  7.037559818E-01  1.052826332E+00  2.049331101E+00
 -4.169633859E-01  6.886398803E-01  1.054137373E+00  2.042417411E+00
 -4.608306179E-01  6.718604819E-01  1.055601727E+00  2.034756655E+00
 -5.039401450E-01  6.534548320E-01  1.057219068E+00  2.026369976E+00
 -5.462258178E-01  6.334632087E-01  1.058989025E+00  2.017280259E+00
 -5.876240622E-01  6.119289381E-01  1.060911184E+00  2.007511995E+00
 -6.280740390E-01  5.888981996E-01  1.062985079E+00  1.997091147E+00
 -6.675177868E-01  5.644198213E-01  1.065210194E+00  1.986045006E+00
 -7.059003466E-01  5.385450689E-01  1.067585956E+00  1.974402039E+00
 -7.431698694E-01  5.113274278E-01  1.070111731E+00  1.962191746E+00
 -7.792777062E-01  4.828223825E-01  1.072786825E+00  1.949444505E+00
 -8.141784786E-01  4.530871924E-01  1.075610472E+00  1.936191421E+00
 -8.478301339E-01  4.221806669E-01  1.078581836E+00  1.922464179E+00
 -8.801939809E-01  3.901629420E-01  1.081700002E+00  1.908294893E+00
 -9.112347104E-01  3.570952578E-01  1.084963975E+00  1.893715969E+00
 -9.409203979E-01  3.230397400E-01  1.088372671E+00  1.878759961E+00
 -9.692224922E-01  2.880591865E-01  1.091924910E+00  1.863459441E+00
 -9.961157884E-01  2.522168590E-01  1.095619418E+00  1.847846869E+00
 -1.021578387E+00  2.155762823E-01  1.099454811E+00  1.831954476E+00
 -1.045591641E+00  1.782010509E-01  1.103429596E+00  1.815814151E+00
 -1.068140088E+00  1.401546444E-01  1.107542162E+00  1.799457334E+00
 -1.089211379E+00  1.015002523E-01  1.111790773E+00  1.782914921E+00
 -1.108796186E+00  6.230060880E-02  1.116173560E+00  1.766217177E+00
 -1.126888112E+00  2.261783787E-02  1.120688517E+00  1.749393654E+00
 -1.143483584E+00 -1.748669120E-02  1.125333492E+00  1.732473121E+00
 -1.158581750E+00 -5.795249691E-02  1.130106179E+00  1.715483505E+00
 -1.172184358E+00 -9.872010784E-02  1.135004112E+00  1.698451830E+00
 -1.184295643E+00 -1.397311737E-01  1.140024657E+00  1.681404177E+00
 -1.194922199E+00 -1.809285653E-01  1.145165004E+00  1.664365646E+00
 -1.204072859E+00 -2.222564638E-01  1.150422159E+00  1.647360323E+00
 -1.211758564E+00 -2.636604390E-01  1.155792937E+00  1.630411258E+00
 -1.217992241E+00 -3.050875173E-01  1.161273957E+00  1.613540452E+00
 -1.222788669E+00 -3.464862393E-01  1.166861628E+00  1.596768844E+00
 -1.226164359E+00 -3.878067081E-01  1.172552149E+00  1.580116310E+00
 -1.228137424E+00 -4.290006282E-01  1.178341497E+00  1.563601666E+00
 -1.228727458E+00 -4.700213348E-01  1.184225423E+00  1.547242672E+00
 -1.227955414E+00 -5.108238156E-01  1.190199444E+00  1.531056049E+00
 -1.225843487E+00 -5.513647247E-01  1.196258837E+00  1.515057491E+00
 -1.222415000E+00 -5.916023881E-01  1.202398632E+00  1.499261689E+00
 -1.217694293E+00 -6.314968037E-01  1.208613612E+00  1.483682351E+00
 -1.211706616E+00 -6.710096340E-01  1.214898300E+00  1.468332233E+00
 -1.204478028E+00 -7.101041933E-01  1.221246962E+00  1.453223162E+00
 -1.196035297E+00 -7.487454297E-01  1.227653602E+00  1.438366075E+00
 -1.186405810E+00 -7.868999023E-01  1.234111956E+00  1.423771042E+00
 -1.175617482E+00 -8.245357540E-01  1.240615496E+00  1.409447310E+00
 -1.163698676E+00 -8.616226802E-01  1.247157425E+00  1.395403331E+00
 -1.150678121E+00 -8.981318951E-01  1.253730680E+00  1.381646803E+00
 -1.136584840E+00 -9.340360938E-01  1.260327930E+00  1.368184704E+00
 -1.121448082E+00 -9.693094129E-01  1.266941585E+00  1.355023329E+00
 -1.105297256E+00 -1.003927388E+00  1.273563794E+00  1.342168327E+00
 -1.088161874E+00 -1.037866912E+00  1.280186454E+00  1.329624739E+00
 -1.070071498E+00 -1.071106187E+00  1.286801215E+00  1.317397034E+00
 -1.051055684E+00 -1.103624682E+00  1.293399490E+00  1.305489144E+00
 -1.031143943E+00 -1.135403080E+00  1.299972464E+00  1.293904498E+00
 -1.010365696E+00 -1.166423240E+00  1.306511107E+00  1.282646060E+00
 -9.887502379E-01 -1.196668139E+00  1.313006183E+00  1.271716360E+00
 -9.663267048E-01 -1.226121834E+00  1.319448274E+00  1.261117529E+00
 -9.431240436E-01 -1.254769408E+00  1.325827787E+00  1.250851325E+00
 -9.191709872E-01 -1.282596925E+00  1.332134978E+00  1.240919171E+00
 -8.944960314E-01 -1.309591386E+00  1.338359974E+00  1.231322181E+00
 -8.691274166E-01 -1.335740679E+00  1.344492789E+00  1.222061184E+00
 -8.430931113E-01 -1.361033540E+00  1.350523354E+00  1.213136761E+00
 -8.164207998E-01 -1.385459504E+00  1.356441539E+00  1.204549260E+00
 -7.891378716E-01 -1.409008867E+00  1.362237182E+00  1.196298829E+00
 -7.612714143E-01 -1.431672639E+00  1.367900118E+00  1.188385434E+00
 -7.328482084E-01 -1.453442512E+00  1.373420207E+00  1.180808884E+00
 -7.038947244E-01 -1.474310815E+00  1.378787367E+00  1.173568852E+00
 -6.744371228E-01 -1.494270477E+00  1.383991608E+00  1.166664893E+00
 -6.445012552E-01 -1.513314997E+00  1.389023064E+00  1.160096467E+00
 -6.141126678E-01 -1.531438404E+00  1.393872026E+00  1.153862951E+00
 -5.832966065E-01 -1.548635226E+00  1.398528983E+00  1.147963658E+00
 -5.520780240E-01 -1.564900460E+00  1.402984650E+00  1.142397855E+00
 -5.204815873E-01 -1.580229543E+00  1.407230011E+00  1.137164774E+00
 -4.885316883E-01 -1.594618323E+00  1.411256350E+00  1.132263626E+00
 -4.562524540E-01 -1.608063033E+00  1.415055288E+00  1.127693616E+00
 -4.236677589E-01 -1.620560267E+00  1.418618820E+00  1.123453952E+00
 -3.908012381E-01 -1.632106956E+00  1.421939346E+00  1.119543855E+00
 -3.576763015E-01 -1.642700351E+00  1.425009707E+00  1.115962570E+00
 -3.243161486E-01 -1.652337997E+00  1.427823216E+00  1.112709378E+00
 -2.907437844E-01 -1.661017720E+00  1.430373689E+00  1.109783597E+00
 -2.569820359E-01 -1.668737611E+00  1.432655470E+00  1.107184595E+00
 -2.230535694E-01 -1.675496006E+00  1.434663464E+00  1.104911795E+00
 -1.889809077E-01 -1.681291481E+00  1.436393155E+00  1.102964677E+00
 -1.547864487E-01 -1.686122834E+00  1.437840632E+00  1.101342790E+00
 -1.204924838E-01 -1.689989078E+00  1.439002604E+00  1.100045750E+00
 -8.612121677E-02 -1.692889435E+00  1.439876421E+00  1.099073245E+00
 -5.169478301E-02 -1.694823325E+00  1.440460082E+00  1.098425041E+00
 -1.723526884E-02 -1.695790366E+00  1.440752248E+00  1.098100978E+00
  1.723526884E-02 -1.695790366E+00  1.440752248E+00  1.098100978E+00
  5.169478301E-02 -1.694823325E+00  1.440460082E+00  1.098425041E+00
  8.612121677E-02 -1.692889435E+00  1.439876421E+00  1.099073245E+00
  1.204924838E-01 -1.689989078E+00  1.439002604E+00  1.100045750E+00
  1.547864487E-01 -1.686122834E+00  1.437840632E+00  1.101342790E+00
  1.889809077E-01 -1.681291481E+00  1.436393155E+00  1.102964677E+00
  2.230535694E-01 -1.675496006E+00  1.434663464E+00  1.104911795E+00
  2.569820359E-01 -1.668737611E+00  1.432655470E+00  1.107184595E+00
  2.907437844E-01 -1.661017720E+00  1.430373689E+00  1.109783597E+00
  3.243161486E-01 -1.652337997E+00  1.427823216E+00  1.112709378E+00
  3.576763015E-01 -1.642700351E+00  1.425009707E+00  1.115962570E+00
  3.908012381E-01 -1.632106956E+00  1.421939346E+00  1.119543855E+00
  4.236677589E-01 -1.620560267E+00  1.418618820E+00  1.123453952E+00
  4.562524540E-01 -1.608063033E+00  1.415055288E+00  1.127693616E+00
  4.885316883E-01 -1.594618323E+00  1.411256350E+00  1.132263626E+00
  5.204815873E-01 -1.580229543E+00  1.407230011E+00  1.137164774E+00
  5.520780240E-01 -1.564900460E+00  1.402984650E+00  1.142397855E+00
  5.832966065E-01 -1.548635226E+00  1.398528983E+00  1.147963658E+00
  6.141126678E-01 -1.531438404E+00  1.393872026E+00  1.153862951E+00
  6.445012552E-01 -1.513314997E+00  1.389023064E+00  1.160096467E+00
  6.744371228E-01 -1.494270477E+00  1.383991608E+00  1.166664893E+00
  7.038947244E-01 -1.474310815E+00  1.378787367E+00  1.173568852E+00
  7.328482084E-01 -1.453442512E+00  1.373420207E+00  1.180808884E+00
  7.612714143E-01 -1.431672639E+00  1.367900118E+00  1.188385434E+00
  7.891378716E-01 -1.409008867E+00  1.362237182E+00  1.196298829E+00
  8.164207998E-01 -1.385459504E+00  1.356441539E+00  1.204549260E+00
  8.430931113E-01 -1.361033540E+00  1.350523354E+00  1.213136761E+00
  8.691274166E-01 -1.335740679E+00  1.344492789E+00  1.222061184E+00
  8.944960314E-01 -1.309591386E+00  1.338359974E+00  1.231322181E+00
  9.191709872E-01 -1.282596925E+00  1.332134978E+00  1.240919171E+00
  9.431240436E-01 -1.254769408E+00  1.325827787E+00  1.250851325E+00
  9.663267048E-01 -1.226121834E+00  1.319448274E+00  1.261117529E+00
  9.887502379E-01 -1.196668139E+00  1.313006183E+00  1.271716360E+00
  1.010365696E+00 -1.166423240E+00  1.306511107E+00  1.282646060E+00
  1.031143943E+00 -1.135403080E+00  1.299972464E+00  1.293904498E+00
  1.051055684E+00 -1.103624682E+00  1.293399490E+00  1.305489144E+00
  1.070071498E+00 -1.071106187E+00  1.286801215E+00  1.317397034E+00
  1.088161874E+00 -1.037866912E+00  1.280186454E+00  1.329624739E+00
  1.105297256E+00 -1.003927388E+00  1.273563794E+00  1.342168327E+00
  1.121448082E+00 -9.693094129E-01  1.266941585E+00  1.355023329E+00
  1.136584840E+00 -9.340360938E-01  1.260327930E+00  1.368184704E+00
  1.150678121E+00 -8.981318951E-01  1.253730680E+00  1.381646803E+00
  1.163698676E+00 -8.616226802E-01  1.247157425E+00  1.395403331E+00
  1.175617482E+00 -8.245357540E-01  1.240615496E+00  1.409447310E+00
  1.186405810E+00 -7.868999023E-01  1.234111956E+00  1.423771042E+00
  1.196035297E+00 -7.487454297E-01  1.227653602E+00  1.438366075E+00
  1.204478028E+00 -7.101041933E-01  1.221246962E+00  1.453223162E+00
  1.211706616E+00 -6.710096340E-01  1.214898300E+00  1.468332233E+00
  1.217694293E+00 -6.314968037E-01  1.208613612E+00  1.483682351E+00
  1.222415000E+00 -5.916023881E-01  1.202398632E+00  1.499261689E+00
  1.225843487E+00 -5.513647247E-01  1.196258837E+00  1.515057491E+00
  1.227955414E+00 -5.108238156E-01  1.190199444E+00  1.531056049E+00
  1.228727458E+00 -4.700213348E-01  1.184225423E+00  1.547242672E+00
  1.228137424E+00 -4.290006282E-01  1.178341497E+00  1.563601666E+00
  1.226164359E+00 -3.878067081E-01  1.172552149E+00  1.580116310E+00
  1.222788669E+00 -3.464862393E-01  1.166861628E+00  1.596768844E+00
  1.217992241E+00 -3.050875173E-01  1.161273957E+00  1.613540452E+00
  1.211758564E+00 -2.636604390E-01  1.155792937E+00  1.630411258E+00
  1.204072859E+00 -2.222564638E-01  1.150422159E+00  1.647360323E+00
  1.194922199E+00 -1.809285653E-01  1.145165004E+00  1.664365646E+00
  1.184295643E+00 -1.397311737E-01  1.140024657E+00  1.681404177E+00
  1.172184358E+00 -9.872010784E-02  1.135004112E+00  1.698451830E+00
  1.158581750E+00 -5.795249691E-02  1.130106179E+00  1.715483505E+00
  1.143483584E+00 -1.748669120E-02  1.125333492E+00  1.732473121E+00
  1.126888112E+00  2.261783787E-02  1.120688517E+00  1.749393654E+00
  1.108796186E+00  6.230060880E-02  1.116173560E+00  1.766217177E+00
  1.089211379E+00  1.015002523E-01  1.111790773E+00  1.782914921E+00
  1.068140088E+00  1.401546444E-01  1.107542162E+00  1.799457334E+00
  1.045591641E+00  1.782010509E-01  1.103429596E+00  1.815814151E+00
  1.021578387E+00  2.155762823E-01  1.099454811E+00  1.831954476E+00
  9.961157884E-01  2.522168590E-01  1.095619418E+00  1.847846869E+00
  9.692224922E-01  2.880591865E-01  1.091924910E+00  1.863459441E+00
  9.409203979E-01  3.230397400E-01  1.088372671E+00  1.878759961E+00
  9.112347104E-01  3.570952578E-01  1.084963975E+00  1.893715969E+00
  8.801939809E-01  3.901629420E-01  1.081700002E+00  1.908294893E+00
  8.478301339E-01  4.221806669E-01  1.078581836E+00  1.922464179E+00
  8.141784786E-01  4.530871924E-01  1.075610472E+00  1.936191421E+00
  7.792777062E-01  4.828223825E-01  1.072786825E+00  1.949444505E+00
  7.431698694E-01  5.113274278E-01  1.070111731E+00  1.962191746E+00
  7.059003466E-01  5.385450689E-01  1.067585956E+00  1.974402039E+00
  6.675177868E-01  5.644198213E-01  1.065210194E+00  1.986045006E+00
  6.280740390E-01  5.888981996E-01  1.062985079E+00  1.997091147E+00
  5.876240622E-01  6.119289381E-01  1.060911184E+00  2.007511995E+00
  5.462258178E-01  6.334632087E-01  1.058989025E+00  2.017280259E+00
  5.039401450E-01  6.534548320E-01  1.057219068E+00  2.026369976E+00
  4.608306179E-01  6.718604819E-01  1.055601727E+00  2.034756655E+00
  4.169633859E-01  6.886398803E-01  1.054137373E+00  2.042417411E+00
  3.724069977E-01  7.037559818E-01  1.052826332E+00  2.049331101E+00
  3.272322105E-01  7.171751461E-01  1.051668890E+00  2.055478447E+00
  2.815117834E-01  7.288672966E-01  1.050665292E+00  2.060842150E+00
  2.353202589E-01  7.388060636E-01  1.049815748E+00  2.065406995E+00
  1.887337310E-01  7.469689119E-01  1.049120434E+00  2.069159942E+00
  1.418296038E-01  7.533372504E-01  1.048579490E+00  2.072090212E+00
  9.468634070E-02  7.578965230E-01  1.048193025E+00  2.074189349E+00
  4.738320569E-02  7.606362808E-01  1.047961115E+00  2.075451273E+00
  1.764457373E-16  7.615502334E-01  1.047883807E+00  2.075872322E+00
 -1.730185808E-16  7.376525541E-01  1.033002017E+00  1.996014938E+00
 -4.646295952E-02  7.367587283E-01  1.033077145E+00  1.995617949E+00
 -9.284795174E-02  7.340792836E-01  1.033302513E+00  1.994428120E+00
 -1.390772684E-01  7.296203089E-01  1.033678074E+00  1.992448864E+00
 -1.850737177E-01  7.233919186E-01  1.034203749E+00  1.989685842E+00
 -2.307608779E-01  7.154082039E-01  1.034879425E+00  1.986146931E+00
 -2.760633457E-01  7.056871638E-01  1.035704957E+00  1.981842175E+00
 -3.209069778E-01  6.942506181E-01  1.036680165E+00  1.976783723E+00
 -3.652191237E-01  6.811241026E-01  1.037804832E+00  1.970985755E+00
 -4.089288484E-01  6.663367476E-01  1.039078706E+00  1.964464395E+00
 -4.519671438E-01  6.499211407E-01  1.040501493E+00  1.957237617E+00
 -4.942671275E-01  6.319131748E-01  1.042072858E+00  1.949325140E+00
 -5.357642274E-01  6.123518838E-01  1.043792423E+00  1.940748311E+00
 -5.763963524E-01  5.912792656E-01  1.045659763E+00  1.931529985E+00
 -6.161040464E-01  5.687400951E-01  1.047674403E+00  1.921694396E+00
 -6.548306272E-01  5.447817291E-01  1.049835815E+00  1.911267030E+00
 -6.925223081E-01  5.194539033E-01  1.052143418E+00  1.900274481E+00
 -7.291283031E-01  4.928085238E-01  1.054596568E+00  1.888744319E+00
 -7.646009145E-01  4.648994546E-01  1.057194559E+00  1.876704948E+00
 -7.988956038E-01  4.357823030E-01  1.059936618E+00  1.864185465E+00
 -8.319710455E-01  4.055142035E-01  1.062821899E+00  1.851215525E+00
 -8.637891645E-01  3.741536021E-01  1.065849480E+00  1.837825204E+00
 -8.943151572E-01  3.417600428E-01  1.069018357E+00  1.824044862E+00
 -9.235174967E-01  3.083939570E-01  1.072327441E+00  1.809905021E+00
 -9.513679239E-01  2.741164574E-01  1.075775550E+00  1.795436236E+00
 -9.778414233E-01  2.389891369E-01  1.079361404E+00  1.780668978E+00
 -1.002916186E+00  2.030738744E-01  1.083083621E+00  1.765633523E+00
 -1.026573561E+00  1.664326481E-01  1.086940709E+00  1.750359846E+00
 -1.048797994E+00  1.291273562E-01  1.090931060E+00  1.734877521E+00
 -1.069576953E+00  9.121964703E-02  1.095052946E+00  1.719215635E+00
 -1.088900851E+00  5.277075853E-02  1.099304510E+00  1.703402700E+00
 -1.106762955E+00  1.384136721E-02  1.103683759E+00  1.687466581E+00
 -1.123159289E+00 -2.550855244E-02  1.108188559E+00  1.671434429E+00
 -1.138088530E+00 -6.521985817E-02  1.112816627E+00  1.655332619E+00
 -1.151551898E+00 -1.052343597E-01  1.117565525E+00  1.639186700E+00
 -1.163553046E+00 -1.454949278E-01  1.122432649E+00  1.623021354E+00
 -1.174097939E+00 -1.859455927E-01  1.127415229E+00  1.606860354E+00
 -1.183194738E+00 -2.265316322E-01  1.132510315E+00  1.590726539E+00
 -1.190853675E+00 -2.671996495E-01  1.137714774E+00  1.574641788E+00
 -1.197086936E+00 -3.078976404E-01  1.143025279E+00  1.558627007E+00
 -1.201908533E+00 -3.485750520E-01  1.148438307E+00  1.542702118E+00
 -1.205334186E+00 -3.891828306E-01  1.153950130E+00  1.526886052E+00
 -1.207381200E+00 -4.296734615E-01  1.159556805E+00  1.511196754E+00
 -1.208068348E+00 -4.700010001E-01  1.165254174E+00  1.495651185E+00
 -1.207415753E+00 -5.101210943E-01  1.171037854E+00  1.480265335E+00
 -1.205444774E+00 -5.499910002E-01  1.176903230E+00  1.465054237E+00
 -1.202177897E+00 -5.895695894E-01  1.182845454E+00  1.450031980E+00
 -1.197638625E+00 -6.288173509E-01  1.188859438E+00  1.435211736E+00
 -1.191851376E+00 -6.676963860E-01  1.194939848E+00  1.420605783E+00
 -1.184841385E+00 -7.061703975E-01  1.201081104E+00  1.406225527E+00
 -1.176634605E+00 -7.442046741E-01  1.207277374E+00  1.392081533E+00
 -1.167257622E+00 -7.817660698E-01  1.213522575E+00  1.378183554E+00
 -1.156737563E+00 -8.188229794E-01  1.219810368E+00  1.364540565E+00
 -1.145102017E+00 -8.553453093E-01  1.226134161E+00  1.351160791E+00
 -1.132378960E+00 -8.913044464E-01  1.232487109E+00  1.338051743E+00
 -1.118596679E+00 -9.266732227E-01  1.238862114E+00  1.325220251E+00
 -1.103783708E+00 -9.614258780E-01  1.245251830E+00  1.312672499E+00
 -1.087968763E+00 -9.955380208E-01  1.251648666E+00  1.300414055E+00
 -1.071180683E+00 -1.028986586E+00  1.258044793E+00  1.288449913E+00
 -1.053448380E+00 -1.061749795E+00  1.264432148E+00  1.276784518E+00
 -1.034800786E+00 -1.093807107E+00  1.270802448E+00  1.265421805E+00
 -1.015266807E+00 -1.125139179E+00  1.277147191E+00  1.254365230E+00
 -9.948752851E-01 -1.155727819E+00  1.283457677E+00  1.243617803E+00
 -9.736549608E-01 -1.185555938E+00  1.289725015E+00  1.233182117E+00
 -9.516344379E-01 -1.214607509E+00  1.295940138E+00  1.223060383E+00
 -9.288421550E-01 -1.242867519E+00  1.302093823E+00  1.213254454E+00
 -9.053063600E-01 -1.270321923E+00  1.308176705E+00  1.203765858E+00
 -8.810550868E-01 -1.296957601E+00  1.314179298E+00  1.194595825E+00
 -8.561161362E-01 -1.322762314E+00  1.320092017E+00  1.185745311E+00
 -8.305170595E-01 -1.347724660E+00  1.325905202E+00  1.177215026E+00
 -8.042851451E-01 -1.371834032E+00  1.331609137E+00  1.169005459E+00
 -7.774474079E-01 -1.395080580E+00  1.337194084E+00  1.161116897E+00
 -7.500305810E-01 -1.417455165E+00  1.342650304E+00  1.153549453E+00
 -7.220611100E-01 -1.438949324E+00  1.347968089E+00  1.146303082E+00
 -6.935651500E-01 -1.459555233E+00  1.353137790E+00  1.139377605E+00
 -6.645685639E-01 -1.479265671E+00  1.358149852E+00  1.132772725E+00
 -6.350969235E-01 -1.498073982E+00  1.362994839E+00  1.126488045E+00
 -6.051755118E-01 -1.515974045E+00  1.367663474E+00  1.120523087E+00
 -5.748293276E-01 -1.532960241E+00  1.372146669E+00  1.114877305E+00
 -5.440830915E-01 -1.549027425E+00  1.376435558E+00  1.109550103E+00
 -5.129612531E-01 -1.564170892E+00  1.380521532E+00  1.104540845E+00
 -4.814880001E-01 -1.578386358E+00  1.384396275E+00  1.099848871E+00
 -4.496872681E-01 -1.591669926E+00  1.388051794E+00  1.095473506E+00
 -4.175827521E-01 -1.604018067E+00  1.391480453E+00  1.091414074E+00
 -3.851979189E-01 -1.615427599E+00  1.394675007E+00  1.087669906E+00
 -3.525560201E-01 -1.625895661E+00  1.397628632E+00  1.084240352E+00
 -3.196801066E-01 -1.635419701E+00  1.400334956E+00  1.081124784E+00
 -2.865930430E-01 -1.643997449E+00  1.402788087E+00  1.078322609E+00
 -2.533175241E-01 -1.651626913E+00  1.404982639E+00  1.075833276E+00
 -2.198760904E-01 -1.658306353E+00  1.406913758E+00  1.073656276E+00
 -1.862911454E-01 -1.664034278E+00  1.408577145E+00  1.071791156E+00
 -1.525849730E-01 -1.668809429E+00  1.409969076E+00  1.070237516E+00
 -1.187797547E-01 -1.672630770E+00  1.411086419E+00  1.068995019E+00
 -8.489758837E-02 -1.675497483E+00  1.411926651E+00  1.068063390E+00
 -5.096050618E-02 -1.677408961E+00  1.412487869E+00  1.067442420E+00
 -1.699049331E-02 -1.678364800E+00  1.412768797E+00  1.067131971E+00
  1.699049331E-02 -1.678364800E+00  1.412768797E+00  1.067131971E+00
  5.096050618E-02 -1.677408961E+00  1.412487869E+00  1.067442420E+00
  8.489758837E-02 -1.675497483E+00  1.411926651E+00  1.068063390E+00
  1.187797547E-01 -1.672630770E+00  1.411086419E+00  1.068995019E+00
  1.525849730E-01 -1.668809429E+00  1.409969076E+00  1.070237516E+00
  1.862911454E-01 -1.664034278E+00  1.408577145E+00  1.071791156E+00
  2.198760904E-01 -1.658306353E+00  1.406913758E+00  1.073656276E+00
  2.533175241E-01 -1.651626913E+00  1.404982639E+00  1.075833276E+00
  2.865930430E-01 -1.643997449E+00  1.402788087E+00  1.078322609E+00
  3.196801066E-01 -1.635419701E+00  1.400334956E+00  1.081124784E+00
  3.525560201E-01 -1.625895661E+00  1.397628632E+00  1.084240352E+00
  3.851979189E-01 -1.615427599E+00  1.394675007E+00  1.087669906E+00
  4.175827521E-01 -1.604018067E+00  1.391480453E+00  1.091414074E+00
  4.496872681E-01 -1.591669926E+00  1.388051794E+00  1.095473506E+00
  4.814880001E-01 -1.578386358E+00  1.384396275E+00  1.099848871E+00
  5.129612531E-01 -1.564170892E+00  1.380521532E+00  1.104540845E+00
  5.440830915E-01 -1.549027425E+00  1.376435558E+00  1.109550103E+00
  5.748293276E-01 -1.532960241E+00  1.372146669E+00  1.114877305E+00
  6.051755118E-01 -1.515974045E+00  1.367663474E+00  1.120523087E+00
  6.350969235E-01 -1.498073982E+00  1.362994839E+00  1.126488045E+00
  6.645685639E-01 -1.479265671E+00  1.358149852E+00  1.132772725E+00
  6.935651500E-01 -1.459555233E+00  1.353137790E+00  1.139377605E+00
  7.220611100E-01 -1.438949324E+00  1.347968089E+00  1.146303082E+00
  7.500305810E-01 -1.417455165E+00  1.342650304E+00  1.153549453E+00
  7.774474079E-01 -1.395080580E+00  1.337194084E+00  1.161116897E+00
  8.042851451E-01 -1.371834032E+00  1.331609137E+00  1.169005459E+00
  8.305170595E-01 -1.347724660E+00  1.325905202E+00  1.177215026E+00
  8.561161362E-01 -1.322762314E+00  1.320092017E+00  1.185745311E+00
  8.810550868E-01 -1.296957601E+00  1.314179298E+00  1.194595825E+00
  9.053063600E-01 -1.270321923E+00  1.308176705E+00  1.203765858E+00
  9.288421550E-01 -1.242867519E+00  1.302093823E+00  1.213254454E+00
  9.516344379E-01 -1.214607509E+00  1.295940138E+00  1.223060383E+00
  9.736549608E-01 -1.185555938E+00  1.289725015E+00  1.233182117E+00
  9.948752851E-01 -1.155727819E+00  1.283457677E+00  1.243617803E+00
  1.015266807E+00 -1.125139179E+00  1.277147191E+00  1.254365230E+00
  1.034800786E+00 -1.093807107E+00  1.270802448E+00  1.265421805E+00
  1.053448380E+00 -1.061749795E+00  1.264432148E+00  1.276784518E+00
  1.071180683E+00 -1.028986586E+00  1.258044793E+00  1.288449913E+00
  1.087968763E+00 -9.955380208E-01  1.251648666E+00  1.300414055E+00
  1.103783708E+00 -9.614258780E-01  1.245251830E+00  1.312672499E+00
  1.118596679E+00 -9.266732227E-01  1.238862114E+00  1.325220251E+00
  1.132378960E+00 -8.913044464E-01  1.232487109E+00  1.338051743E+00
  1.145102017E+00 -8.553453093E-01  1.226134161E+00  1.351160791E+00
  1.156737563E+00 -8.188229794E-01  1.219810368E+00  1.364540565E+00
  1.167257622E+00 -7.817660698E-01  1.213522575E+00  1.378183554E+00
  1.176634605E+00 -7.442046741E-01  1.207277374E+00  1.392081533E+00
  1.184841385E+00 -7.061703975E-01  1.201081104E+00  1.406225527E+00
  1.191851376E+00 -6.676963860E-01  1.194939848E+00  1.420605783E+00
  1.197638625E+00 -6.288173509E-01  1.188859438E+00  1.435211736E+00
  1.202177897E+00 -5.895695894E-01  1.182845454E+00  1.450031980E+00
  1.205444774E+00 -5.499910002E-01  1.176903230E+00  1.465054237E+00
  1.207415753E+00 -5.101210943E-01  1.171037854E+00  1.480265335E+00
  1.208068348E+00 -4.700010001E-01  1.165254174E+00  1.495651185E+00
  1.207381200E+00 -4.296734615E-01  1.159556805E+00  1.511196754E+00
  1.205334186E+00 -3.891828306E-01  1.153950130E+00  1.526886052E+00
  1.201908533E+00 -3.485750520E-01  1.148438307E+00  1.542702118E+00
  1.197086936E+00 -3.078976404E-01  1.143025279E+00  1.558627007E+00
  1.190853675E+00 -2.671996495E-01  1.137714774E+00  1.574641788E+00
  1.183194738E+00 -2.265316322E-01  1.132510315E+00  1.590726539E+00
  1.174097939E+00 -1.859455927E-01  1.127415229E+00  1.606860354E+00
  1.163553046E+00 -1.454949278E-01  1.122432649E+00  1.623021354E+00
  1.151551898E+00 -1.052343597E-01  1.117565525E+00  1.639186700E+00
  1.138088530E+00 -6.521985817E-02  1.112816627E+00  1.655332619E+00
  1.123159289E+00 -2.550855244E-02  1.108188559E+00  1.671434429E+00
  1.106762955E+00  1.384136721E-02  1.103683759E+00  1.687466581E+00
  1.088900851E+00  5.277075853E-02  1.099304510E+00  1.703402700E+00
  1.069576953E+00  9.121964703E-02  1.095052946E+00  1.719215635E+00
  1.048797994E+00  1.291273562E-01  1.090931060E+00  1.734877521E+00
  1.026573561E+00  1.664326481E-01  1.086940709E+00  1.750359846E+00
  1.002916186E+00  2.030738744E-01  1.083083621E+00  1.765633523E+00
  9.778414233E-01  2.389891369E-01  1.079361404E+00  1.780668978E+00
  9.513679239E-01  2.741164574E-01  1.075775550E+00  1.795436236E+00
  9.235174967E-01  3.083939570E-01  1.072327441E+00  1.809905021E+00
  8.943151572E-01  3.417600428E-01  1.069018357E+00  1.824044862E+00
  8.637891645E-01  3.741536021E-01  1.065849480E+00  1.837825204E+00
  8.319710455E-01  4.055142035E-01  1.062821899E+00  1.851215525E+00
  7.988956038E-01  4.357823030E-01  1.059936618E+00  1.864185465E+00
  7.646009145E-01  4.648994546E-01  1.057194559E+00  1.876704948E+00
  7.291283031E-01  4.928085238E-01  1.054596568E+00  1.888744319E+00
  6.925223081E-01  5.194539033E-01  1.052143418E+00  1.900274481E+00
  6.548306272E-01  5.447817291E-01  1.049835815E+00  1.911267030E+00
  6.161040464E-01  5.687400951E-01  1.047674403E+00  1.921694396E+00
  5.763963524E-01  5.912792656E-01  1.045659763E+00  1.931529985E+00
  5.357642274E-01  6.123518838E-01  1.043792423E+00  1.940748311E+00
  4.942671275E-01  6.319131748E-01  1.042072858E+00  1.949325140E+00
  4.519671438E-01  6.499211407E-01  1.040501493E+00  1.957237617E+00
  4.089288484E-01  6.663367476E-01  1.039078706E+00  1.964464395E+00
  3.652191237E-01  6.811241026E-01  1.037804832E+00  1.970985755E+00
  3.209069778E-01  6.942506181E-01  1.036680165E+00  1.976783723E+00
  2.760633457E-01  7.056871638E-01  1.035704957E+00  1.981842175E+00
  2.307608779E-01  7.154082039E-01  1.034879425E+00  1.986146931E+00
  1.850737177E-01  7.233919186E-01  1.034203749E+00  1.989685842E+00
  1.390772684E-01  7.296203089E-01  1.033678074E+00  1.992448864E+00
  9.284795174E-02  7.340792836E-01  1.033302513E+00  1.994428120E+00
  4.646295952E-02  7.367587283E-01  1.033077145E+00  1.995617949E+00
  1.730185808E-16  7.376525541E-01  1.033002017E+00  1.996014938E+00
 -1.696981630E-16  7.144384064E-01  1.018431773E+00  1.920138603E+00
 -4.557137096E-02  7.135639967E-01  1.018504797E+00  1.919764033E+00
 -9.106679177E-02  7.109427365E-01  1.018723851E+00  1.918641384E+00
 -1.364105615E-01  7.065805223E-01  1.019088888E+00  1.916773838E+00
 -1.815274761E-01  7.004871502E-01  1.019599825E+00  1.914166673E+00
 -2.263430725E-01  6.926762684E-01  1.020256547E+00  1.910827233E+00
 -2.707838674E-01  6.831653114E-01  1.021058906E+00  1.906764885E+00
 -3.147775904E-01  6.719754174E-01  1.022006715E+00  1.901990959E+00
 -3.582534077E-01  6.591313274E-01  1.023099753E+00  1.896518683E+00
 -4.011421374E-01  6.446612695E-01  1.024337761E+00  1.890363100E+00
 -4.433764529E-01  6.285968271E-01  1.025720439E+00  1.883540983E+00
 -4.848910751E-01  6.109727941E-01  1.027247444E+00  1.876070740E+00
 -5.256229510E-01  5.918270169E-01  1.028918390E+00  1.867972300E+00
 -5.655114185E-01  5.712002254E-01  1.030732843E+00  1.859267010E+00
 -6.044983561E-01  5.491358538E-01  1.032690321E+00  1.849977514E+00
 -6.425283176E-01  5.256798532E-01  1.034790288E+00  1.840127629E+00
 -6.795486510E-01  5.008804972E-01  1.037032152E+00  1.829742223E+00
 -7.155096002E-01  4.747881816E-01  1.039415262E+00  1.818847083E+00
 -7.503643923E-01  4.474552207E-01  1.041938904E+00  1.807468788E+00
 -7.840693065E-01  4.189356404E-01  1.044602296E+00  1.795634583E+00
 -8.165837283E-01  3.892849711E-01  1.047404587E+00  1.783372244E+00
 -8.478701874E-01  3.585600397E-01  1.050344847E+00  1.770709956E+00
 -8.778943796E-01  3.268187641E-01  1.053422069E+00  1.757676191E+00
 -9.066251744E-01  2.941199500E-01  1.056635157E+00  1.744299584E+00
 -9.340346079E-01  2.605230922E-01  1.059982929E+00  1.730608819E+00
 -9.600978619E-01  2.260881803E-01  1.063464103E+00  1.716632522E+00
 -9.847932305E-01  1.908755111E-01  1.067077299E+00  1.702399151E+00
 -1.008102074E+00  1.549455073E-01  1.070821028E+00  1.687936902E+00
 -1.030008762E+00  1.183585441E-01  1.074693690E+00  1.673273613E+00
 -1.050500607E+00  8.117478439E-02  1.078693564E+00  1.658436683E+00
 -1.069567787E+00  4.345402257E-02  1.082818806E+00  1.643452992E+00
 -1.087203262E+00  5.255537422E-03  1.087067440E+00  1.628348828E+00
 -1.103402681E+00 -3.336204485E-02  1.091437350E+00  1.613149829E+00
 -1.118164282E+00 -7.234087799E-02  1.095926278E+00  1.597880919E+00
 -1.131488793E+00 -1.116240128E-01  1.100531813E+00  1.582566265E+00
 -1.143379319E+00 -1.511555045E-01  1.105251388E+00  1.567229234E+00
 -1.153841233E+00 -1.908805090E-01  1.110082269E+00  1.551892355E+00
 -1.162882062E+00 -2.307453707E-01  1.115021551E+00  1.536577292E+00
 -1.170511368E+00 -2.706976988E-01  1.120066153E+00  1.521304821E+00
 -1.176740632E+00 -3.106864351E-01  1.125212807E+00  1.506094815E+00
 -1.181583137E+00 -3.506619117E-01  1.130458054E+00  1.490966232E+00
 -1.185053853E+00 -3.905759002E-01  1.135798237E+00  1.475937109E+00
 -1.187169313E+00 -4.303816515E-01  1.141229496E+00  1.461024564E+00
 -1.187947509E+00 -4.700339284E-01  1.146747761E+00  1.446244798E+00
 -1.187407768E+00 -5.094890290E-01  1.152348746E+00  1.431613103E+00
 -1.185570651E+00 -5.487048034E-01  1.158027946E+00  1.417143877E+00
 -1.182457841E+00 -5.876406636E-01  1.163780629E+00  1.402850637E+00
 -1.178092039E+00 -6.262575863E-01  1.169601834E+00  1.388746035E+00
 -1.172496866E+00 -6.645181100E-01  1.175486367E+00  1.374841887E+00
 -1.165696764E+00 -7.023863265E-01  1.181428795E+00  1.361149189E+00
 -1.157716902E+00 -7.398278670E-01  1.187423449E+00  1.347678146E+00
 -1.148583094E+00 -7.768098843E-01  1.193464418E+00  1.334438198E+00
 -1.138321706E+00 -8.133010295E-01  1.199545548E+00  1.321438050E+00
 -1.126959583E+00 -8.492714266E-01  1.205660444E+00  1.308685699E+00
 -1.114523972E+00 -8.846926423E-01  1.211802472E+00  1.296188468E+00
 -1.101042449E+00 -9.195376536E-01  1.217964756E+00  1.283953035E+00
 -1.086542855E+00 -9.537808130E-01  1.224140187E+00  1.271985464E+00
 -1.071053234E+00 -9.873978110E-01  1.230321423E+00  1.260291236E+00
 -1.054601774E+00 -1.020365637E+00  1.236500897E+00  1.248875284E+00
 -1.037216755E+00 -1.052662540E+00  1.242670824E+00  1.237742021E+00
 -1.018926499E+00 -1.084267984E+00  1.248823207E+00  1.226895373E+00
 -9.997593290E-01 -1.115162608E+00  1.254949847E+00  1.216338807E+00
 -9.797435211E-01 -1.145328183E+00  1.261042359E+00  1.206075365E+00
 -9.589072737E-01 -1.174747568E+00  1.267092176E+00  1.196107689E+00
 -9.372786717E-01 -1.203404662E+00  1.273090573E+00  1.186438054E+00
 -9.148856570E-01 -1.231284370E+00  1.279028675E+00  1.177068392E+00
 -8.917560028E-01 -1.258372548E+00  1.284897476E+00  1.168000319E+00
 -8.679172903E-01 -1.284655971E+00  1.290687863E+00  1.159235166E+00
 -8.433968893E-01 -1.310122282E+00  1.296390629E+00  1.150773997E+00
 -8.182219412E-01 -1.334759955E+00  1.301996500E+00  1.142617639E+00
 -7.924193449E-01 -1.358558254E+00  1.307496157E+00  1.134766699E+00
 -7.660157463E-01 -1.381507191E+00  1.312880261E+00  1.127221593E+00
 -7.390375287E-01 -1.403597490E+00  1.318139476E+00  1.119982561E+00
 -7.115108072E-01 -1.424820548E+00  1.323264505E+00  1.113049690E+00
 -6.834614245E-01 -1.445168396E+00  1.328246107E+00  1.106422932E+00
 -6.549149486E-01 -1.464633671E+00  1.333075136E+00  1.100102122E+00
 -6.258966734E-01 -1.483209575E+00  1.337742567E+00  1.094086995E+00
 -5.964316203E-01 -1.500889846E+00  1.342239528E+00  1.088377203E+00
 -5.665445417E-01 -1.517668728E+00  1.346557329E+00  1.082972327E+00
 -5.362599264E-01 -1.533540939E+00  1.350687501E+00  1.077871894E+00
 -5.056020063E-01 -1.548501645E+00  1.354621820E+00  1.073075389E+00
 -4.745947642E-01 -1.562546433E+00  1.358352344E+00  1.068582267E+00
 -4.432619434E-01 -1.575671287E+00  1.361871442E+00  1.064391965E+00
 -4.116270580E-01 -1.587872563E+00  1.365171830E+00  1.060503913E+00
 -3.797134046E-01 -1.599146967E+00  1.368246594E+00  1.056917542E+00
 -3.475440744E-01 -1.609491538E+00  1.371089226E+00  1.053632292E+00
 -3.151419670E-01 -1.618903626E+00  1.373693650E+00  1.050647626E+00
 -2.825298045E-01 -1.627380876E+00  1.376054249E+00  1.047963029E+00
 -2.497301460E-01 -1.634921213E+00  1.378165888E+00  1.045578022E+00
 -2.167654035E-01 -1.641522828E+00  1.380023944E+00  1.043492164E+00
 -1.836578578E-01 -1.647184165E+00  1.381624319E+00  1.041705056E+00
 -1.504296751E-01 -1.651903910E+00  1.382963466E+00  1.040216350E+00
 -1.171029238E-01 -1.655680982E+00  1.384038401E+00  1.039025750E+00
 -8.369959187E-02 -1.658514527E+00  1.384846722E+00  1.038133014E+00
 -5.024160462E-02 -1.660403907E+00  1.385386613E+00  1.037537959E+00
 -1.675084222E-02 -1.661348702E+00  1.385656864E+00  1.037240463E+00
  1.675084222E-02 -1.661348702E+00  1.385656864E+00  1.037240463E+00
  5.024160462E-02 -1.660403907E+00  1.385386613E+00  1.037537959E+00
  8.369959187E-02 -1.658514527E+00  1.384846722E+00  1.038133014E+00
  1.171029238E-01 -1.655680982E+00  1.384038401E+00  1.039025750E+00
  1.504296751E-01 -1.651903910E+00  1.382963466E+00  1.040216350E+00
  1.836578578E-01 -1.647184165E+00  1.381624319E+00  1.041705056E+00
  2.167654035E-01 -1.641522828E+00  1.380023944E+00  1.043492164E+00
  2.497301460E-01 -1.634921213E+00  1.378165888E+00  1.045578022E+00
  2.825298045E-01 -1.627380876E+00  1.376054249E+00  1.047963029E+00
  3.151419670E-01 -1.618903626E+00  1.373693650E+00  1.050647626E+00
  3.475440744E-01 -1.609491538E+00  1.371089226E+00  1.053632292E+00
  3.797134046E-01 -1.599146967E+00  1.368246594E+00  1.056917542E+00
  4.116270580E-01 -1.587872563E+00  1.365171830E+00  1.060503913E+00
  4.432619434E-01 -1.575671287E+00  1.361871442E+00  1.064391965E+00
  4.745947642E-01 -1.562546433E+00  1.358352344E+00  1.068582267E+00
  5.056020063E-01 -1.548501645E+00  1.354621820E+00  1.073075389E+00
  5.362599264E-01 -1.533540939E+00  1.350687501E+00  1.077871894E+00
  5.665445417E-01 -1.517668728E+00  1.346557329E+00  1.082972327E+00
  5.964316203E-01 -1.500889846E+00  1.342239528E+00  1.088377203E+00
  6.258966734E-01 -1.483209575E+00  1.337742567E+00  1.094086995E+00
  6.549149486E-01 -1.464633671E+00  1.333075136E+00  1.100102122E+00
  6.834614245E-01 -1.445168396E+00  1.328246107E+00  1.106422932E+00
  7.115108072E-01 -1.424820548E+00  1.323264505E+00  1.113049690E+00
  7.390375287E-01 -1.403597490E+00  1.318139476E+00  1.119982561E+00
  7.660157463E-01 -1.381507191E+00  1.312880261E+00  1.127221593E+00
  7.924193449E-01 -1.358558254E+00  1.307496157E+00  1.134766699E+00
  8.182219412E-01 -1.334759955E+00  1.301996500E+00  1.142617639E+00
  8.433968893E-01 -1.310122282E+00  1.296390629E+00  1.150773997E+00
  8.679172903E-01 -1.284655971E+00  1.290687863E+00  1.159235166E+00
  8.917560028E-01 -1.258372548E+00  1.284897476E+00  1.168000319E+00
  9.148856570E-01 -1.231284370E+00  1.279028675E+00  1.177068392E+00
  9.372786717E-01 -1.203404662E+00  1.273090573E+00  1.186438054E+00
  9.589072737E-01 -1.174747568E+00  1.267092176E+00  1.196107689E+00
  9.797435211E-01 -1.145328183E+00  1.261042359E+00  1.206075365E+00
  9.997593290E-01 -1.115162608E+00  1.254949847E+00  1.216338807E+00
  1.018926499E+00 -1.084267984E+00  1.248823207E+00  1.226895373E+00
  1.037216755E+00 -1.052662540E+00  1.242670824E+00  1.237742021E+00
  1.054601774E+00 -1.020365637E+00  1.236500897E+00  1.248875284E+00
  1.071053234E+00 -9.873978110E-01  1.230321423E+00  1.260291236E+00
  1.086542855E+00 -9.537808130E-01  1.224140187E+00  1.271985464E+00
  1.101042449E+00 -9.195376536E-01  1.217964756E+00  1.283953035E+00
  1.114523972E+00 -8.846926423E-01  1.211802472E+00  1.296188468E+00
  1.126959583E+00 -8.492714266E-01  1.205660444E+00  1.308685699E+00
  1.138321706E+00 -8.133010295E-01  1.199545548E+00  1.321438050E+00
  1.148583094E+00 -7.768098843E-01  1.193464418E+00  1.334438198E+00
  1.157716902E+00 -7.398278670E-01  1.187423449E+00  1.347678146E+00
  1.165696764E+00 -7.023863265E-01  1.181428795E+00  1.361149189E+00
  1.172496866E+00 -6.645181100E-01  1.175486367E+00  1.374841887E+00
  1.178092039E+00 -6.262575863E-01  1.169601834E+00  1.388746035E+00
  1.182457841E+00 -5.876406636E-01  1.163780629E+00  1.402850637E+00
  1.185570651E+00 -5.487048034E-01  1.158027946E+00  1.417143877E+00
  1.187407768E+00 -5.094890290E-01  1.152348746E+00  1.431613103E+00
  1.187947509E+00 -4.700339284E-01  1.146747761E+00  1.446244798E+00
  1.187169313E+00 -4.303816515E-01  1.141229496E+00  1.461024564E+00
  1.185053853E+00 -3.905759002E-01  1.135798237E+00  1.475937109E+00
  1.181583137E+00 -3.506619117E-01  1.130458054E+00  1.490966232E+00
  1.176740632E+00 -3.106864351E-01  1.125212807E+00  1.506094815E+00
  1.170511368E+00 -2.706976988E-01  1.120066153E+00  1.521304821E+00
  1.162882062E+00 -2.307453707E-01  1.115021551E+00  1.536577292E+00
  1.153841233E+00 -1.908805090E-01  1.110082269E+00  1.551892355E+00
  1.143379319E+00 -1.511555045E-01  1.105251388E+00  1.567229234E+00
  1.131488793E+00 -1.116240128E-01  1.100531813E+00  1.582566265E+00
  1.118164282E+00 -7.234087799E-02  1.095926278E+00  1.597880919E+00
  1.103402681E+00 -3.336204485E-02  1.091437350E+00  1.613149829E+00
  1.087203262E+00  5.255537422E-03  1.087067440E+00  1.628348828E+00
  1.069567787E+00  4.345402257E-02  1.082818806E+00  1.643452992E+00
  1.050500607E+00  8.117478439E-02  1.078693564E+00  1.658436683E+00
  1.030008762E+00  1.183585441E-01  1.074693690E+00  1.673273613E+00
  1.008102074E+00  1.549455073E-01  1.070821028E+00  1.687936902E+00
  9.847932305E-01  1.908755111E-01  1.067077299E+00  1.702399151E+00
  9.600978619E-01  2.260881803E-01  1.063464103E+00  1.716632522E+00
  9.340346079E-01  2.605230922E-01  1.059982929E+00  1.730608819E+00
  9.066251744E-01  2.941199500E-01  1.056635157E+00  1.744299584E+00
  8.778943796E-01  3.268187641E-01  1.053422069E+00  1.757676191E+00
  8.478701874E-01  3.585600397E-01  1.050344847E+00  1.770709956E+00
  8.165837283E-01  3.892849711E-01  1.047404587E+00  1.783372244E+00
  7.840693065E-01  4.189356404E-01  1.044602296E+00  1.795634583E+00
  7.503643923E-01  4.474552207E-01  1.041938904E+00  1.807468788E+00
  7.155096002E-01  4.747881816E-01  1.039415262E+00  1.818847083E+00
  6.795486510E-01  5.008804972E-01  1.037032152E+00  1.829742223E+00
  6.425283176E-01  5.256798532E-01  1.034790288E+00  1.840127629E+00
  6.044983561E-01  5.491358538E-01  1.032690321E+00  1.849977514E+00
  5.655114185E-01  5.712002254E-01  1.030732843E+00  1.859267010E+00
  5.256229510E-01  5.918270169E-01  1.028918390E+00  1.867972300E+00
  4.848910751E-01  6.109727941E-01  1.027247444E+00  1.876070740E+00
  4.433764529E-01  6.285968271E-01  1.025720439E+00  1.883540983E+00
  4.011421374E-01  6.446612695E-01  1.024337761E+00  1.890363100E+00
  3.582534077E-01  6.591313274E-01  1.023099753E+00  1.896518683E+00
  3.147775904E-01  6.719754174E-01  1.022006715E+00  1.901990959E+00
  2.707838674E-01  6.831653114E-01  1.021058906E+00  1.906764885E+00
  2.263430725E-01  6.926762684E-01  1.020256547E+00  1.910827233E+00
  1.815274761E-01  7.004871502E-01  1.019599825E+00  1.914166673E+00
  1.364105615E-01  7.065805223E-01  1.019088888E+00  1.916773838E+00
  9.106679177E-02  7.109427365E-01  1.018723851E+00  1.918641384E+00
  4.557137096E-02  7.135639967E-01  1.018504797E+00  1.919764033E+00
  1.696981630E-16  7.144384064E-01  1.018431773E+00  1.920138603E+00
 -1.664816378E-16  6.918931388E-01  1.004172591E+00  1.848038336E+00
 -4.470767607E-02  6.910374589E-01  1.004243584E+00  1.847684663E+00
 -8.934133661E-02  6.884723268E-01  1.004456546E+00  1.846624635E+00
 -1.338272060E-01  6.842034561E-01  1.004811428E+00  1.844861220E+00
 -1.780919870E-01  6.782403394E-01  1.005308145E+00  1.842399343E+00
 -2.220630955E-01  6.705962026E-01  1.005946580E+00  1.839245861E+00
 -2.656688913E-01  6.612879426E-01  1.006726580E+00  1.835409515E+00
 -3.088389018E-01  6.503360476E-01  1.007647956E+00  1.830900883E+00
 -3.515040381E-01  6.377645010E-01  1.008710481E+00  1.825732314E+00
 -3.935968027E-01  6.236006703E-01  1.009913889E+00  1.819917858E+00
 -4.350514858E-01  6.078751815E-01  1.011257876E+00  1.813473182E+00
 -4.758043509E-01  5.906217796E-01  1.012742092E+00  1.806415483E+00
 -5.157938076E-01  5.718771781E-01  1.014366144E+00  1.798763388E+00
 -5.549605711E-01  5.516808963E-01  1.016129592E+00  1.790536851E+00
 -5.932478076E-01  5.300750880E-01  1.018031946E+00  1.781757047E+00
 -6.306012649E-01  5.071043613E-01  1.020072661E+00  1.772446258E+00
 -6.669693883E-01  4.828155923E-01  1.022251140E+00  1.762627753E+00
 -7.023034204E-01  4.572577328E-01  1.024566725E+00  1.752325676E+00
 -7.365574859E-01  4.304816144E-01  1.027018694E+00  1.741564920E+00
 -7.696886604E-01  4.025397498E-01  1.029606260E+00  1.730371014E+00
 -8.016570239E-01  3.734861329E-01  1.032328565E+00  1.718769996E+00
 -8.324256991E-01  3.433760392E-01  1.035184677E+00  1.706788305E+00
 -8.619608747E-01  3.122658276E-01  1.038173583E+00  1.694452657E+00
 -8.902318143E-01  2.802127443E-01  1.041294187E+00  1.681789940E+00
 -9.172108516E-01  2.472747308E-01  1.044545304E+00  1.668827105E+00
 -9.428733721E-01  2.135102365E-01  1.047925655E+00  1.655591061E+00
 -9.671977829E-01  1.789780369E-01  1.051433862E+00  1.642108577E+00
 -9.901654703E-01  1.437370583E-01  1.055068442E+00  1.628406195E+00
 -1.011760747E+00  1.078462095E-01  1.058827802E+00  1.614510137E+00
 -1.031970788E+00  7.136422191E-02  1.062710234E+00  1.600446230E+00
 -1.050785561E+00  3.434949730E-02  1.066713905E+00  1.586239828E+00
 -1.068197744E+00 -3.140034883E-03  1.070836856E+00  1.571915750E+00
 -1.084202640E+00 -4.104705147E-02  1.075076995E+00  1.557498216E+00
 -1.098798081E+00 -7.931495991E-02  1.079432088E+00  1.543010796E+00
 -1.111984332E+00 -1.178880130E-01  1.083899753E+00  1.528476361E+00
 -1.123763985E+00 -1.567114142E-01  1.088477457E+00  1.513917043E+00
 -1.134141856E+00 -1.957314124E-01  1.093162508E+00  1.499354202E+00
 -1.143124871E+00 -2.348953885E-01  1.097952045E+00  1.484808398E+00
 -1.150721958E+00 -2.741519311E-01  1.102843038E+00  1.470299367E+00
 -1.156943932E+00 -3.134509037E-01  1.107832277E+00  1.455846007E+00
 -1.161803384E+00 -3.527435027E-01  1.112916368E+00  1.441466364E+00
 -1.165314567E+00 -3.919823064E-01  1.118091727E+00  1.427177630E+00
 -1.167493283E+00 -4.311213160E-01  1.123354573E+00  1.412996137E+00
 -1.168356774E+00 -4.701159886E-01  1.128700923E+00  1.398937363E+00
 -1.167923612E+00 -5.089232616E-01  1.134126589E+00  1.385015936E+00
 -1.166213591E+00 -5.475015714E-01  1.139627169E+00  1.371245647E+00
 -1.163247626E+00 -5.858108639E-01  1.145198048E+00  1.357639461E+00
 -1.159047651E+00 -6.238125995E-01  1.150834387E+00  1.344209534E+00
 -1.153636518E+00 -6.614697517E-01  1.156531128E+00  1.330967235E+00
 -1.147037910E+00 -6.987468008E-01  1.162282984E+00  1.317923162E+00
 -1.139276242E+00 -7.356097219E-01  1.168084441E+00  1.305087169E+00
 -1.130376583E+00 -7.720259689E-01  1.173929755E+00  1.292468390E+00
 -1.120364569E+00 -8.079644538E-01  1.179812951E+00  1.280075264E+00
 -1.109266324E+00 -8.433955229E-01  1.185727826E+00  1.267915561E+00
 -1.097108392E+00 -8.782909295E-01  1.191667945E+00  1.255996414E+00
 -1.083917661E+00 -9.126238029E-01  1.197626650E+00  1.244324345E+00
 -1.069721304E+00 -9.463686163E-01  1.203597057E+00  1.232905294E+00
 -1.054546711E+00 -9.795011514E-01  1.209572065E+00  1.221744648E+00
 -1.038421439E+00 -1.011998462E+00  1.215544357E+00  1.210847271E+00
 -1.021373156E+00 -1.043838833E+00  1.221506413E+00  1.200217534E+00
 -1.003429593E+00 -1.075001746E+00  1.227450512E+00  1.189859342E+00
 -9.846185018E-01 -1.105467833E+00  1.233368744E+00  1.179776162E+00
 -9.649676094E-01 -1.135218840E+00  1.239253023E+00  1.169971056E+00
 -9.445045861E-01 -1.164237581E+00  1.245095095E+00  1.160446702E+00
 -9.232570102E-01 -1.192507898E+00  1.250886556E+00  1.151205423E+00
 -9.012523384E-01 -1.220014622E+00  1.256618864E+00  1.142249216E+00
 -8.785178797E-01 -1.246743525E+00  1.262283358E+00  1.133579773E+00
 -8.550807721E-01 -1.272681286E+00  1.267871274E+00  1.125198509E+00
 -8.309679626E-01 -1.297815442E+00  1.273373767E+00  1.117106582E+00
 -8.062061902E-01 -1.322134356E+00  1.278781931E+00  1.109304918E+00
 -7.808219714E-01 -1.345627171E+00  1.284086819E+00  1.101794233E+00
 -7.548415885E-01 -1.368283777E+00  1.289279472E+00  1.094575051E+00
 -7.282910804E-01 -1.390094768E+00  1.294350939E+00  1.087647729E+00
 -7.011962359E-01 -1.411051411E+00  1.299292307E+00  1.081012468E+00
 -6.735825887E-01 -1.431145606E+00  1.304094723E+00  1.074669340E+00
 -6.454754150E-01 -1.450369854E+00  1.308749430E+00  1.068618298E+00
 -6.168997331E-01 -1.468717227E+00  1.313247787E+00  1.062859195E+00
 -5.878803043E-01 -1.486181331E+00  1.317581304E+00  1.057391798E+00
 -5.584416357E-01 -1.502756279E+00  1.321741673E+00  1.052215805E+00
 -5.286079853E-01 -1.518436664E+00  1.325720793E+00  1.047330854E+00
 -4.984033670E-01 -1.533217529E+00  1.329510805E+00  1.042736539E+00
 -4.678515587E-01 -1.547094341E+00  1.333104119E+00  1.038432421E+00
 -4.369761107E-01 -1.560062970E+00  1.336493449E+00  1.034418038E+00
 -4.058003549E-01 -1.572119662E+00  1.339671836E+00  1.030692914E+00
 -3.743474162E-01 -1.583261022E+00  1.342632682E+00  1.027256572E+00
 -3.426402240E-01 -1.593483991E+00  1.345369774E+00  1.024108538E+00
 -3.107015245E-01 -1.602785828E+00  1.347877315E+00  1.021248352E+00
 -2.785538945E-01 -1.611164097E+00  1.350149947E+00  1.018675575E+00
 -2.462197553E-01 -1.618616646E+00  1.352182773E+00  1.016389792E+00
 -2.137213876E-01 -1.625141599E+00  1.353971382E+00  1.014390622E+00
 -1.810809465E-01 -1.630737338E+00  1.355511869E+00  1.012677720E+00
 -1.483204774E-01 -1.635402498E+00  1.356800851E+00  1.011250781E+00
 -1.154619324E-01 -1.639135955E+00  1.357835485E+00  1.010109549E+00
 -8.252718631E-02 -1.641936819E+00  1.358613480E+00  1.009253812E+00
 -4.953805413E-02 -1.643804427E+00  1.359133108E+00  1.008683411E+00
 -1.651630757E-02 -1.644738340E+00  1.359393211E+00  1.008398237E+00
  1.651630757E-02 -1.644738340E+00  1.359393211E+00  1.008398237E+00
  4.953805413E-02 -1.643804427E+00  1.359133108E+00  1.008683411E+00
  8.252718631E-02 -1.641936819E+00  1.358613480E+00  1.009253812E+00
  1.154619324E-01 -1.639135955E+00  1.357835485E+00  1.010109549E+00
  1.483204774E-01 -1.635402498E+00  1.356800851E+00  1.011250781E+00
  1.810809465E-01 -1.630737338E+00  1.355511869E+00  1.012677720E+00
  2.137213876E-01 -1.625141599E+00  1.353971382E+00  1.014390622E+00
  2.462197553E-01 -1.618616646E+00  1.352182773E+00  1.016389792E+00
  2.785538945E-01 -1.611164097E+00  1.350149947E+00  1.018675575E+00
  3.107015245E-01 -1.602785828E+00  1.347877315E+00  1.021248352E+00
  3.426402240E-01 -1.593483991E+00  1.345369774E+00  1.024108538E+00
  3.743474162E-01 -1.583261022E+00  1.342632682E+00  1.027256572E+00
  4.058003549E-01 -1.572119662E+00  1.339671836E+00  1.030692914E+00
  4.369761107E-01 -1.560062970E+00  1.336493449E+00  1.034418038E+00
  4.678515587E-01 -1.547094341E+00  1.333104119E+00  1.038432421E+00
  4.984033670E-01 -1.533217529E+00  1.329510805E+00  1.042736539E+00
  5.286079853E-01 -1.518436664E+00  1.325720793E+00  1.047330854E+00
  5.584416357E-01 -1.502756279E+00  1.321741673E+00  1.052215805E+00
  5.878803043E-01 -1.486181331E+00  1.317581304E+00  1.057391798E+00
  6.168997331E-01 -1.468717227E+00  1.313247787E+00  1.062859195E+00
  6.454754150E-01 -1.450369854E+00  1.308749430E+00  1.068618298E+00
  6.735825887E-01 -1.431145606E+00  1.304094723E+00  1.074669340E+00
  7.011962359E-01 -1.411051411E+00  1.299292307E+00  1.081012468E+00
  7.282910804E-01 -1.390094768E+00  1.294350939E+00  1.087647729E+00
  7.548415885E-01 -1.368283777E+00  1.289279472E+00  1.094575051E+00
  7.808219714E-01 -1.345627171E+00  1.284086819E+00  1.101794233E+00
  8.062061902E-01 -1.322134356E+00  1.278781931E+00  1.109304918E+00
  8.309679626E-01 -1.297815442E+00  1.273373767E+00  1.117106582E+00
  8.550807721E-01 -1.272681286E+00  1.267871274E+00  1.125198509E+00
  8.785178797E-01 -1.246743525E+00  1.262283358E+00  1.133579773E+00
  9.012523384E-01 -1.220014622E+00  1.256618864E+00  1.142249216E+00
  9.232570102E-01 -1.192507898E+00  1.250886556E+00  1.151205423E+00
  9.445045861E-01 -1.164237581E+00  1.245095095E+00  1.160446702E+00
  9.649676094E-01 -1.135218840E+00  1.239253023E+00  1.169971056E+00
  9.846185018E-01 -1.105467833E+00  1.233368744E+00  1.179776162E+00
  1.003429593E+00 -1.075001746E+00  1.227450512E+00  1.189859342E+00
  1.021373156E+00 -1.043838833E+00  1.221506413E+00  1.200217534E+00
  1.038421439E+00 -1.011998462E+00  1.215544357E+00  1.210847271E+00
  1.054546711E+00 -9.795011514E-01  1.209572065E+00  1.221744648E+00
  1.069721304E+00 -9.463686163E-01  1.203597057E+00  1.232905294E+00
  1.083917661E+00 -9.126238029E-01  1.197626650E+00  1.244324345E+00
  1.097108392E+00 -8.782909295E-01  1.191667945E+00  1.255996414E+00
  1.109266324E+00 -8.433955229E-01  1.185727826E+00  1.267915561E+00
  1.120364569E+00 -8.079644538E-01  1.179812951E+00  1.280075264E+00
  1.130376583E+00 -7.720259689E-01  1.173929755E+00  1.292468390E+00
  1.139276242E+00 -7.356097219E-01  1.168084441E+00  1.305087169E+00
  1.147037910E+00 -6.987468008E-01  1.162282984E+00  1.317923162E+00
  1.153636518E+00 -6.614697517E-01  1.156531128E+00  1.330967235E+00
  1.159047651E+00 -6.238125995E-01  1.150834387E+00  1.344209534E+00
  1.163247626E+00 -5.858108639E-01  1.145198048E+00  1.357639461E+00
  1.166213591E+00 -5.475015714E-01  1.139627169E+00  1.371245647E+00
  1.167923612E+00 -5.089232616E-01  1.134126589E+00  1.385015936E+00
  1.168356774E+00 -4.701159886E-01  1.128700923E+00  1.398937363E+00
  1.167493283E+00 -4.311213160E-01  1.123354573E+00  1.412996137E+00
  1.165314567E+00 -3.919823064E-01  1.118091727E+00  1.427177630E+00
  1.161803384E+00 -3.527435027E-01  1.112916368E+00  1.441466364E+00
  1.156943932E+00 -3.134509037E-01  1.107832277E+00  1.455846007E+00
  1.150721958E+00 -2.741519311E-01  1.102843038E+00  1.470299367E+00
  1.143124871E+00 -2.348953885E-01  1.097952045E+00  1.484808398E+00
  1.134141856E+00 -1.957314124E-01  1.093162508E+00  1.499354202E+00
  1.123763985E+00 -1.567114142E-01  1.088477457E+00  1.513917043E+00
  1.111984332E+00 -1.178880130E-01  1.083899753E+00  1.528476361E+00
  1.098798081E+00 -7.931495991E-02  1.079432088E+00  1.543010796E+00
  1.084202640E+00 -4.104705147E-02  1.075076995E+00  1.557498216E+00
  1.068197744E+00 -3.140034883E-03  1.070836856E+00  1.571915750E+00
  1.050785561E+00  3.434949730E-02  1.066713905E+00  1.586239828E+00
  1.031970788E+00  7.136422191E-02  1.062710234E+00  1.600446230E+00
  1.011760747E+00  1.078462095E-01  1.058827802E+00  1.614510137E+00
  9.901654703E-01  1.437370583E-01  1.055068442E+00  1.628406195E+00
  9.671977829E-01  1.789780369E-01  1.051433862E+00  1.642108577E+00
  9.428733721E-01  2.135102365E-01  1.047925655E+00  1.655591061E+00
  9.172108516E-01  2.472747308E-01  1.044545304E+00  1.668827105E+00
  8.902318143E-01  2.802127443E-01  1.041294187E+00  1.681789940E+00
  8.619608747E-01  3.122658276E-01  1.038173583E+00  1.694452657E+00
  8.324256991E-01  3.433760392E-01  1.035184677E+00  1.706788305E+00
  8.016570239E-01  3.734861329E-01  1.032328565E+00  1.718769996E+00
  7.696886604E-01  4.025397498E-01  1.029606260E+00  1.730371014E+00
  7.365574859E-01  4.304816144E-01  1.027018694E+00  1.741564920E+00
  7.023034204E-01  4.572577328E-01  1.024566725E+00  1.752325676E+00
  6.669693883E-01  4.828155923E-01  1.022251140E+00  1.762627753E+00
  6.306012649E-01  5.071043613E-01  1.020072661E+00  1.772446258E+00
  5.932478076E-01  5.300750880E-01  1.018031946E+00  1.781757047E+00
  5.549605711E-01  5.516808963E-01  1.016129592E+00  1.790536851E+00
  5.157938076E-01  5.718771781E-01  1.014366144E+00  1.798763388E+00
  4.758043509E-01  5.906217796E-01  1.012742092E+00  1.806415483E+00
  4.350514858E-01  6.078751815E-01  1.011257876E+00  1.813473182E+00
  3.935968027E-01  6.236006703E-01  1.009913889E+00  1.819917858E+00
  3.515040381E-01  6.377645010E-01  1.008710481E+00  1.825732314E+00
  3.088389018E-01  6.503360476E-01  1.007647956E+00  1.830900883E+00
  2.656688913E-01  6.612879426E-01  1.006726580E+00  1.835409515E+00
  2.220630955E-01  6.705962026E-01  1.005946580E+00  1.839245861E+00
  1.780919870E-01  6.782403394E-01  1.005308145E+00  1.842399343E+00
  1.338272060E-01  6.842034561E-01  1.004811428E+00  1.844861220E+00
  8.934133661E-02  6.884723268E-01  1.004456546E+00  1.846624635E+00
  4.470767607E-02  6.910374589E-01  1.004243584E+00  1.847684663E+00
  1.664816378E-16  6.918931388E-01  1.004172591E+00  1.848038336E+00
 -1.633661932E-16  6.700020400E-01  9.902235615E-01  1.779519186E+00
 -4.387112008E-02  6.691644269E-01  9.902925958E-01  1.779184998E+00
 -8.767008022E-02  6.666534371E-01  9.904996816E-01  1.778183360E+00
 -1.313249516E-01  6.624746098E-01  9.908447680E-01  1.776517044E+00
 -1.747642661E-01  6.566371482E-01  9.913277695E-01  1.774190652E+00
 -2.179172430E-01  6.491538760E-01  9.919485658E-01  1.771210588E+00
 -2.607140104E-01  6.400411774E-01  9.927070008E-01  1.767585020E+00
 -3.030858219E-01  6.293189210E-01  9.936028818E-01  1.763323832E+00
 -3.449652648E-01  6.170103677E-01  9.946359780E-01  1.758438565E+00
 -3.862864599E-01  6.031420646E-01  9.958060193E-01  1.752942352E+00
 -4.269852520E-01  5.877437238E-01  9.971126946E-01  1.746849842E+00
 -4.669993887E-01  5.708480900E-01  9.985556499E-01  1.740177115E+00
 -5.062686878E-01  5.524907950E-01  1.000134486E+00  1.732941597E+00
 -5.447351918E-01  5.327102024E-01  1.001848757E+00  1.725161958E+00
 -5.823433091E-01  5.115472428E-01  1.003697965E+00  1.716858019E+00
 -6.190399409E-01  4.890452415E-01  1.005681562E+00  1.708050641E+00
 -6.547745938E-01  4.652497388E-01  1.007798944E+00  1.698761619E+00
 -6.894994778E-01  4.402083055E-01  1.010049445E+00  1.689013577E+00
 -7.231695892E-01  4.139703547E-01  1.012432341E+00  1.678829850E+00
 -7.557427784E-01  3.865869504E-01  1.014946838E+00  1.668234378E+00
 -7.871798034E-01  3.581106154E-01  1.017592076E+00  1.657251594E+00
 -8.174443682E-01  3.285951387E-01  1.020367118E+00  1.645906314E+00
 -8.465031468E-01  2.980953841E-01  1.023270951E+00  1.634223632E+00
 -8.743257941E-01  2.666671018E-01  1.026302476E+00  1.622228814E+00
 -9.008849428E-01  2.343667423E-01  1.029460511E+00  1.609947200E+00
 -9.261561877E-01  2.012512753E-01  1.032743779E+00  1.597404105E+00
 -9.501180580E-01  1.673780139E-01  1.036150907E+00  1.584624731E+00
 -9.727519788E-01  1.328044449E-01  1.039680418E+00  1.571634079E+00
 -9.940422211E-01  9.758806509E-02  1.043330729E+00  1.558456864E+00
 -1.013975843E+00  6.178622650E-02  1.047100142E+00  1.545117449E+00
 -1.032542623E+00  2.545598806E-02  1.050986843E+00  1.531639767E+00
 -1.049734983E+00 -1.134602335E-02  1.054988889E+00  1.518047263E+00
 -1.065547904E+00 -4.856374354E-02  1.059104211E+00  1.504362832E+00
 -1.079978841E+00 -8.614179251E-02  1.063330600E+00  1.490608775E+00
 -1.093027626E+00 -1.240255868E-01  1.067665707E+00  1.476806749E+00
 -1.104696372E+00 -1.621614426E-01  1.072107032E+00  1.462977728E+00
 -1.114989367E+00 -2.004966697E-01  1.076651924E+00  1.449141975E+00
 -1.123912974E+00 -2.389796558E-01  1.081297569E+00  1.435319009E+00
 -1.131475518E+00 -2.775599424E-01  1.086040987E+00  1.421527588E+00
 -1.137687184E+00 -3.161882908E-01  1.090879027E+00  1.407785688E+00
 -1.142559905E+00 -3.548167406E-01  1.095808358E+00  1.394110498E+00
 -1.146107253E+00 -3.933986587E-01  1.100825468E+00  1.380518405E+00
 -1.148344332E+00 -4.318887807E-01  1.105926653E+00  1.367024997E+00
 -1.149287672E+00 -4.702432444E-01  1.111108019E+00  1.353645064E+00
 -1.148955119E+00 -5.084196159E-01  1.116365471E+00  1.340392603E+00
 -1.147365738E+00 -5.463769087E-01  1.121694711E+00  1.327280824E+00
 -1.144539708E+00 -5.840755961E-01  1.127091234E+00  1.314322164E+00
 -1.140498225E+00 -6.214776173E-01  1.132550325E+00  1.301528304E+00
 -1.135263408E+00 -6.585463783E-01  1.138067054E+00  1.288910179E+00
 -1.128858206E+00 -6.952467466E-01  1.143636277E+00  1.276478005E+00
 -1.121306312E+00 -7.315450415E-01  1.149252629E+00  1.264241295E+00
 -1.112632078E+00 -7.674090199E-01  1.154910530E+00  1.252208881E+00
 -1.102860433E+00 -8.028078581E-01  1.160604177E+00  1.240388941E+00
 -1.092016811E+00 -8.377121291E-01  1.166327550E+00  1.228789022E+00
 -1.080127073E+00 -8.720937780E-01  1.172074410E+00  1.217416066E+00
 -1.067217446E+00 -9.059260932E-01  1.177838304E+00  1.206276437E+00
 -1.053314451E+00 -9.391836761E-01  1.183612568E+00  1.195375948E+00
 -1.038444851E+00 -9.718424074E-01  1.189390329E+00  1.184719883E+00
 -1.022635589E+00 -1.003879413E+00  1.195164513E+00  1.174313035E+00
 -1.005913740E+00 -1.035273027E+00  1.200927851E+00  1.164159720E+00
 -9.883064591E-01 -1.066002754E+00  1.206672887E+00  1.154263816E+00
 -9.698409433E-01 -1.096049232E+00  1.212391987E+00  1.144628780E+00
 -9.505443862E-01 -1.125394189E+00  1.218077350E+00  1.135257681E+00
 -9.304439433E-01 -1.154020408E+00  1.223721021E+00  1.126153220E+00
 -9.095666988E-01 -1.181911685E+00  1.229314903E+00  1.117317760E+00
 -8.879396355E-01 -1.209052787E+00  1.234850770E+00  1.108753347E+00
 -8.655896089E-01 -1.235429413E+00  1.240320287E+00  1.100461738E+00
 -8.425433231E-01 -1.261028155E+00  1.245715026E+00  1.092444416E+00
 -8.188273112E-01 -1.285836459E+00  1.251026482E+00  1.084702621E+00
 -7.944679174E-01 -1.309842585E+00  1.256246100E+00  1.077237367E+00
 -7.694912825E-01 -1.333035568E+00  1.261365286E+00  1.070049460E+00
 -7.439233314E-01 -1.355405183E+00  1.266375442E+00  1.063139525E+00
 -7.177897638E-01 -1.376941908E+00  1.271267978E+00  1.056508016E+00
 -6.911160465E-01 -1.397636888E+00  1.276034348E+00  1.050155241E+00
 -6.639274083E-01 -1.417481901E+00  1.280666066E+00  1.044081376E+00
 -6.362488368E-01 -1.436469325E+00  1.285154739E+00  1.038286478E+00
 -6.081050771E-01 -1.454592106E+00  1.289492093E+00  1.032770509E+00
 -5.795206323E-01 -1.471843730E+00  1.293669999E+00  1.027533339E+00
 -5.505197661E-01 -1.488218188E+00  1.297680504E+00  1.022574770E+00
 -5.211265060E-01 -1.503709953E+00  1.301515860E+00  1.017894542E+00
 -4.913646489E-01 -1.518313954E+00  1.305168548E+00  1.013492346E+00
 -4.612577677E-01 -1.532025547E+00  1.308631315E+00  1.009367840E+00
 -4.308292191E-01 -1.544840492E+00  1.311897193E+00  1.005520652E+00
 -4.001021522E-01 -1.556754934E+00  1.314959535E+00  1.001950394E+00
 -3.690995192E-01 -1.567765381E+00  1.317812037E+00  9.986566708E-01
 -3.378440859E-01 -1.577868682E+00  1.320448767E+00  9.956390871E-01
 -3.063584437E-01 -1.587062011E+00  1.322864189E+00  9.928972549E-01
 -2.746650223E-01 -1.595342854E+00  1.325053186E+00  9.904308005E-01
 -2.427861029E-01 -1.602708986E+00  1.327011087E+00  9.882393707E-01
 -2.107438323E-01 -1.609158467E+00  1.328733681E+00  9.863226383E-01
 -1.785602373E-01 -1.614689624E+00  1.330217243E+00  9.846803063E-01
 -1.462572402E-01 -1.619301042E+00  1.331458546E+00  9.833121129E-01
 -1.138566734E-01 -1.622991554E+00  1.332454877E+00  9.822178342E-01
 -8.138029615E-02 -1.625760239E+00  1.333204051E+00  9.813972880E-01
 -4.884980974E-02 -1.627606409E+00  1.333704420E+00  9.808503352E-01
 -1.628687443E-02 -1.628529607E+00  1.333954881E+00  9.805768823E-01
  1.628687443E-02 -1.628529607E+00  1.333954881E+00  9.805768823E-01
  4.884980974E-02 -1.627606409E+00  1.333704420E+00  9.808503352E-01
  8.138029615E-02 -1.625760239E+00  1.333204051E+00  9.813972880E-01
  1.138566734E-01 -1.622991554E+00  1.332454877E+00  9.822178342E-01
  1.462572402E-01 -1.619301042E+00  1.331458546E+00  9.833121129E-01
  1.785602373E-01 -1.614689624E+00  1.330217243E+00  9.846803063E-01
  2.107438323E-01 -1.609158467E+00  1.328733681E+00  9.863226383E-01
  2.427861029E-01 -1.602708986E+00  1.327011087E+00  9.882393707E-01
  2.746650223E-01 -1.595342854E+00  1.325053186E+00  9.904308005E-01
  3.063584437E-01 -1.587062011E+00  1.322864189E+00  9.928972549E-01
  3.378440859E-01 -1.577868682E+00  1.320448767E+00  9.956390871E-01
  3.690995192E-01 -1.567765381E+00  1.317812037E+00  9.986566708E-01
  4.001021522E-01 -1.556754934E+00  1.314959535E+00  1.001950394E+00
  4.308292191E-01 -1.544840492E+00  1.311897193E+00  1.005520652E+00
  4.612577677E-01 -1.532025547E+00  1.308631315E+00  1.009367840E+00
  4.913646489E-01 -1.518313954E+00  1.305168548E+00  1.013492346E+00
  5.211265060E-01 -1.503709953E+00  1.301515860E+00  1.017894542E+00
  5.505197661E-01 -1.488218188E+00  1.297680504E+00  1.022574770E+00
  5.795206323E-01 -1.471843730E+00  1.293669999E+00  1.027533339E+00
  6.081050771E-01 -1.454592106E+00  1.289492093E+00  1.032770509E+00
  6.362488368E-01 -1.436469325E+00  1.285154739E+00  1.038286478E+00
  6.639274083E-01 -1.417481901E+00  1.280666066E+00  1.044081376E+00
  6.911160465E-01 -1.397636888E+00  1.276034348E+00  1.050155241E+00
  7.177897638E-01 -1.376941908E+00  1.271267978E+00  1.056508016E+00
  7.439233314E-01 -1.355405183E+00  1.266375442E+00  1.063139525E+00
  7.694912825E-01 -1.333035568E+00  1.261365286E+00  1.070049460E+00
  7.944679174E-01 -1.309842585E+00  1.256246100E+00  1.077237367E+00
  8.188273112E-01 -1.285836459E+00  1.251026482E+00  1.084702621E+00
  8.425433231E-01 -1.261028155E+00  1.245715026E+00  1.092444416E+00
  8.655896089E-01 -1.235429413E+00  1.240320287E+00  1.100461738E+00
  8.879396355E-01 -1.209052787E+00  1.234850770E+00  1.108753347E+00
  9.095666988E-01 -1.181911685E+00  1.229314903E+00  1.117317760E+00
  9.304439433E-01 -1.154020408E+00  1.223721021E+00  1.126153220E+00
  9.505443862E-01 -1.125394189E+00  1.218077350E+00  1.135257681E+00
  9.698409433E-01 -1.096049232E+00  1.212391987E+00  1.144628780E+00
  9.883064591E-01 -1.066002754E+00  1.206672887E+00  1.154263816E+00
  1.005913740E+00 -1.035273027E+00  1.200927851E+00  1.164159720E+00
  1.022635589E+00 -1.003879413E+00  1.195164513E+00  1.174313035E+00
  1.038444851E+00 -9.718424074E-01  1.189390329E+00  1.184719883E+00
  1.053314451E+00 -9.391836761E-01  1.183612568E+00  1.195375948E+00
  1.067217446E+00 -9.059260932E-01  1.177838304E+00  1.206276437E+00
  1.080127073E+00 -8.720937780E-01  1.172074410E+00  1.217416066E+00
  1.092016811E+00 -8.377121291E-01  1.166327550E+00  1.228789022E+00
  1.102860433E+00 -8.028078581E-01  1.160604177E+00  1.240388941E+00
  1.112632078E+00 -7.674090199E-01  1.154910530E+00  1.252208881E+00
  1.121306312E+00 -7.315450415E-01  1.149252629E+00  1.264241295E+00
  1.128858206E+00 -6.952467466E-01  1.143636277E+00  1.276478005E+00
  1.135263408E+00 -6.585463783E-01  1.138067054E+00  1.288910179E+00
  1.140498225E+00 -6.214776173E-01  1.132550325E+00  1.301528304E+00
  1.144539708E+00 -5.840755961E-01  1.127091234E+00  1.314322164E+00
  1.147365738E+00 -5.463769087E-01  1.121694711E+00  1.327280824E+00
  1.148955119E+00 -5.084196159E-01  1.116365471E+00  1.340392603E+00
  1.149287672E+00 -4.702432444E-01  1.111108019E+00  1.353645064E+00
  1.148344332E+00 -4.318887807E-01  1.105926653E+00  1.367024997E+00
  1.146107253E+00 -3.933986587E-01  1.100825468E+00  1.380518405E+00
  1.142559905E+00 -3.548167406E-01  1.095808358E+00  1.394110498E+00
  1.137687184E+00 -3.161882908E-01  1.090879027E+00  1.407785688E+00
  1.131475518E+00 -2.775599424E-01  1.086040987E+00  1.421527588E+00
  1.123912974E+00 -2.389796558E-01  1.081297569E+00  1.435319009E+00
  1.114989367E+00 -2.004966697E-01  1.076651924E+00  1.449141975E+00
  1.104696372E+00 -1.621614426E-01  1.072107032E+00  1.462977728E+00
  1.093027626E+00 -1.240255868E-01  1.067665707E+00  1.476806749E+00
  1.079978841E+00 -8.614179251E-02  1.063330600E+00  1.490608775E+00
  1.065547904E+00 -4.856374354E-02  1.059104211E+00  1.504362832E+00
  1.049734983E+00 -1.134602335E-02  1.054988889E+00  1.518047263E+00
  1.032542623E+00  2.545598806E-02  1.050986843E+00  1.531639767E+00
  1.013975843E+00  6.178622650E-02  1.047100142E+00  1.545117449E+00
  9.940422211E-01  9.758806509E-02  1.043330729E+00  1.558456864E+00
  9.727519788E-01  1.328044449E-01  1.039680418E+00  1.571634079E+00
  9.501180580E-01  1.673780139E-01  1.036150907E+00  1.584624731E+00
  9.261561877E-01  2.012512753E-01  1.032743779E+00  1.597404105E+00
  9.008849428E-01  2.343667423E-01  1.029460511E+00  1.609947200E+00
  8.743257941E-01  2.666671018E-01  1.026302476E+00  1.622228814E+00
  8.465031468E-01  2.980953841E-01  1.023270951E+00  1.634223632E+00
  8.174443682E-01  3.285951387E-01  1.020367118E+00  1.645906314E+00
  7.871798034E-01  3.581106154E-01  1.017592076E+00  1.657251594E+00
  7.557427784E-01  3.865869504E-01  1.014946838E+00  1.668234378E+00
  7.231695892E-01  4.139703547E-01  1.012432341E+00  1.678829850E+00
  6.894994778E-01  4.402083055E-01  1.010049445E+00  1.689013577E+00
  6.547745938E-01  4.652497388E-01  1.007798944E+00  1.698761619E+00
  6.190399409E-01  4.890452415E-01  1.005681562E+00  1.708050641E+00
  5.823433091E-01  5.115472428E-01  1.003697965E+00  1.716858019E+00
  5.447351918E-01  5.327102024E-01  1.001848757E+00  1.725161958E+00
  5.062686878E-01  5.524907950E-01  1.000134486E+00  1.732941597E+00
  4.669993887E-01  5.708480900E-01  9.985556499E-01  1.740177115E+00
  4.269852520E-01  5.877437238E-01  9.971126946E-01  1.746849842E+00
  3.862864599E-01  6.031420646E-01  9.958060193E-01  1.752942352E+00
  3.449652648E-01  6.170103677E-01  9.946359780E-01  1.758438565E+00
  3.030858219E-01  6.293189210E-01  9.936028818E-01  1.763323832E+00
  2.607140104E-01  6.400411774E-01  9.927070008E-01  1.767585020E+00
  2.179172430E-01  6.491538760E-01  9.919485658E-01  1.771210588E+00
  1.747642661E-01  6.566371482E-01  9.913277695E-01  1.774190652E+00
  1.313249516E-01  6.624746098E-01  9.908447680E-01  1.776517044E+00
  8.767008022E-02  6.666534371E-01  9.904996816E-01  1.778183360E+00
  4.387112008E-02  6.691644269E-01  9.902925958E-01  1.779184998E+00
  1.633661932E-16  6.700020400E-01  9.902235615E-01  1.779519186E+00
 -1.603490543E-16  6.487503701E-01  9.765833802E-01  1.714395833E+00
 -4.306095821E-02  6.479301839E-01  9.766505257E-01  1.714079820E+00
 -8.605153642E-02  6.454714190E-01  9.768519447E-01  1.713132648E+00
 -1.289015774E-01  6.413794486E-01  9.771875853E-01  1.711556908E+00
 -1.715413681E-01  6.356632000E-01  9.776573606E-01  1.709356903E+00
 -2.139018578E-01  6.283351133E-01  9.782611482E-01  1.706538621E+00
 -2.559148724E-01  6.194110842E-01  9.789987893E-01  1.703109702E+00
 -2.975133227E-01  6.089103903E-01  9.798700879E-01  1.699079390E+00
 -3.386314058E-01  5.968556037E-01  9.808748097E-01  1.694458482E+00
 -3.792047979E-01  5.832724884E-01  9.820126806E-01  1.689259266E+00
 -4.191708382E-01  5.681898851E-01  9.832833849E-01  1.683495451E+00
 -4.584687023E-01  5.516395836E-01  9.846865639E-01  1.677182090E+00
 -4.970395638E-01  5.336561830E-01  9.862218135E-01  1.670335496E+00
 -5.348267443E-01  5.142769435E-01  9.878886822E-01  1.662973158E+00
 -5.717758504E-01  4.935416274E-01  9.896866685E-01  1.655113643E+00
 -6.078348971E-01  4.714923339E-01  9.916152184E-01  1.646776501E+00
 -6.429544173E-01  4.481733262E-01  9.936737222E-01  1.637982168E+00
 -6.770875580E-01  4.236308547E-01  9.958615116E-01  1.628751858E+00
 -7.101901613E-01  3.979129751E-01  9.981778568E-01  1.619107467E+00
 -7.422208314E-01  3.710693649E-01  1.000621962E+00  1.609071465E+00
 -7.731409876E-01  3.431511376E-01  1.003192963E+00  1.598666797E+00
 -8.029149028E-01  3.142106578E-01  1.005889922E+00  1.587916776E+00
 -8.315097292E-01  2.843013563E-01  1.008711824E+00  1.576844991E+00
 -8.588955092E-01  2.534775476E-01  1.011657574E+00  1.565475204E+00
 -8.850451749E-01  2.217942509E-01  1.014725990E+00  1.553831259E+00
 -9.099345348E-01  1.893070146E-01  1.017915799E+00  1.541936991E+00
 -9.335422484E-01  1.560717463E-01  1.021225634E+00  1.529816143E+00
 -9.558497908E-01  1.221445476E-01  1.024654027E+00  1.517492280E+00
 -9.768414066E-01  8.758155637E-02  1.028199406E+00  1.504988719E+00
 -9.965040544E-01  5.243879550E-02  1.031860085E+00  1.492328455E+00
 -1.014827343E+00  1.677202908E-02  1.035634267E+00  1.479534093E+00
 -1.031803459E+00 -1.936337312E-02  1.039520029E+00  1.466627795E+00
 -1.047427091E+00 -5.591256305E-02  1.043515325E+00  1.453631221E+00
 -1.061695342E+00 -9.282133313E-02  1.047617973E+00  1.440565481E+00
 -1.074607639E+00 -1.300362263E-01  1.051825654E+00  1.427451094E+00
 -1.086165644E+00 -1.675046370E-01  1.056135907E+00  1.414307950E+00
 -1.096373151E+00 -2.051749038E-01  1.060546119E+00  1.401155279E+00
 -1.105235988E+00 -2.429963925E-01  1.065053523E+00  1.388011623E+00
 -1.112761913E+00 -2.809195709E-01  1.069655190E+00  1.374894816E+00
 -1.118960512E+00 -3.188960749E-01  1.074348026E+00  1.361821969E+00
 -1.123843094E+00 -3.568787662E-01  1.079128766E+00  1.348809454E+00
 -1.127422585E+00 -3.948217816E-01  1.083993965E+00  1.335872901E+00
 -1.129713422E+00 -4.326805752E-01  1.088940000E+00  1.323027193E+00
 -1.130731455E+00 -4.704119521E-01  1.093963059E+00  1.310286466E+00
 -1.130493841E+00 -5.079740956E-01  1.099059140E+00  1.297664114E+00
 -1.129018944E+00 -5.453265870E-01  1.104224046E+00  1.285172794E+00
 -1.126326239E+00 -5.824304197E-01  1.109453382E+00  1.272824440E+00
 -1.122436217E+00 -6.192480069E-01  1.114742550E+00  1.260630273E+00
 -1.117370291E+00 -6.557431831E-01  1.120086748E+00  1.248600814E+00
 -1.111150708E+00 -6.918812012E-01  1.125480968E+00  1.236745908E+00
 -1.103800466E+00 -7.276287247E-01  1.130919992E+00  1.225074736E+00
 -1.095343225E+00 -7.629538147E-01  1.136398395E+00  1.213595839E+00
 -1.085803237E+00 -7.978259138E-01  1.141910542E+00  1.202317138E+00
 -1.075205266E+00 -8.322158257E-01  1.147450588E+00  1.191245959E+00
 -1.063574520E+00 -8.660956921E-01  1.153012485E+00  1.180389055E+00
 -1.050936580E+00 -8.994389661E-01  1.158589977E+00  1.169752630E+00
 -1.037317344E+00 -9.322203835E-01  1.164176608E+00  1.159342366E+00
 -1.022742963E+00 -9.644159318E-01  1.169765727E+00  1.149163444E+00
 -1.007239786E+00 -9.960028172E-01  1.175350491E+00  1.139220574E+00
 -9.908343113E-01 -1.026959430E+00  1.180923872E+00  1.129518017E+00
 -9.735531392E-01 -1.057265309E+00  1.186478668E+00  1.120059611E+00
 -9.554229259E-01 -1.086901105E+00  1.192007508E+00  1.110848796E+00
 -9.364703452E-01 -1.115848541E+00  1.197502864E+00  1.101888638E+00
 -9.167220519E-01 -1.144090379E+00  1.202957065E+00  1.093181852E+00
 -8.962046485E-01 -1.171610374E+00  1.208362305E+00  1.084730829E+00
 -8.749446556E-01 -1.198393244E+00  1.213710662E+00  1.076537654E+00
 -8.529684853E-01 -1.224424623E+00  1.218994110E+00  1.068604133E+00
 -8.303024179E-01 -1.249691031E+00  1.224204539E+00  1.060931812E+00
 -8.069725808E-01 -1.274179828E+00  1.229333769E+00  1.053521996E+00
 -7.830049315E-01 -1.297879183E+00  1.234373576E+00  1.046375774E+00
 -7.584252418E-01 -1.320778033E+00  1.239315703E+00  1.039494035E+00
 -7.332590857E-01 -1.342866050E+00  1.244151891E+00  1.032877486E+00
 -7.075318290E-01 -1.364133602E+00  1.248873897E+00  1.026526673E+00
 -6.812686212E-01 -1.384571725E+00  1.253473517E+00  1.020441995E+00
 -6.544943904E-01 -1.404172082E+00  1.257942615E+00  1.014623719E+00
 -6.272338388E-01 -1.422926937E+00  1.262273143E+00  1.009072001E+00
 -5.995114412E-01 -1.440829122E+00  1.266457171E+00  1.003786893E+00
 -5.713514451E-01 -1.457872006E+00  1.270486912E+00  9.987683630E-01
 -5.427778720E-01 -1.474049470E+00  1.274354751E+00  9.940163038E-01
 -5.138145205E-01 -1.489355875E+00  1.278053268E+00  9.895305474E-01
 -4.844849711E-01 -1.503786041E+00  1.281575271E+00  9.853108753E-01
 -4.548125919E-01 -1.517335218E+00  1.284913817E+00  9.813570292E-01
 -4.248205461E-01 -1.529999068E+00  1.288062245E+00  9.776687214E-01
 -3.945317996E-01 -1.541773639E+00  1.291014198E+00  9.742456432E-01
 -3.639691312E-01 -1.552655345E+00  1.293763649E+00  9.710874742E-01
 -3.331551419E-01 -1.562640950E+00  1.296304930E+00  9.681938894E-01
 -3.021122669E-01 -1.571727550E+00  1.298632752E+00  9.655645664E-01
 -2.708627872E-01 -1.579912554E+00  1.300742226E+00  9.631991924E-01
 -2.394288419E-01 -1.587193671E+00  1.302628891E+00  9.610974693E-01
 -2.078324422E-01 -1.593568899E+00  1.304288726E+00  9.592591195E-01
 -1.760954843E-01 -1.599036512E+00  1.305718174E+00  9.576838900E-01
 -1.442397647E-01 -1.603595048E+00  1.306914155E+00  9.563715567E-01
 -1.122869942E-01 -1.607243303E+00  1.307874078E+00  9.553219277E-01
 -8.025881309E-02 -1.609980322E+00  1.308595858E+00  9.545348462E-01
 -4.817680684E-02 -1.611805394E+00  1.309077923E+00  9.540101925E-01
 -1.606252132E-02 -1.612718047E+00  1.309319219E+00  9.537478859E-01
  1.606252132E-02 -1.612718047E+00  1.309319219E+00  9.537478859E-01
  4.817680684E-02 -1.611805394E+00  1.309077923E+00  9.540101925E-01
  8.025881309E-02 -1.609980322E+00  1.308595858E+00  9.545348462E-01
  1.122869942E-01 -1.607243303E+00  1.307874078E+00  9.553219277E-01
  1.442397647E-01 -1.603595048E+00  1.306914155E+00  9.563715567E-01
  1.760954843E-01 -1.599036512E+00  1.305718174E+00  9.576838900E-01
  2.078324422E-01 -1.593568899E+00  1.304288726E+00  9.592591195E-01
  2.394288419E-01 -1.587193671E+00  1.302628891E+00  9.610974693E-01
  2.708627872E-01 -1.579912554E+00  1.300742226E+00  9.631991924E-01
  3.021122669E-01 -1.571727550E+00  1.298632752E+00  9.655645664E-01
  3.331551419E-01 -1.562640950E+00  1.296304930E+00  9.681938894E-01
  3.639691312E-01 -1.552655345E+00  1.293763649E+00  9.710874742E-01
  3.945317996E-01 -1.541773639E+00  1.291014198E+00  9.742456432E-01
  4.248205461E-01 -1.529999068E+00  1.288062245E+00  9.776687214E-01
  4.548125919E-01 -1.517335218E+00  1.284913817E+00  9.813570292E-01
  4.844849711E-01 -1.503786041E+00  1.281575271E+00  9.853108753E-01
  5.138145205E-01 -1.489355875E+00  1.278053268E+00  9.895305474E-01
  5.427778720E-01 -1.474049470E+00  1.274354751E+00  9.940163038E-01
  5.713514451E-01 -1.457872006E+00  1.270486912E+00  9.987683630E-01
  5.995114412E-01 -1.440829122E+00  1.266457171E+00  1.003786893E+00
  6.272338388E-01 -1.422926937E+00  1.262273143E+00  1.009072001E+00
  6.544943904E-01 -1.404172082E+00  1.257942615E+00  1.014623719E+00
  6.812686212E-01 -1.384571725E+00  1.253473517E+00  1.020441995E+00
  7.075318290E-01 -1.364133602E+00  1.248873897E+00  1.026526673E+00
  7.332590857E-01 -1.342866050E+00  1.244151891E+00  1.032877486E+00
  7.584252418E-01 -1.320778033E+00  1.239315703E+00  1.039494035E+00
  7.830049315E-01 -1.297879183E+00  1.234373576E+00  1.046375774E+00
  8.069725808E-01 -1.274179828E+00  1.229333769E+00  1.053521996E+00
  8.303024179E-01 -1.249691031E+00  1.224204539E+00  1.060931812E+00
  8.529684853E-01 -1.224424623E+00  1.218994110E+00  1.068604133E+00
  8.749446556E-01 -1.198393244E+00  1.213710662E+00  1.076537654E+00
  8.962046485E-01 -1.171610374E+00  1.208362305E+00  1.084730829E+00
  9.167220519E-01 -1.144090379E+00  1.202957065E+00  1.093181852E+00
  9.364703452E-01 -1.115848541E+00  1.197502864E+00  1.101888638E+00
  9.554229259E-01 -1.086901105E+00  1.192007508E+00  1.110848796E+00
  9.735531392E-01 -1.057265309E+00  1.186478668E+00  1.120059611E+00
  9.908343113E-01 -1.026959430E+00  1.180923872E+00  1.129518017E+00
  1.007239786E+00 -9.960028172E-01  1.175350491E+00  1.139220574E+00
  1.022742963E+00 -9.644159318E-01  1.169765727E+00  1.149163444E+00
  1.037317344E+00 -9.322203835E-01  1.164176608E+00  1.159342366E+00
  1.050936580E+00 -8.994389661E-01  1.158589977E+00  1.169752630E+00
  1.063574520E+00 -8.660956921E-01  1.153012485E+00  1.180389055E+00
  1.075205266E+00 -8.322158257E-01  1.147450588E+00  1.191245959E+00
  1.085803237E+00 -7.978259138E-01  1.141910542E+00  1.202317138E+00
  1.095343225E+00 -7.629538147E-01  1.136398395E+00  1.213595839E+00
  1.103800466E+00 -7.276287247E-01  1.130919992E+00  1.225074736E+00
  1.111150708E+00 -6.918812012E-01  1.125480968E+00  1.236745908E+00
  1.117370291E+00 -6.557431831E-01  1.120086748E+00  1.248600814E+00
  1.122436217E+00 -6.192480069E-01  1.114742550E+00  1.260630273E+00
  1.126326239E+00 -5.824304197E-01  1.109453382E+00  1.272824440E+00
  1.129018944E+00 -5.453265870E-01  1.104224046E+00  1.285172794E+00
  1.130493841E+00 -5.079740956E-01  1.099059140E+00  1.297664114E+00
  1.130731455E+00 -4.704119521E-01  1.093963059E+00  1.310286466E+00
  1.129713422E+00 -4.326805752E-01  1.088940000E+00  1.323027193E+00
  1.127422585E+00 -3.948217816E-01  1.083993965E+00  1.335872901E+00
  1.123843094E+00 -3.568787662E-01  1.079128766E+00  1.348809454E+00
  1.118960512E+00 -3.188960749E-01  1.074348026E+00  1.361821969E+00
  1.112761913E+00 -2.809195709E-01  1.069655190E+00  1.374894816E+00
  1.105235988E+00 -2.429963925E-01  1.065053523E+00  1.388011623E+00
  1.096373151E+00 -2.051749038E-01  1.060546119E+00  1.401155279E+00
  1.086165644E+00 -1.675046370E-01  1.056135907E+00  1.414307950E+00
  1.074607639E+00 -1.300362263E-01  1.051825654E+00  1.427451094E+00
  1.061695342E+00 -9.282133313E-02  1.047617973E+00  1.440565481E+00
  1.047427091E+00 -5.591256305E-02  1.043515325E+00  1.453631221E+00
  1.031803459E+00 -1.936337312E-02  1.039520029E+00  1.466627795E+00
  1.014827343E+00  1.677202908E-02  1.035634267E+00  1.479534093E+00
  9.965040544E-01  5.243879550E-02  1.031860085E+00  1.492328455E+00
  9.768414066E-01  8.758155637E-02  1.028199406E+00  1.504988719E+00
  9.558497908E-01  1.221445476E-01  1.024654027E+00  1.517492280E+00
  9.335422484E-01  1.560717463E-01  1.021225634E+00  1.529816143E+00
  9.099345348E-01  1.893070146E-01  1.017915799E+00  1.541936991E+00
  8.850451749E-01  2.217942509E-01  1.014725990E+00  1.553831259E+00
  8.588955092E-01  2.534775476E-01  1.011657574E+00  1.565475204E+00
  8.315097292E-01  2.843013563E-01  1.008711824E+00  1.576844991E+00
  8.029149028E-01  3.142106578E-01  1.005889922E+00  1.587916776E+00
  7.731409876E-01  3.431511376E-01  1.003192963E+00  1.598666797E+00
  7.422208314E-01  3.710693649E-01  1.000621962E+00  1.609071465E+00
  7.101901613E-01  3.979129751E-01  9.981778568E-01  1.619107467E+00
  6.770875580E-01  4.236308547E-01  9.958615116E-01  1.628751858E+00
  6.429544173E-01  4.481733262E-01  9.936737222E-01  1.637982168E+00
  6.078348971E-01  4.714923339E-01  9.916152184E-01  1.646776501E+00
  5.717758504E-01  4.935416274E-01  9.896866685E-01  1.655113643E+00
  5.348267443E-01  5.142769435E-01  9.878886822E-01  1.662973158E+00
  4.970395638E-01  5.336561830E-01  9.862218135E-01  1.670335496E+00
  4.584687023E-01  5.516395836E-01  9.846865639E-01  1.677182090E+00
  4.191708382E-01  5.681898851E-01  9.832833849E-01  1.683495451E+00
  3.792047979E-01  5.832724884E-01  9.820126806E-01  1.689259266E+00
  3.386314058E-01  5.968556037E-01  9.808748097E-01  1.694458482E+00
  2.975133227E-01  6.089103903E-01  9.798700879E-01  1.699079390E+00
  2.559148724E-01  6.194110842E-01  9.789987893E-01  1.703109702E+00
  2.139018578E-01  6.283351133E-01  9.782611482E-01  1.706538621E+00
  1.715413681E-01  6.356632000E-01  9.776573606E-01  1.709356903E+00
  1.289015774E-01  6.413794486E-01  9.771875853E-01  1.711556908E+00
  8.605153642E-02  6.454714190E-01  9.768519447E-01  1.713132648E+00
  4.306095821E-02  6.479301839E-01  9.766505257E-01  1.714079820E+00
  1.603490543E-16  6.487503701E-01  9.765833802E-01  1.714395833E+00
 -1.574274865E-16  6.281233902E-01  9.632503650E-01  1.652492205E+00
 -4.227645638E-02  6.273200130E-01  9.633156895E-01  1.652193152E+00
 -8.448424029E-02  6.249116222E-01  9.635116453E-01  1.651296803E+00
 -1.265548941E-01  6.209034326E-01  9.638381797E-01  1.649805585E+00
 -1.684203887E-01  6.153041084E-01  9.642952044E-01  1.647723524E+00
 -2.100133337E-01  6.081257242E-01  9.648825953E-01  1.645056226E+00
 -2.512671846E-01  5.993837095E-01  9.656001912E-01  1.641810842E+00
 -2.921164434E-01  5.890967785E-01  9.664477935E-01  1.637996027E+00
 -3.324968536E-01  5.772868460E-01  9.674251646E-01  1.633621893E+00
 -3.723455858E-01  5.639789293E-01  9.685320271E-01  1.628699946E+00
 -4.116014166E-01  5.492010374E-01  9.697680615E-01  1.623243030E+00
 -4.502048949E-01  5.329840483E-01  9.711329052E-01  1.617265247E+00
 -4.880985000E-01  5.153615757E-01  9.726261499E-01  1.610781887E+00
 -5.252267860E-01  4.963698255E-01  9.742473401E-01  1.603809345E+00
 -5.615365149E-01  4.760474441E-01  9.759959700E-01  1.596365032E+00
 -5.969767772E-01  4.544353587E-01  9.778714817E-01  1.588467286E+00
 -6.314990984E-01  4.315766119E-01  9.798732618E-01  1.580135282E+00
 -6.650575327E-01  4.075161909E-01  9.820006387E-01  1.571388936E+00
 -6.976087426E-01  3.823008526E-01  9.842528797E-01  1.562248808E+00
 -7.291120653E-01  3.559789469E-01  9.866291870E-01  1.552736009E+00
 -7.595295648E-01  3.286002381E-01  9.891286947E-01  1.542872103E+00
 -7.888260709E-01  3.002157253E-01  9.917504649E-01  1.532679013E+00
 -8.169692054E-01  2.708774653E-01  9.944934837E-01  1.522178930E+00
 -8.439293944E-01  2.406383954E-01  9.973566572E-01  1.511394219E+00
 -8.696798692E-01  2.095521609E-01  1.000338807E+00  1.500347335E+00
 -8.941966552E-01  1.776729449E-01  1.003438667E+00  1.489060739E+00
 -9.174585495E-01  1.450553037E-01  1.006654875E+00  1.477556814E+00
 -9.394470874E-01  1.117540068E-01  1.009985975E+00  1.465857792E+00
 -9.601465002E-01  7.782388394E-02  1.013430404E+00  1.453985684E+00
 -9.795436629E-01  4.331967748E-02  1.016986493E+00  1.441962209E+00
 -9.976280339E-01  8.295903176E-03  1.020652461E+00  1.429808736E+00
 -1.014391588E+00 -2.719328223E-02  1.024426407E+00  1.417546226E+00
 -1.029828740E+00 -6.309420523E-02  1.028306306E+00  1.405195183E+00
 -1.043936266E+00 -9.935379163E-02  1.032290007E+00  1.392775603E+00
 -1.056713219E+00 -1.359196742E-01  1.036375222E+00  1.380306940E+00
 -1.068160836E+00 -1.727402921E-01  1.040559525E+00  1.367808065E+00
 -1.078282444E+00 -2.097649814E-01  1.044840345E+00  1.355297238E+00
 -1.087083370E+00 -2.469440572E-01  1.049214960E+00  1.342792082E+00
 -1.094570833E+00 -2.842288880E-01  1.053680494E+00  1.330309562E+00
 -1.100753854E+00 -3.215719607E-01  1.058233909E+00  1.317865970E+00
 -1.105643147E+00 -3.589269381E-01  1.062872002E+00  1.305476911E+00
 -1.109251022E+00 -3.962487088E-01  1.067591399E+00  1.293157296E+00
 -1.111591286E+00 -4.334934292E-01  1.072388552E+00  1.280921339E+00
 -1.112679139E+00 -4.706185576E-01  1.077259733E+00  1.268782557E+00
 -1.112531077E+00 -5.075828829E-01  1.082201030E+00  1.256753768E+00
 -1.111164797E+00 -5.443465449E-01  1.087208345E+00  1.244847105E+00
 -1.108599101E+00 -5.808710494E-01  1.092277389E+00  1.233074017E+00
 -1.104853801E+00 -6.171192774E-01  1.097403678E+00  1.221445286E+00
 -1.099949636E+00 -6.530554882E-01  1.102582534E+00  1.209971037E+00
 -1.093908179E+00 -6.886453178E-01  1.107809080E+00  1.198660755E+00
 -1.086751756E+00 -7.238557726E-01  1.113078243E+00  1.187523300E+00
 -1.078503368E+00 -7.586552184E-01  1.118384746E+00  1.176566929E+00
 -1.069186609E+00 -7.930133661E-01  1.123723115E+00  1.165799314E+00
 -1.058825601E+00 -8.269012529E-01  1.129087678E+00  1.155227562E+00
 -1.047444918E+00 -8.602912209E-01  1.134472564E+00  1.144858238E+00
 -1.035069523E+00 -8.931568929E-01  1.139871711E+00  1.134697387E+00
 -1.021724706E+00 -9.254731452E-01  1.145278864E+00  1.124750558E+00
 -1.007436028E+00 -9.572160782E-01  1.150687581E+00  1.115022826E+00
 -9.922292632E-01 -9.883629859E-01  1.156091241E+00  1.105518815E+00
 -9.761303530E-01 -1.018892323E+00  1.161483050E+00  1.096242723E+00
 -9.591653550E-01 -1.048783669E+00  1.166856044E+00  1.087198342E+00
 -9.413604023E-01 -1.078017699E+00  1.172203107E+00  1.078389087E+00
 -9.227416632E-01 -1.106576138E+00  1.177516970E+00  1.069818014E+00
 -9.033353050E-01 -1.134441735E+00  1.182790231E+00  1.061487843E+00
 -8.831674609E-01 -1.161598218E+00  1.188015366E+00  1.053400981E+00
 -8.622642008E-01 -1.188030261E+00  1.193184738E+00  1.045559544E+00
 -8.406515040E-01 -1.213723448E+00  1.198290617E+00  1.037965377E+00
 -8.183552363E-01 -1.238664230E+00  1.203325194E+00  1.030620075E+00
 -7.954011285E-01 -1.262839895E+00  1.208280600E+00  1.023525002E+00
 -7.718147590E-01 -1.286238530E+00  1.213148923E+00  1.016681310E+00
 -7.476215380E-01 -1.308848984E+00  1.217922226E+00  1.010089956E+00
 -7.228466947E-01 -1.330660833E+00  1.222592573E+00  1.003751724E+00
 -6.975152666E-01 -1.351664348E+00  1.227152046E+00  9.976672363E-01
 -6.716520911E-01 -1.371850462E+00  1.231592770E+00  9.918369725E-01
 -6.452817995E-01 -1.391210733E+00  1.235906935E+00  9.862612843E-01
 -6.184288125E-01 -1.409737321E+00  1.240086821E+00  9.809404100E-01
 -5.911173377E-01 -1.427422949E+00  1.244124826E+00  9.758744876E-01
 -5.633713692E-01 -1.444260881E+00  1.248013483E+00  9.710635688E-01
 -5.352146884E-01 -1.460244892E+00  1.251745496E+00  9.665076306E-01
 -5.066708667E-01 -1.475369239E+00  1.255313758E+00  9.622065869E-01
 -4.777632690E-01 -1.489628642E+00  1.258711380E+00  9.581602997E-01
 -4.485150595E-01 -1.503018252E+00  1.261931717E+00  9.543685885E-01
 -4.189492079E-01 -1.515533635E+00  1.264968393E+00  9.508312406E-01
 -3.890884969E-01 -1.527170750E+00  1.267815325E+00  9.475480193E-01
 -3.589555311E-01 -1.537925924E+00  1.270466751E+00  9.445186719E-01
 -3.285727464E-01 -1.547795842E+00  1.272917247E+00  9.417429376E-01
 -2.979624206E-01 -1.556777521E+00  1.275161757E+00  9.392205539E-01
 -2.671466845E-01 -1.564868302E+00  1.277195609E+00  9.369512629E-01
 -2.361475340E-01 -1.572065830E+00  1.279014538E+00  9.349348169E-01
 -2.049868424E-01 -1.578368047E+00  1.280614702E+00  9.331709836E-01
 -1.736863739E-01 -1.583773174E+00  1.281992702E+00  9.316595499E-01
 -1.422677970E-01 -1.588279707E+00  1.283145595E+00  9.304003263E-01
 -1.107526985E-01 -1.591886404E+00  1.284070908E+00  9.293931500E-01
 -7.916259795E-02 -1.594592280E+00  1.284766647E+00  9.286378874E-01
 -4.751896223E-02 -1.596396603E+00  1.285231312E+00  9.281344365E-01
 -1.584322056E-02 -1.597298886E+00  1.285463896E+00  9.278827284E-01
  1.584322056E-02 -1.597298886E+00  1.285463896E+00  9.278827284E-01
  4.751896223E-02 -1.596396603E+00  1.285231312E+00  9.281344365E-01
  7.916259795E-02 -1.594592280E+00  1.284766647E+00  9.286378874E-01
  1.107526985E-01 -1.591886404E+00  1.284070908E+00  9.293931500E-01
  1.422677970E-01 -1.588279707E+00  1.283145595E+00  9.304003263E-01
  1.736863739E-01 -1.583773174E+00  1.281992702E+00  9.316595499E-01
  2.049868424E-01 -1.578368047E+00  1.280614702E+00  9.331709836E-01
  2.361475340E-01 -1.572065830E+00  1.279014538E+00  9.349348169E-01
  2.671466845E-01 -1.564868302E+00  1.277195609E+00  9.369512629E-01
  2.979624206E-01 -1.556777521E+00  1.275161757E+00  9.392205539E-01
  3.285727464E-01 -1.547795842E+00  1.272917247E+00  9.417429376E-01
  3.589555311E-01 -1.537925924E+00  1.270466751E+00  9.445186719E-01
  3.890884969E-01 -1.527170750E+00  1.267815325E+00  9.475480193E-01
  4.189492079E-01 -1.515533635E+00  1.264968393E+00  9.508312406E-01
  4.485150595E-01 -1.503018252E+00  1.261931717E+00  9.543685885E-01
  4.777632690E-01 -1.489628642E+00  1.258711380E+00  9.581602997E-01
  5.066708667E-01 -1.475369239E+00  1.255313758E+00  9.622065869E-01
  5.352146884E-01 -1.460244892E+00  1.251745496E+00  9.665076306E-01
  5.633713692E-01 -1.444260881E+00  1.248013483E+00  9.710635688E-01
  5.911173377E-01 -1.427422949E+00  1.244124826E+00  9.758744876E-01
  6.184288125E-01 -1.409737321E+00  1.240086821E+00  9.809404100E-01
  6.452817995E-01 -1.391210733E+00  1.235906935E+00  9.862612843E-01
  6.716520911E-01 -1.371850462E+00  1.231592770E+00  9.918369725E-01
  6.975152666E-01 -1.351664348E+00  1.227152046E+00  9.976672363E-01
  7.228466947E-01 -1.330660833E+00  1.222592573E+00  1.003751724E+00
  7.476215380E-01 -1.308848984E+00  1.217922226E+00  1.010089956E+00
  7.718147590E-01 -1.286238530E+00  1.213148923E+00  1.016681310E+00
  7.954011285E-01 -1.262839895E+00  1.208280600E+00  1.023525002E+00
  8.183552363E-01 -1.238664230E+00  1.203325194E+00  1.030620075E+00
  8.406515040E-01 -1.213723448E+00  1.198290617E+00  1.037965377E+00
  8.622642008E-01 -1.188030261E+00  1.193184738E+00  1.045559544E+00
  8.831674609E-01 -1.161598218E+00  1.188015366E+00  1.053400981E+00
  9.033353050E-01 -1.134441735E+00  1.182790231E+00  1.061487843E+00
  9.227416632E-01 -1.106576138E+00  1.177516970E+00  1.069818014E+00
  9.413604023E-01 -1.078017699E+00  1.172203107E+00  1.078389087E+00
  9.591653550E-01 -1.048783669E+00  1.166856044E+00  1.087198342E+00
  9.761303530E-01 -1.018892323E+00  1.161483050E+00  1.096242723E+00
  9.922292632E-01 -9.883629859E-01  1.156091241E+00  1.105518815E+00
  1.007436028E+00 -9.572160782E-01  1.150687581E+00  1.115022826E+00
  1.021724706E+00 -9.254731452E-01  1.145278864E+00  1.124750558E+00
  1.035069523E+00 -8.931568929E-01  1.139871711E+00  1.134697387E+00
  1.047444918E+00 -8.602912209E-01  1.134472564E+00  1.144858238E+00
  1.058825601E+00 -8.269012529E-01  1.129087678E+00  1.155227562E+00
  1.069186609E+00 -7.930133661E-01  1.123723115E+00  1.165799314E+00
  1.078503368E+00 -7.586552184E-01  1.118384746E+00  1.176566929E+00
  1.086751756E+00 -7.238557726E-01  1.113078243E+00  1.187523300E+00
  1.093908179E+00 -6.886453178E-01  1.107809080E+00  1.198660755E+00
  1.099949636E+00 -6.530554882E-01  1.102582534E+00  1.209971037E+00
  1.104853801E+00 -6.171192774E-01  1.097403678E+00  1.221445286E+00
  1.108599101E+00 -5.808710494E-01  1.092277389E+00  1.233074017E+00
  1.111164797E+00 -5.443465449E-01  1.087208345E+00  1.244847105E+00
  1.112531077E+00 -5.075828829E-01  1.082201030E+00  1.256753768E+00
  1.112679139E+00 -4.706185576E-01  1.077259733E+00  1.268782557E+00
  1.111591286E+00 -4.334934292E-01  1.072388552E+00  1.280921339E+00
  1.109251022E+00 -3.962487088E-01  1.067591399E+00  1.293157296E+00
  1.105643147E+00 -3.589269381E-01  1.062872002E+00  1.305476911E+00
  1.100753854E+00 -3.215719607E-01  1.058233909E+00  1.317865970E+00
  1.094570833E+00 -2.842288880E-01  1.053680494E+00  1.330309562E+00
  1.087083370E+00 -2.469440572E-01  1.049214960E+00  1.342792082E+00
  1.078282444E+00 -2.097649814E-01  1.044840345E+00  1.355297238E+00
  1.068160836E+00 -1.727402921E-01  1.040559525E+00  1.367808065E+00
  1.056713219E+00 -1.359196742E-01  1.036375222E+00  1.380306940E+00
  1.043936266E+00 -9.935379163E-02  1.032290007E+00  1.392775603E+00
  1.029828740E+00 -6.309420523E-02  1.028306306E+00  1.405195183E+00
  1.014391588E+00 -2.719328223E-02  1.024426407E+00  1.417546226E+00
  9.976280339E-01  8.295903176E-03  1.020652461E+00  1.429808736E+00
  9.795436629E-01  4.331967748E-02  1.016986493E+00  1.441962209E+00
  9.601465002E-01  7.782388394E-02  1.013430404E+00  1.453985684E+00
  9.394470874E-01  1.117540068E-01  1.009985975E+00  1.465857792E+00
  9.174585495E-01  1.450553037E-01  1.006654875E+00  1.477556814E+00
  8.941966552E-01  1.776729449E-01  1.003438667E+00  1.489060739E+00
  8.696798692E-01  2.095521609E-01  1.000338807E+00  1.500347335E+00
  8.439293944E-01  2.406383954E-01  9.973566572E-01  1.511394219E+00
  8.169692054E-01  2.708774653E-01  9.944934837E-01  1.522178930E+00
  7.888260709E-01  3.002157253E-01  9.917504649E-01  1.532679013E+00
  7.595295648E-01  3.286002381E-01  9.891286947E-01  1.542872103E+00
  7.291120653E-01  3.559789469E-01  9.866291870E-01  1.552736009E+00
  6.976087426E-01  3.823008526E-01  9.842528797E-01  1.562248808E+00
  6.650575327E-01  4.075161909E-01  9.820006387E-01  1.571388936E+00
  6.314990984E-01  4.315766119E-01  9.798732618E-01  1.580135282E+00
  5.969767772E-01  4.544353587E-01  9.778714817E-01  1.588467286E+00
  5.615365149E-01  4.760474441E-01  9.759959700E-01  1.596365032E+00
  5.252267860E-01  4.963698255E-01  9.742473401E-01  1.603809345E+00
  4.880985000E-01  5.153615757E-01  9.726261499E-01  1.610781887E+00
  4.502048949E-01  5.329840483E-01  9.711329052E-01  1.617265247E+00
  4.116014166E-01  5.492010374E-01  9.697680615E-01  1.623243030E+00
  3.723455858E-01  5.639789293E-01  9.685320271E-01  1.628699946E+00
  3.324968536E-01  5.772868460E-01  9.674251646E-01  1.633621893E+00
  2.921164434E-01  5.890967785E-01  9.664477935E-01  1.637996027E+00
  2.512671846E-01  5.993837095E-01  9.656001912E-01  1.641810842E+00
  2.100133337E-01  6.081257242E-01  9.648825953E-01  1.645056226E+00
  1.684203887E-01  6.153041084E-01  9.642952044E-01  1.647723524E+00
  1.265548941E-01  6.209034326E-01  9.638381797E-01  1.649805585E+00
  8.448424029E-02  6.249116222E-01  9.635116453E-01  1.651296803E+00
  4.227645638E-02  6.273200130E-01  9.633156895E-01  1.652193152E+00
  1.574274865E-16  6.281233902E-01  9.632503650E-01  1.652492205E+00
 -1.545987973E-16  6.081063905E-01  9.502224807E-01  1.593641088E+00
 -4.151689189E-02  6.073192260E-01  9.502860500E-01  1.593357867E+00
 -8.296674952E-02  6.049594230E-01  9.504767402E-01  1.592508962E+00
 -1.242827460E-01  6.010320451E-01  9.507944978E-01  1.591096647E+00
 -1.653984679E-01  5.955455058E-01  9.512392335E-01  1.589124694E+00
 -2.062481187E-01  5.885115310E-01  9.518108215E-01  1.586598356E+00
 -2.467667178E-01  5.799451056E-01  9.525090988E-01  1.583524334E+00
 -2.868902956E-01  5.698644064E-01  9.533338644E-01  1.579910739E+00
 -3.265560805E-01  5.582907211E-01  9.542848781E-01  1.575767049E+00
 -3.657026800E-01  5.452483543E-01  9.553618596E-01  1.571104052E+00
 -4.042702520E-01  5.307645213E-01  9.565644864E-01  1.565933790E+00
 -4.422006673E-01  5.148692298E-01  9.578923924E-01  1.560269489E+00
 -4.794376618E-01  4.975951523E-01  9.593451662E-01  1.554125494E+00
 -5.159269772E-01  4.789774878E-01  9.609223487E-01  1.547517187E+00
 -5.516164902E-01  4.590538163E-01  9.626234313E-01  1.540460911E+00
 -5.864563294E-01  4.378639450E-01  9.644478526E-01  1.532973885E+00
 -6.203989797E-01  4.154497491E-01  9.663949967E-01  1.525074117E+00
 -6.533993738E-01  3.918550074E-01  9.684641898E-01  1.516780320E+00
 -6.854149698E-01  3.671252343E-01  9.706546971E-01  1.508111819E+00
 -7.164058173E-01  3.413075085E-01  9.729657200E-01  1.499088464E+00
 -7.463346085E-01  3.144503016E-01  9.753963923E-01  1.489730541E+00
 -7.751667177E-01  2.866033045E-01  9.779457767E-01  1.480058682E+00
 -8.028702279E-01  2.578172563E-01  9.806128613E-01  1.470093780E+00
 -8.294159440E-01  2.281437732E-01  9.833965553E-01  1.459856905E+00
 -8.547773961E-01  1.976351813E-01  9.862956853E-01  1.449369222E+00
 -8.789308289E-01  1.663443525E-01  9.893089906E-01  1.438651910E+00
 -9.018551829E-01  1.343245442E-01  9.924351194E-01  1.427726090E+00
 -9.235320630E-01  1.016292448E-01  9.956726237E-01  1.416612752E+00
 -9.439456991E-01  6.831202444E-02  9.990199551E-01  1.405332688E+00
 -9.630828976E-01  3.442639245E-02  1.002475460E+00  1.393906430E+00
 -9.809329840E-01  2.566104478E-05  1.006037374E+00  1.382354189E+00
 -9.974877391E-01 -3.483718335E-02  1.009703818E+00  1.370695808E+00
 -1.012741329E+00 -7.010960140E-02  1.013472793E+00  1.358950706E+00
 -1.026690225E+00 -1.057396143E-01  1.017342176E+00  1.347137839E+00
 -1.039333130E+00 -1.416759092E-01  1.021309710E+00  1.335275660E+00
 -1.050670881E+00 -1.778679368E-01  1.025373007E+00  1.323382085E+00
 -1.060706371E+00 -2.142660002E-01  1.029529535E+00  1.311474464E+00
 -1.069444448E+00 -2.508213360E-01  1.033776621E+00  1.299569554E+00
 -1.076891827E+00 -2.874861875E-01  1.038111436E+00  1.287683503E+00
 -1.083056989E+00 -3.242138695E-01  1.042531002E+00  1.275831829E+00
 -1.087950085E+00 -3.609588254E-01  1.047032176E+00  1.264029413E+00
 -1.091582843E+00 -3.976766770E-01  1.051611653E+00  1.252290487E+00
 -1.093968465E+00 -4.343242667E-01  1.056265960E+00  1.240628630E+00
 -1.095121532E+00 -4.708596924E-01  1.060991450E+00  1.229056771E+00
 -1.095057911E+00 -5.072423365E-01  1.065784300E+00  1.217587183E+00
 -1.093794661E+00 -5.434328871E-01  1.070640507E+00  1.206231495E+00
 -1.091349938E+00 -5.793933548E-01  1.075555885E+00  1.195000698E+00
 -1.087742908E+00 -6.150870819E-01  1.080526063E+00  1.183905151E+00
 -1.082993659E+00 -6.504787480E-01  1.085546482E+00  1.172954598E+00
 -1.077123119E+00 -6.855343691E-01  1.090612394E+00  1.162158177E+00
 -1.070152970E+00 -7.202212930E-01  1.095718861E+00  1.151524440E+00
 -1.062105574E+00 -7.545081904E-01  1.100860754E+00  1.141061368E+00
 -1.053003898E+00 -7.883650411E-01  1.106032753E+00  1.130776388E+00
 -1.042871441E+00 -8.217631181E-01  1.111229350E+00  1.120676393E+00
 -1.031732167E+00 -8.546749675E-01  1.116444849E+00  1.110767763E+00
 -1.019610440E+00 -8.870743858E-01  1.121673370E+00  1.101056386E+00
 -1.006530967E+00 -9.189363946E-01  1.126908851E+00  1.091547676E+00
 -9.925187351E-01 -9.502372136E-01  1.132145054E+00  1.082246598E+00
 -9.775989638E-01 -9.809542306E-01  1.137375569E+00  1.073157688E+00
 -9.617970522E-01 -1.011065971E+00  1.142593824E+00  1.064285075E+00
 -9.451385334E-01 -1.040552066E+00  1.147793086E+00  1.055632503E+00
 -9.276490323E-01 -1.069393218E+00  1.152966478E+00  1.047203353E+00
 -9.093542258E-01 -1.097571166E+00  1.158106982E+00  1.039000663E+00
 -8.902798068E-01 -1.125068653E+00  1.163207452E+00  1.031027151E+00
 -8.704514519E-01 -1.151869390E+00  1.168260631E+00  1.023285233E+00
 -8.498947913E-01 -1.177958016E+00  1.173259154E+00  1.015777046E+00
 -8.286353823E-01 -1.203320070E+00  1.178195573E+00  1.008504466E+00
 -8.066986855E-01 -1.227941949E+00  1.183062366E+00  1.001469126E+00
 -7.841100440E-01 -1.251810876E+00  1.187851957E+00  9.946724384E-01
 -7.608946652E-01 -1.274914865E+00  1.192556731E+00  9.881156091E-01
 -7.370776046E-01 -1.297242685E+00  1.197169056E+00  9.817996560E-01
 -7.126837533E-01 -1.318783827E+00  1.201681300E+00  9.757254260E-01
 -6.877378261E-01 -1.339528472E+00  1.206085855E+00  9.698936103E-01
 -6.622643536E-01 -1.359467458E+00  1.210375156E+00  9.643047598E-01
 -6.362876746E-01 -1.378592250E+00  1.214541703E+00  9.589592994E-01
 -6.098319321E-01 -1.396894907E+00  1.218578086E+00  9.538575419E-01
 -5.829210697E-01 -1.414368055E+00  1.222477011E+00  9.489997012E-01
 -5.555788311E-01 -1.431004859E+00  1.226231316E+00  9.443859043E-01
 -5.278287598E-01 -1.446798994E+00  1.229834004E+00  9.400162031E-01
 -4.996942014E-01 -1.461744624E+00  1.233278265E+00  9.358905857E-01
 -4.711983069E-01 -1.475836371E+00  1.236557495E+00  9.320089863E-01
 -4.423640373E-01 -1.489069295E+00  1.239665331E+00  9.283712948E-01
 -4.132141694E-01 -1.501438875E+00  1.242595666E+00  9.249773663E-01
 -3.837713027E-01 -1.512940982E+00  1.245342676E+00  9.218270289E-01
 -3.540578677E-01 -1.523571865E+00  1.247900844E+00  9.189200919E-01
 -3.240961345E-01 -1.533328130E+00  1.250264981E+00  9.162563523E-01
 -2.939082227E-01 -1.542206726E+00  1.252430249E+00  9.138356021E-01
 -2.635161122E-01 -1.550204925E+00  1.254392180E+00  9.116576334E-01
 -2.329416542E-01 -1.557320315E+00  1.256146692E+00  9.097222444E-01
 -2.022065830E-01 -1.563550781E+00  1.257690114E+00  9.080292437E-01
 -1.713325290E-01 -1.568894498E+00  1.259019194E+00  9.065784550E-01
 -1.403410309E-01 -1.573349920E+00  1.260131119E+00  9.053697202E-01
 -1.092535499E-01 -1.576915770E+00  1.261023525E+00  9.044029028E-01
 -7.809148251E-02 -1.579591036E+00  1.261694507E+00  9.036778907E-01
 -4.687617532E-02 -1.581374964E+00  1.262142630E+00  9.031945978E-01
 -1.562893868E-02 -1.582267053E+00  1.262366932E+00  9.029529660E-01
  1.562893868E-02 -1.582267053E+00  1.262366932E+00  9.029529660E-01
  4.687617532E-02 -1.581374964E+00  1.262142630E+00  9.031945978E-01
  7.809148251E-02 -1.579591036E+00  1.261694507E+00  9.036778907E-01
  1.092535499E-01 -1.576915770E+00  1.261023525E+00  9.044029028E-01
  1.403410309E-01 -1.573349920E+00  1.260131119E+00  9.053697202E-01
  1.713325290E-01 -1.568894498E+00  1.259019194E+00  9.065784550E-01
  2.022065830E-01 -1.563550781E+00  1.257690114E+00  9.080292437E-01
  2.329416542E-01 -1.557320315E+00  1.256146692E+00  9.097222444E-01
  2.635161122E-01 -1.550204925E+00  1.254392180E+00  9.116576334E-01
  2.939082227E-01 -1.542206726E+00  1.252430249E+00  9.138356021E-01
  3.240961345E-01 -1.533328130E+00  1.250264981E+00  9.162563523E-01
  3.540578677E-01 -1.523571865E+00  1.247900844E+00  9.189200919E-01
  3.837713027E-01 -1.512940982E+00  1.245342676E+00  9.218270289E-01
  4.132141694E-01 -1.501438875E+00  1.242595666E+00  9.249773663E-01
  4.423640373E-01 -1.489069295E+00  1.239665331E+00  9.283712948E-01
  4.711983069E-01 -1.475836371E+00  1.236557495E+00  9.320089863E-01
  4.996942014E-01 -1.461744624E+00  1.233278265E+00  9.358905857E-01
  5.278287598E-01 -1.446798994E+00  1.229834004E+00  9.400162031E-01
  5.555788311E-01 -1.431004859E+00  1.226231316E+00  9.443859043E-01
  5.829210697E-01 -1.414368055E+00  1.222477011E+00  9.489997012E-01
  6.098319321E-01 -1.396894907E+00  1.218578086E+00  9.538575419E-01
  6.362876746E-01 -1.378592250E+00  1.214541703E+00  9.589592994E-01
  6.622643536E-01 -1.359467458E+00  1.210375156E+00  9.643047598E-01
  6.877378261E-01 -1.339528472E+00  1.206085855E+00  9.698936103E-01
  7.126837533E-01 -1.318783827E+00  1.201681300E+00  9.757254260E-01
  7.370776046E-01 -1.297242685E+00  1.197169056E+00  9.817996560E-01
  7.608946652E-01 -1.274914865E+00  1.192556731E+00  9.881156091E-01
  7.841100440E-01 -1.251810876E+00  1.187851957E+00  9.946724384E-01
  8.066986855E-01 -1.227941949E+00  1.183062366E+00  1.001469126E+00
  8.286353823E-01 -1.203320070E+00  1.178195573E+00  1.008504466E+00
  8.498947913E-01 -1.177958016E+00  1.173259154E+00  1.015777046E+00
  8.704514519E-01 -1.151869390E+00  1.168260631E+00  1.023285233E+00
  8.902798068E-01 -1.125068653E+00  1.163207452E+00  1.031027151E+00
  9.093542258E-01 -1.097571166E+00  1.158106982E+00  1.039000663E+00
  9.276490323E-01 -1.069393218E+00  1.152966478E+00  1.047203353E+00
  9.451385334E-01 -1.040552066E+00  1.147793086E+00  1.055632503E+00
  9.617970522E-01 -1.011065971E+00  1.142593824E+00  1.064285075E+00
  9.775989638E-01 -9.809542306E-01  1.137375569E+00  1.073157688E+00
  9.925187351E-01 -9.502372136E-01  1.132145054E+00  1.082246598E+00
  1.006530967E+00 -9.189363946E-01  1.126908851E+00  1.091547676E+00
  1.019610440E+00 -8.870743858E-01  1.121673370E+00  1.101056386E+00
  1.031732167E+00 -8.546749675E-01  1.116444849E+00  1.110767763E+00
  1.042871441E+00 -8.217631181E-01  1.111229350E+00  1.120676393E+00
  1.053003898E+00 -7.883650411E-01  1.106032753E+00  1.130776388E+00
  1.062105574E+00 -7.545081904E-01  1.100860754E+00  1.141061368E+00
  1.070152970E+00 -7.202212930E-01  1.095718861E+00  1.151524440E+00
  1.077123119E+00 -6.855343691E-01  1.090612394E+00  1.162158177E+00
  1.082993659E+00 -6.504787480E-01  1.085546482E+00  1.172954598E+00
  1.087742908E+00 -6.150870819E-01  1.080526063E+00  1.183905151E+00
  1.091349938E+00 -5.793933548E-01  1.075555885E+00  1.195000698E+00
  1.093794661E+00 -5.434328871E-01  1.070640507E+00  1.206231495E+00
  1.095057911E+00 -5.072423365E-01  1.065784300E+00  1.217587183E+00
  1.095121532E+00 -4.708596924E-01  1.060991450E+00  1.229056771E+00
  1.093968465E+00 -4.343242667E-01  1.056265960E+00  1.240628630E+00
  1.091582843E+00 -3.976766770E-01  1.051611653E+00  1.252290487E+00
  1.087950085E+00 -3.609588254E-01  1.047032176E+00  1.264029413E+00
  1.083056989E+00 -3.242138695E-01  1.042531002E+00  1.275831829E+00
  1.076891827E+00 -2.874861875E-01  1.038111436E+00  1.287683503E+00
  1.069444448E+00 -2.508213360E-01  1.033776621E+00  1.299569554E+00
  1.060706371E+00 -2.142660002E-01  1.029529535E+00  1.311474464E+00
  1.050670881E+00 -1.778679368E-01  1.025373007E+00  1.323382085E+00
  1.039333130E+00 -1.416759092E-01  1.021309710E+00  1.335275660E+00
  1.026690225E+00 -1.057396143E-01  1.017342176E+00  1.347137839E+00
  1.012741329E+00 -7.010960140E-02  1.013472793E+00  1.358950706E+00
  9.974877391E-01 -3.483718335E-02  1.009703818E+00  1.370695808E+00
  9.809329840E-01  2.566104479E-05  1.006037374E+00  1.382354189E+00
  9.630828976E-01  3.442639245E-02  1.002475460E+00  1.393906430E+00
  9.439456991E-01  6.831202444E-02  9.990199551E-01  1.405332688E+00
  9.235320630E-01  1.016292448E-01  9.956726237E-01  1.416612752E+00
  9.018551829E-01  1.343245442E-01  9.924351194E-01  1.427726090E+00
  8.789308289E-01  1.663443525E-01  9.893089906E-01  1.438651910E+00
  8.547773961E-01  1.976351813E-01  9.862956853E-01  1.449369222E+00
  8.294159440E-01  2.281437732E-01  9.833965553E-01  1.459856905E+00
  8.028702279E-01  2.578172563E-01  9.806128613E-01  1.470093780E+00
  7.751667177E-01  2.866033045E-01  9.779457767E-01  1.480058682E+00
  7.463346085E-01  3.144503016E-01  9.753963923E-01  1.489730541E+00
  7.164058173E-01  3.413075085E-01  9.729657200E-01  1.499088464E+00
  6.854149698E-01  3.671252343E-01  9.706546971E-01  1.508111819E+00
  6.533993738E-01  3.918550074E-01  9.684641898E-01  1.516780320E+00
  6.203989797E-01  4.154497491E-01  9.663949967E-01  1.525074117E+00
  5.864563294E-01  4.378639450E-01  9.644478526E-01  1.532973885E+00
  5.516164902E-01  4.590538163E-01  9.626234313E-01  1.540460911E+00
  5.159269772E-01  4.789774878E-01  9.609223487E-01  1.547517187E+00
  4.794376618E-01  4.975951523E-01  9.593451662E-01  1.554125494E+00
  4.422006673E-01  5.148692298E-01  9.578923924E-01  1.560269489E+00
  4.042702520E-01  5.307645213E-01  9.565644864E-01  1.565933790E+00
  3.657026800E-01  5.452483543E-01  9.553618596E-01  1.571104052E+00
  3.265560805E-01  5.582907211E-01  9.542848781E-01  1.575767049E+00
  2.868902956E-01  5.698644064E-01  9.533338644E-01  1.579910739E+00
  2.467667178E-01  5.799451056E-01  9.525090988E-01  1.583524334E+00
  2.062481187E-01  5.885115310E-01  9.518108215E-01  1.586598356E+00
  1.653984679E-01  5.955455058E-01  9.512392335E-01  1.589124694E+00
  1.242827460E-01  6.010320451E-01  9.507944978E-01  1.591096647E+00
  8.296674952E-02  6.049594230E-01  9.504767402E-01  1.592508962E+00
  4.151689189E-02  6.073192260E-01  9.502860500E-01  1.593357867E+00
  1.545987973E-16  6.081063905E-01  9.502224807E-01  1.593641088E+00
 -1.518603389E-16  5.886847157E-01  9.374973609E-01  1.537683754E+00
 -4.078155398E-02  5.879131886E-01  9.375592390E-01  1.537415317E+00
 -8.149764556E-02  5.856002497E-01  9.377448552E-01  1.536610720E+00
 -1.220830127E-01  5.817508183E-01  9.380541556E-01  1.535272092E+00
 -1.624727924E-01  5.763730691E-01  9.384870498E-01  1.533402974E+00
 -2.026027178E-01  5.694783951E-01  9.390434108E-01  1.531008290E+00
 -2.424093102E-01  5.610813571E-01  9.397230739E-01  1.528094328E+00
 -2.818300672E-01  5.511996192E-01  9.405258362E-01  1.524668696E+00
 -3.208036442E-01  5.398538707E-01  9.414514556E-01  1.520740286E+00
 -3.592700291E-01  5.270677362E-01  9.424996490E-01  1.516319224E+00
 -3.971707083E-01  5.128676729E-01  9.436700915E-01  1.511416809E+00
 -4.344488245E-01  4.972828579E-01  9.449624145E-01  1.506045462E+00
 -4.710493233E-01  4.803450645E-01  9.463762039E-01  1.500218649E+00
 -5.069190906E-01  4.620885300E-01  9.479109982E-01  1.493950820E+00
 -5.420070780E-01  4.425498150E-01  9.495662859E-01  1.487257328E+00
 -5.762644165E-01  4.217676563E-01  9.513415040E-01  1.480154356E+00
 -6.096445182E-01  3.997828125E-01  9.532360343E-01  1.472658833E+00
 -6.421031659E-01  3.766379066E-01  9.552492018E-01  1.464788359E+00
 -6.735985894E-01  3.523772634E-01  9.573802710E-01  1.456561112E+00
 -7.040915302E-01  3.270467449E-01  9.596284430E-01  1.447995776E+00
 -7.335452925E-01  3.006935841E-01  9.619928524E-01  1.439111449E+00
 -7.619257826E-01  2.733662183E-01  9.644725637E-01  1.429927567E+00
 -7.892015357E-01  2.451141228E-01  9.670665679E-01  1.420463819E+00
 -8.153437310E-01  2.159876464E-01  9.697737785E-01  1.410740069E+00
 -8.403261951E-01  1.860378490E-01  9.725930276E-01  1.400776284E+00
 -8.641253946E-01  1.553163427E-01  9.755230622E-01  1.390592451E+00
 -8.867204180E-01  1.238751365E-01  9.785625396E-01  1.380208516E+00
 -9.080929481E-01  9.176648664E-02  9.817100232E-01  1.369644310E+00
 -9.282272245E-01  5.904275121E-02  9.849639783E-01  1.358919491E+00
 -9.471099983E-01  2.575625162E-02  9.883227672E-01  1.348053482E+00
 -9.647304781E-01 -8.040859894E-03  9.917846451E-01  1.337065415E+00
 -9.810802696E-01 -4.229672588E-02  9.953477549E-01  1.325974083E+00
 -9.961533083E-01 -7.695990199E-02  9.990101225E-01  1.314797895E+00
 -1.009945786E+00 -1.119794679E-01  1.002769652E+00  1.303554831E+00
 -1.022456075E+00 -1.473051307E-01  1.006624123E+00  1.292262406E+00
 -1.033684643E+00 -1.828873201E-01  1.010571180E+00  1.280937639E+00
 -1.043633968E+00 -2.186772766E-01  1.014608335E+00  1.269597025E+00
 -1.052308452E+00 -2.546271306E-01  1.018732958E+00  1.258256508E+00
 -1.059714329E+00 -2.906899753E-01  1.022942273E+00  1.246931464E+00
 -1.065859571E+00 -3.268199305E-01  1.027233355E+00  1.235636684E+00
 -1.070753796E+00 -3.629721995E-01  1.031603125E+00  1.224386364E+00
 -1.074408175E+00 -3.991031190E-01  1.036048344E+00  1.213194093E+00
 -1.076835334E+00 -4.351702013E-01  1.040565612E+00  1.202072851E+00
 -1.078049268E+00 -4.711321697E-01  1.045151362E+00  1.191035006E+00
 -1.078065242E+00 -5.069489879E-01  1.049801856E+00  1.180092314E+00
 -1.076899703E+00 -5.425818825E-01  1.054513186E+00  1.169255927E+00
 -1.074570192E+00 -5.779933599E-01  1.059281267E+00  1.158536394E+00
 -1.071095253E+00 -6.131472176E-01  1.064101835E+00  1.147943672E+00
 -1.066494353E+00 -6.480085503E-01  1.068970448E+00  1.137487138E+00
 -1.060787798E+00 -6.825437504E-01  1.073882480E+00  1.127175599E+00
 -1.053996654E+00 -7.167205053E-01  1.078833128E+00  1.117017307E+00
 -1.046142669E+00 -7.505077893E-01  1.083817401E+00  1.107019976E+00
 -1.037248203E+00 -7.838758522E-01  1.088830131E+00  1.097190795E+00
 -1.027336157E+00 -8.167962041E-01  1.093865967E+00  1.087536448E+00
 -1.016429906E+00 -8.492415977E-01  1.098919381E+00  1.078063134E+00
 -1.004553239E+00 -8.811860067E-01  1.103984668E+00  1.068776581E+00
 -9.917302940E-01 -9.126046027E-01  1.109055951E+00  1.059682072E+00
 -9.779855081E-01 -9.434737293E-01  1.114127187E+00  1.050784460E+00
 -9.633435611E-01 -9.737708744E-01  1.119192170E+00  1.042088189E+00
 -9.478293280E-01 -1.003474641E+00  1.124244537E+00  1.033597318E+00
 -9.314678332E-01 -1.032564717E+00  1.129277780E+00  1.025315535E+00
 -9.142842080E-01 -1.061021841E+00  1.134285247E+00  1.017246184E+00
 -8.963036521E-01 -1.088827773E+00  1.139260160E+00  1.009392279E+00
 -8.775513974E-01 -1.115965260E+00  1.144195620E+00  1.001756527E+00
 -8.580526756E-01 -1.142418000E+00  1.149084619E+00  9.943413469E-01
 -8.378326887E-01 -1.168170609E+00  1.153920057E+00  9.871488884E-01
 -8.169165822E-01 -1.193208589E+00  1.158694749E+00  9.801810499E-01
 -7.953294214E-01 -1.217518290E+00  1.163401449E+00  9.734394969E-01
 -7.730961705E-01 -1.241086880E+00  1.168032858E+00  9.669256793E-01
 -7.502416735E-01 -1.263902308E+00  1.172581645E+00  9.606408485E-01
 -7.267906391E-01 -1.285953271E+00  1.177040464E+00  9.545860735E-01
 -7.027676263E-01 -1.307229185E+00  1.181401974E+00  9.487622565E-01
 -6.781970335E-01 -1.327720148E+00  1.185658860E+00  9.431701483E-01
 -6.531030892E-01 -1.347416913E+00  1.189803848E+00  9.378103619E-01
 -6.275098448E-01 -1.366310856E+00  1.193829736E+00  9.326833869E-01
 -6.014411694E-01 -1.384393947E+00  1.197729405E+00  9.277896025E-01
 -5.749207464E-01 -1.401658720E+00  1.201495850E+00  9.231292895E-01
 -5.479720715E-01 -1.418098248E+00  1.205122201E+00  9.187026423E-01
 -5.206184529E-01 -1.433706117E+00  1.208601744E+00  9.145097801E-01
 -4.928830127E-01 -1.448476398E+00  1.211927944E+00  9.105507572E-01
 -4.647886893E-01 -1.462403626E+00  1.215094473E+00  9.068255728E-01
 -4.363582416E-01 -1.475482777E+00  1.218095228E+00  9.033341805E-01
 -4.076142543E-01 -1.487709243E+00  1.220924358E+00  9.000764964E-01
 -3.785791444E-01 -1.499078819E+00  1.223576284E+00  8.970524073E-01
 -3.492751680E-01 -1.509587676E+00  1.226045720E+00  8.942617783E-01
 -3.197244295E-01 -1.519232349E+00  1.228327698E+00  8.917044593E-01
 -2.899488899E-01 -1.528009720E+00  1.230417586E+00  8.893802913E-01
 -2.599703772E-01 -1.535917000E+00  1.232311104E+00  8.872891122E-01
 -2.298105971E-01 -1.542951720E+00  1.234004349E+00  8.854307616E-01
 -1.994911440E-01 -1.549111713E+00  1.235493806E+00  8.838050858E-01
 -1.690335127E-01 -1.554395111E+00  1.236776364E+00  8.824119413E-01
 -1.384591114E-01 -1.558800327E+00  1.237849331E+00  8.812511989E-01
 -1.077892735E-01 -1.562326052E+00  1.238710446E+00  8.803227463E-01
 -7.704527137E-02 -1.564971247E+00  1.239357887E+00  8.796264906E-01
 -4.624832917E-02 -1.566735139E+00  1.239790280E+00  8.791623606E-01
 -1.541963675E-02 -1.567617213E+00  1.240006707E+00  8.789303078E-01
  1.541963675E-02 -1.567617213E+00  1.240006707E+00  8.789303078E-01
  4.624832917E-02 -1.566735139E+00  1.239790280E+00  8.791623606E-01
  7.704527137E-02 -1.564971247E+00  1.239357887E+00  8.796264906E-01
  1.077892735E-01 -1.562326052E+00  1.238710446E+00  8.803227463E-01
  1.384591114E-01 -1.558800327E+00  1.237849331E+00  8.812511989E-01
  1.690335127E-01 -1.554395111E+00  1.236776364E+00  8.824119413E-01
  1.994911440E-01 -1.549111713E+00  1.235493806E+00  8.838050858E-01
  2.298105971E-01 -1.542951720E+00  1.234004349E+00  8.854307616E-01
  2.599703772E-01 -1.535917000E+00  1.232311104E+00  8.872891122E-01
  2.899488899E-01 -1.528009720E+00  1.230417586E+00  8.893802913E-01
  3.197244295E-01 -1.519232349E+00  1.228327698E+00  8.917044593E-01
  3.492751680E-01 -1.509587676E+00  1.226045720E+00  8.942617783E-01
  3.785791444E-01 -1.499078819E+00  1.223576284E+00  8.970524073E-01
  4.076142543E-01 -1.487709243E+00  1.220924358E+00  9.000764964E-01
  4.363582416E-01 -1.475482777E+00  1.218095228E+00  9.033341805E-01
  4.647886893E-01 -1.462403626E+00  1.215094473E+00  9.068255728E-01
  4.928830127E-01 -1.448476398E+00  1.211927944E+00  9.105507572E-01
  5.206184529E-01 -1.433706117E+00  1.208601744E+00  9.145097801E-01
  5.479720715E-01 -1.418098248E+00  1.205122201E+00  9.187026423E-01
  5.749207464E-01 -1.401658720E+00  1.201495850E+00  9.231292895E-01
  6.014411694E-01 -1.384393947E+00  1.197729405E+00  9.277896025E-01
  6.275098448E-01 -1.366310856E+00  1.193829736E+00  9.326833869E-01
  6.531030892E-01 -1.347416913E+00  1.189803848E+00  9.378103619E-01
  6.781970335E-01 -1.327720148E+00  1.185658860E+00  9.431701483E-01
  7.027676263E-01 -1.307229185E+00  1.181401974E+00  9.487622565E-01
  7.267906391E-01 -1.285953271E+00  1.177040464E+00  9.545860735E-01
  7.502416735E-01 -1.263902308E+00  1.172581645E+00  9.606408485E-01
  7.730961705E-01 -1.241086880E+00  1.168032858E+00  9.669256793E-01
  7.953294214E-01 -1.217518290E+00  1.163401449E+00  9.734394969E-01
  8.169165822E-01 -1.193208589E+00  1.158694749E+00  9.801810499E-01
  8.378326887E-01 -1.168170609E+00  1.153920057E+00  9.871488884E-01
  8.580526756E-01 -1.142418000E+00  1.149084619E+00  9.943413469E-01
  8.775513974E-01 -1.115965260E+00  1.144195620E+00  1.001756527E+00
  8.963036521E-01 -1.088827773E+00  1.139260160E+00  1.009392279E+00
  9.142842080E-01 -1.061021841E+00  1.134285247E+00  1.017246184E+00
  9.314678332E-01 -1.032564717E+00  1.129277780E+00  1.025315535E+00
  9.478293280E-01 -1.003474641E+00  1.124244537E+00  1.033597318E+00
  9.633435611E-01 -9.737708744E-01  1.119192170E+00  1.042088189E+00
  9.779855081E-01 -9.434737293E-01  1.114127187E+00  1.050784460E+00
  9.917302940E-01 -9.126046027E-01  1.109055951E+00  1.059682072E+00
  1.004553239E+00 -8.811860067E-01  1.103984668E+00  1.068776581E+00
  1.016429906E+00 -8.492415977E-01  1.098919381E+00  1.078063134E+00
  1.027336157E+00 -8.167962041E-01  1.093865967E+00  1.087536448E+00
  1.037248203E+00 -7.838758522E-01  1.088830131E+00  1.097190795E+00
  1.046142669E+00 -7.505077893E-01  1.083817401E+00  1.107019976E+00
  1.053996654E+00 -7.167205053E-01  1.078833128E+00  1.117017307E+00
  1.060787798E+00 -6.825437504E-01  1.073882480E+00  1.127175599E+00
  1.066494353E+00 -6.480085503E-01  1.068970448E+00  1.137487138E+00
  1.071095253E+00 -6.131472176E-01  1.064101835E+00  1.147943672E+00
  1.074570192E+00 -5.779933599E-01  1.059281267E+00  1.158536394E+00
  1.076899703E+00 -5.425818825E-01  1.054513186E+00  1.169255927E+00
  1.078065242E+00 -5.069489879E-01  1.049801856E+00  1.180092314E+00
  1.078049268E+00 -4.711321697E-01  1.045151362E+00  1.191035006E+00
  1.076835334E+00 -4.351702013E-01  1.040565612E+00  1.202072851E+00
  1.074408175E+00 -3.991031190E-01  1.036048344E+00  1.213194093E+00
  1.070753796E+00 -3.629721995E-01  1.031603125E+00  1.224386364E+00
  1.065859571E+00 -3.268199305E-01  1.027233355E+00  1.235636684E+00
  1.059714329E+00 -2.906899753E-01  1.022942273E+00  1.246931464E+00
  1.052308452E+00 -2.546271306E-01  1.018732958E+00  1.258256508E+00
  1.043633968E+00 -2.186772766E-01  1.014608335E+00  1.269597025E+00
  1.033684643E+00 -1.828873201E-01  1.010571180E+00  1.280937639E+00
  1.022456075E+00 -1.473051307E-01  1.006624123E+00  1.292262406E+00
  1.009945786E+00 -1.119794679E-01  1.002769652E+00  1.303554831E+00
  9.961533083E-01 -7.695990199E-02  9.990101225E-01  1.314797895E+00
  9.810802696E-01 -4.229672588E-02  9.953477549E-01  1.325974083E+00
  9.647304781E-01 -8.040859894E-03  9.917846451E-01  1.337065415E+00
  9.471099983E-01  2.575625162E-02  9.883227672E-01  1.348053482E+00
  9.282272245E-01  5.904275121E-02  9.849639783E-01  1.358919491E+00
  9.080929481E-01  9.176648664E-02  9.817100232E-01  1.369644310E+00
  8.867204180E-01  1.238751365E-01  9.785625396E-01  1.380208516E+00
  8.641253946E-01  1.553163427E-01  9.755230622E-01  1.390592451E+00
  8.403261951E-01  1.860378490E-01  9.725930276E-01  1.400776284E+00
  8.153437310E-01  2.159876464E-01  9.697737785E-01  1.410740069E+00
  7.892015357E-01  2.451141228E-01  9.670665679E-01  1.420463819E+00
  7.619257826E-01  2.733662183E-01  9.644725637E-01  1.429927567E+00
  7.335452925E-01  3.006935841E-01  9.619928524E-01  1.439111449E+00
  7.040915302E-01  3.270467449E-01  9.596284430E-01  1.447995776E+00
  6.735985894E-01  3.523772634E-01  9.573802710E-01  1.456561112E+00
  6.421031659E-01  3.766379066E-01  9.552492018E-01  1.464788359E+00
  6.096445182E-01  3.997828125E-01  9.532360343E-01  1.472658833E+00
  5.762644165E-01  4.217676563E-01  9.513415040E-01  1.480154356E+00
  5.420070780E-01  4.425498150E-01  9.495662859E-01  1.487257328E+00
  5.069190906E-01  4.620885300E-01  9.479109982E-01  1.493950820E+00
  4.710493233E-01  4.803450645E-01  9.463762039E-01  1.500218649E+00
  4.344488245E-01  4.972828579E-01  9.449624145E-01  1.506045462E+00
  3.971707083E-01  5.128676729E-01  9.436700915E-01  1.511416809E+00
  3.592700291E-01  5.270677362E-01  9.424996490E-01  1.516319224E+00
  3.208036442E-01  5.398538707E-01  9.414514556E-01  1.520740286E+00
  2.818300672E-01  5.511996192E-01  9.405258362E-01  1.524668696E+00
  2.424093102E-01  5.610813571E-01  9.397230739E-01  1.528094328E+00
  2.026027178E-01  5.694783951E-01  9.390434108E-01  1.531008290E+00
  1.624727924E-01  5.763730691E-01  9.384870498E-01  1.533402974E+00
  1.220830127E-01  5.817508183E-01  9.380541556E-01  1.535272092E+00
  8.149764556E-02  5.856002497E-01  9.377448552E-01  1.536610720E+00
  4.078155398E-02  5.879131886E-01  9.375592390E-01  1.537415317E+00
  1.518603389E-16  5.886847157E-01  9.374973609E-01  1.537683754E+00
 -1.492095099E-16  5.698437894E-01  9.250723313E-01  1.484469587E+00
 -4.006974434E-02  5.690873446E-01  9.251325800E-01  1.484214963E+00
 -8.007553467E-02  5.668196067E-01  9.253133079E-01  1.483451760E+00
 -1.199536105E-01  5.630453575E-01  9.256144606E-01  1.482181978E+00
 -1.596405972E-01  5.577725436E-01  9.260359470E-01  1.480408940E+00
 -1.990736960E-01  5.510122406E-01  9.265776389E-01  1.478137271E+00
 -2.381908702E-01  5.427786048E-01  9.272393705E-01  1.475372873E+00
 -2.769310265E-01  5.330888107E-01  9.280209371E-01  1.472122892E+00
 -3.152341913E-01  5.219629766E-01  9.289220948E-01  1.468395679E+00
 -3.530416794E-01  5.094240779E-01  9.299425589E-01  1.464200745E+00
 -3.902962546E-01  4.954978482E-01  9.310820023E-01  1.459548707E+00
 -4.269422828E-01  4.802126710E-01  9.323400544E-01  1.454451235E+00
 -4.629258749E-01  4.635994610E-01  9.337162991E-01  1.448920988E+00
 -4.981950190E-01  4.456915362E-01  9.352102730E-01  1.442971552E+00
 -5.326997032E-01  4.265244834E-01  9.368214630E-01  1.436617363E+00
 -5.663920260E-01  4.061360154E-01  9.385493044E-01  1.429873646E+00
 -5.992262958E-01  3.845658233E-01  9.403931784E-01  1.422756332E+00
 -6.311591179E-01  3.618554240E-01  9.423524092E-01  1.415281984E+00
 -6.621494702E-01  3.380480038E-01  9.444262613E-01  1.407467724E+00
 -6.921587660E-01  3.131882593E-01  9.466139368E-01  1.399331150E+00
 -7.211509054E-01  2.873222371E-01  9.489145718E-01  1.390890260E+00
 -7.490923141E-01  2.604971727E-01  9.513272337E-01  1.382163377E+00
 -7.759519708E-01  2.327613299E-01  9.538509170E-01  1.373169074E+00
 -8.017014232E-01  2.041638412E-01  9.564845405E-01  1.363926094E+00
 -8.263147927E-01  1.747545509E-01  9.592269430E-01  1.354453287E+00
 -8.497687685E-01  1.445838610E-01  9.620768796E-01  1.344769535E+00
 -8.720425920E-01  1.137025809E-01  9.650330178E-01  1.334893687E+00
 -8.931180304E-01  8.216178134E-02  9.680939332E-01  1.324844495E+00
 -9.129793432E-01  5.001265408E-02  9.712581056E-01  1.314640559E+00
 -9.316132385E-01  1.730637652E-02  9.745239142E-01  1.304300265E+00
 -9.490088229E-01 -1.590601717E-02  9.778896336E-01  1.293841739E+00
 -9.651575438E-01 -4.957375845E-02  9.813534293E-01  1.283282794E+00
 -9.800531255E-01 -8.364646002E-02  9.849133529E-01  1.272640890E+00
 -9.936914998E-01 -1.180742242E-01  9.885673379E-01  1.261933094E+00
 -1.006070731E+00 -1.528077442E-01  9.923131950E-01  1.251176043E+00
 -1.017190940E+00 -1.877983977E-01  9.961486076E-01  1.240385914E+00
 -1.027054217E+00 -2.229983330E-01  1.000071127E+00  1.229578397E+00
 -1.035664541E+00 -2.583605476E-01  1.004078169E+00  1.218768672E+00
 -1.043027692E+00 -2.938389597E-01  1.008167008E+00  1.207971389E+00
 -1.049151160E+00 -3.293884716E-01  1.012334773E+00  1.197200653E+00
 -1.054044056E+00 -3.649650263E-01  1.016578445E+00  1.186470012E+00
 -1.057717022E+00 -4.005256571E-01  1.020894852E+00  1.175792448E+00
 -1.060182139E+00 -4.360285300E-01  1.025280665E+00  1.165180373E+00
 -1.061452839E+00 -4.714329795E-01  1.029732395E+00  1.154645624E+00
 -1.061543813E+00 -5.066995385E-01  1.034246390E+00  1.144199466E+00
 -1.060470926E+00 -5.417899615E-01  1.038818830E+00  1.133852594E+00
 -1.058251127E+00 -5.766672423E-01  1.043445728E+00  1.123615139E+00
 -1.054902367E+00 -6.112956263E-01  1.048122927E+00  1.113496672E+00
 -1.050443518E+00 -6.456406179E-01  1.052846095E+00  1.103506218E+00
 -1.044894288E+00 -6.796689821E-01  1.057610729E+00  1.093652267E+00
 -1.038275149E+00 -7.133487432E-01  1.062412151E+00  1.083942781E+00
 -1.030607262E+00 -7.466491780E-01  1.067245507E+00  1.074385214E+00
 -1.021912403E+00 -7.795408059E-01  1.072105773E+00  1.064986527E+00
 -1.012212895E+00 -8.119953754E-01  1.076987751E+00  1.055753199E+00
 -1.001531548E+00 -8.439858475E-01  1.081886071E+00  1.046691249E+00
 -9.898915908E-01 -8.754863764E-01  1.086795200E+00  1.037806251E+00
 -9.773166177E-01 -9.064722871E-01  1.091709437E+00  1.029103355E+00
 -9.638305304E-01 -9.369200520E-01  1.096622926E+00  1.020587301E+00
 -9.494574879E-01 -9.668072639E-01  1.101529655E+00  1.012262442E+00
 -9.342218576E-01 -9.961126092E-01  1.106423464E+00  1.004132761E+00
 -9.181481704E-01 -1.024815838E+00  1.111298055E+00  9.962018878E-01
 -9.012610791E-01 -1.052897734E+00  1.116146998E+00  9.884731235E-01
 -8.835853198E-01 -1.080340084E+00  1.120963739E+00  9.809494538E-01
 -8.651456761E-01 -1.107125645E+00  1.125741613E+00  9.736335700E-01
 -8.459669472E-01 -1.133238111E+00  1.130473854E+00  9.665278866E-01
 -8.260739178E-01 -1.158662083E+00  1.135153610E+00  9.596345589E-01
 -8.054913322E-01 -1.183383034E+00  1.139773951E+00  9.529555010E-01
 -7.842438700E-01 -1.207387275E+00  1.144327889E+00  9.464924020E-01
 -7.623561248E-01 -1.230661926E+00  1.148808389E+00  9.402467431E-01
 -7.398525859E-01 -1.253194879E+00  1.153208391E+00  9.342198131E-01
 -7.167576219E-01 -1.274974769E+00  1.157520820E+00  9.284127238E-01
 -6.930954669E-01 -1.295990942E+00  1.161738611E+00  9.228264250E-01
 -6.688902084E-01 -1.316233423E+00  1.165854725E+00  9.174617187E-01
 -6.441657786E-01 -1.335692887E+00  1.169862168E+00  9.123192724E-01
 -6.189459459E-01 -1.354360630E+00  1.173754014E+00  9.073996324E-01
 -5.932543099E-01 -1.372228538E+00  1.177523423E+00  9.027032364E-01
 -5.671142970E-01 -1.389289061E+00  1.181163666E+00  8.982304245E-01
 -5.405491585E-01 -1.405535188E+00  1.184668143E+00  8.939814514E-01
 -5.135819701E-01 -1.420960420E+00  1.188030409E+00  8.899564962E-01
 -4.862356321E-01 -1.435558745E+00  1.191244194E+00  8.861556725E-01
 -4.585328722E-01 -1.449324615E+00  1.194303423E+00  8.825790382E-01
 -4.304962488E-01 -1.462252925E+00  1.197202245E+00  8.792266035E-01
 -4.021481555E-01 -1.474338991E+00  1.199935047E+00  8.760983400E-01
 -3.735108271E-01 -1.485578533E+00  1.202496480E+00  8.731941875E-01
 -3.446063463E-01 -1.495967650E+00  1.204881480E+00  8.705140616E-01
 -3.154566513E-01 -1.505502812E+00  1.207085283E+00  8.680578598E-01
 -2.860835444E-01 -1.514180836E+00  1.209103452E+00  8.658254678E-01
 -2.565087016E-01 -1.521998877E+00  1.210931889E+00  8.638167648E-01
 -2.267536823E-01 -1.528954410E+00  1.212566853E+00  8.620316282E-01
 -1.968399399E-01 -1.535045223E+00  1.214004978E+00  8.604699383E-01
 -1.667888332E-01 -1.540269403E+00  1.215243287E+00  8.591315819E-01
 -1.366216381E-01 -1.544625328E+00  1.216279201E+00  8.580164557E-01
 -1.063595595E-01 -1.548111658E+00  1.217110557E+00  8.571244695E-01
 -7.602374381E-02 -1.550727330E+00  1.217735610E+00  8.564555481E-01
 -4.563529164E-02 -1.552471549E+00  1.218153045E+00  8.560096334E-01
 -1.521527078E-02 -1.553343790E+00  1.218361983E+00  8.557866861E-01
  1.521527078E-02 -1.553343790E+00  1.218361983E+00  8.557866861E-01
  4.563529164E-02 -1.552471549E+00  1.218153045E+00  8.560096334E-01
  7.602374381E-02 -1.550727330E+00  1.217735610E+00  8.564555481E-01
  1.063595595E-01 -1.548111658E+00  1.217110557E+00  8.571244695E-01
  1.366216381E-01 -1.544625328E+00  1.216279201E+00  8.580164557E-01
  1.667888332E-01 -1.540269403E+00  1.215243287E+00  8.591315819E-01
  1.968399399E-01 -1.535045223E+00  1.214004978E+00  8.604699383E-01
  2.267536823E-01 -1.528954410E+00  1.212566853E+00  8.620316282E-01
  2.565087016E-01 -1.521998877E+00  1.210931889E+00  8.638167648E-01
  2.860835444E-01 -1.514180836E+00  1.209103452E+00  8.658254678E-01
  3.154566513E-01 -1.505502812E+00  1.207085283E+00  8.680578598E-01
  3.446063463E-01 -1.495967650E+00  1.204881480E+00  8.705140616E-01
  3.735108271E-01 -1.485578533E+00  1.202496480E+00  8.731941875E-01
  4.021481555E-01 -1.474338991E+00  1.199935047E+00  8.760983400E-01
  4.304962488E-01 -1.462252925E+00  1.197202245E+00  8.792266035E-01
  4.585328722E-01 -1.449324615E+00  1.194303423E+00  8.825790382E-01
  4.862356321E-01 -1.435558745E+00  1.191244194E+00  8.861556725E-01
  5.135819701E-01 -1.420960420E+00  1.188030409E+00  8.899564962E-01
  5.405491585E-01 -1.405535188E+00  1.184668143E+00  8.939814514E-01
  5.671142970E-01 -1.389289061E+00  1.181163666E+00  8.982304245E-01
  5.932543099E-01 -1.372228538E+00  1.177523423E+00  9.027032364E-01
  6.189459459E-01 -1.354360630E+00  1.173754014E+00  9.073996324E-01
  6.441657786E-01 -1.335692887E+00  1.169862168E+00  9.123192724E-01
  6.688902084E-01 -1.316233423E+00  1.165854725E+00  9.174617187E-01
  6.930954669E-01 -1.295990942E+00  1.161738611E+00  9.228264250E-01
  7.167576219E-01 -1.274974769E+00  1.157520820E+00  9.284127238E-01
  7.398525859E-01 -1.253194879E+00  1.153208391E+00  9.342198131E-01
  7.623561248E-01 -1.230661926E+00  1.148808389E+00  9.402467431E-01
  7.842438700E-01 -1.207387275E+00  1.144327889E+00  9.464924020E-01
  8.054913322E-01 -1.183383034E+00  1.139773951E+00  9.529555010E-01
  8.260739178E-01 -1.158662083E+00  1.135153610E+00  9.596345589E-01
  8.459669472E-01 -1.133238111E+00  1.130473854E+00  9.665278866E-01
  8.651456761E-01 -1.107125645E+00  1.125741613E+00  9.736335700E-01
  8.835853198E-01 -1.080340084E+00  1.120963739E+00  9.809494538E-01
  9.012610791E-01 -1.052897734E+00  1.116146998E+00  9.884731235E-01
  9.181481704E-01 -1.024815838E+00  1.111298055E+00  9.962018878E-01
  9.342218576E-01 -9.961126092E-01  1.106423464E+00  1.004132761E+00
  9.494574879E-01 -9.668072639E-01  1.101529655E+00  1.012262442E+00
  9.638305304E-01 -9.369200520E-01  1.096622926E+00  1.020587301E+00
  9.773166177E-01 -9.064722871E-01  1.091709437E+00  1.029103355E+00
  9.898915908E-01 -8.754863764E-01  1.086795200E+00  1.037806251E+00
  1.001531548E+00 -8.439858475E-01  1.081886071E+00  1.046691249E+00
  1.012212895E+00 -8.119953754E-01  1.076987751E+00  1.055753199E+00
  1.021912403E+00 -7.795408059E-01  1.072105773E+00  1.064986527E+00
  1.030607262E+00 -7.466491780E-01  1.067245507E+00  1.074385214E+00
  1.038275149E+00 -7.133487432E-01  1.062412151E+00  1.083942781E+00
  1.044894288E+00 -6.796689821E-01  1.057610729E+00  1.093652267E+00
  1.050443518E+00 -6.456406179E-01  1.052846095E+00  1.103506218E+00
  1.054902367E+00 -6.112956263E-01  1.048122927E+00  1.113496672E+00
  1.058251127E+00 -5.766672423E-01  1.043445728E+00  1.123615139E+00
  1.060470926E+00 -5.417899615E-01  1.038818830E+00  1.133852594E+00
  1.061543813E+00 -5.066995385E-01  1.034246390E+00  1.144199466E+00
  1.061452839E+00 -4.714329795E-01  1.029732395E+00  1.154645624E+00
  1.060182139E+00 -4.360285300E-01  1.025280665E+00  1.165180373E+00
  1.057717022E+00 -4.005256571E-01  1.020894852E+00  1.175792448E+00
  1.054044056E+00 -3.649650263E-01  1.016578445E+00  1.186470012E+00
  1.049151160E+00 -3.293884716E-01  1.012334773E+00  1.197200653E+00
  1.043027692E+00 -2.938389597E-01  1.008167008E+00  1.207971389E+00
  1.035664541E+00 -2.583605476E-01  1.004078169E+00  1.218768672E+00
  1.027054217E+00 -2.229983330E-01  1.000071127E+00  1.229578397E+00
  1.017190940E+00 -1.877983977E-01  9.961486076E-01  1.240385914E+00
  1.006070731E+00 -1.528077442E-01  9.923131950E-01  1.251176043E+00
  9.936914998E-01 -1.180742242E-01  9.885673379E-01  1.261933094E+00
  9.800531255E-01 -8.364646002E-02  9.849133529E-01  1.272640890E+00
  9.651575438E-01 -4.957375845E-02  9.813534293E-01  1.283282794E+00
  9.490088229E-01 -1.590601717E-02  9.778896336E-01  1.293841739E+00
  9.316132385E-01  1.730637652E-02  9.745239142E-01  1.304300265E+00
  9.129793432E-01  5.001265408E-02  9.712581056E-01  1.314640559E+00
  8.931180304E-01  8.216178134E-02  9.680939332E-01  1.324844495E+00
  8.720425920E-01  1.137025809E-01  9.650330178E-01  1.334893687E+00
  8.497687685E-01  1.445838610E-01  9.620768796E-01  1.344769535E+00
  8.263147927E-01  1.747545509E-01  9.592269430E-01  1.354453287E+00
  8.017014232E-01  2.041638412E-01  9.564845405E-01  1.363926094E+00
  7.759519708E-01  2.327613299E-01  9.538509170E-01  1.373169074E+00
  7.490923141E-01  2.604971727E-01  9.513272337E-01  1.382163377E+00
  7.211509054E-01  2.873222371E-01  9.489145718E-01  1.390890260E+00
  6.921587660E-01  3.131882593E-01  9.466139368E-01  1.399331150E+00
  6.621494702E-01  3.380480038E-01  9.444262613E-01  1.407467724E+00
  6.311591179E-01  3.618554240E-01  9.423524092E-01  1.415281984E+00
  5.992262958E-01  3.845658233E-01  9.403931784E-01  1.422756332E+00
  5.663920260E-01  4.061360154E-01  9.385493044E-01  1.429873646E+00
  5.326997032E-01  4.265244834E-01  9.368214630E-01  1.436617363E+00
  4.981950190E-01  4.456915362E-01  9.352102730E-01  1.442971552E+00
  4.629258749E-01  4.635994610E-01  9.337162991E-01  1.448920988E+00
  4.269422828E-01  4.802126710E-01  9.323400544E-01  1.454451235E+00
  3.902962546E-01  4.954978482E-01  9.310820023E-01  1.459548707E+00
  3.530416794E-01  5.094240779E-01  9.299425589E-01  1.464200745E+00
  3.152341913E-01  5.219629766E-01  9.289220948E-01  1.468395679E+00
  2.769310265E-01  5.330888107E-01  9.280209371E-01  1.472122892E+00
  2.381908702E-01  5.427786048E-01  9.272393705E-01  1.475372873E+00
  1.990736960E-01  5.510122406E-01  9.265776389E-01  1.478137271E+00
  1.596405972E-01  5.577725436E-01  9.260359470E-01  1.480408940E+00
  1.199536105E-01  5.630453575E-01  9.256144606E-01  1.482181978E+00
  8.007553467E-02  5.668196067E-01  9.253133079E-01  1.483451760E+00
  4.006974434E-02  5.690873446E-01  9.251325800E-01  1.484214963E+00
  1.492095099E-16  5.698437894E-01  9.250723313E-01  1.484469587E+00
 -1.466437571E-16  5.515691363E-01  9.129444310E-01  1.433855725E+00
 -3.938077758E-02  5.508272384E-01  9.130031103E-01  1.433614011E+00
 -7.869904873E-02  5.486030972E-01  9.131791298E-01  1.432889498E+00
 -1.178924942E-01  5.449013635E-01  9.134724346E-01  1.431684066E+00
 -1.568991678E-01  5.397297661E-01  9.138829332E-01  1.430000837E+00
 -1.956576803E-01  5.330990778E-01  9.144104963E-01  1.427844158E+00
 -2.341073794E-01  5.250230686E-01  9.150549571E-01  1.425219576E+00
 -2.721885255E-01  5.155184460E-01  9.158161099E-01  1.422133809E+00
 -3.098424622E-01  5.046047833E-01  9.166937092E-01  1.418594708E+00
 -3.470117794E-01  4.923044356E-01  9.176874689E-01  1.414611216E+00
 -3.836404695E-01  4.786424458E-01  9.187970603E-01  1.410193319E+00
 -4.196740755E-01  4.636464393E-01  9.200221115E-01  1.405351992E+00
 -4.550598298E-01  4.473465104E-01  9.213622048E-01  1.400099148E+00
 -4.897467826E-01  4.297750988E-01  9.228168755E-01  1.394447570E+00
 -5.236859215E-01  4.109668600E-01  9.243856097E-01  1.388410850E+00
 -5.568302789E-01  3.909585279E-01  9.260678419E-01  1.382003321E+00
 -5.891350289E-01  3.697887724E-01  9.278629529E-01  1.375239990E+00
 -6.205575731E-01  3.474980518E-01  9.297702672E-01  1.368136462E+00
 -6.510576141E-01  3.241284624E-01  9.317890503E-01  1.360708875E+00
 -6.805972176E-01  2.997235851E-01  9.339185056E-01  1.352973821E+00
 -7.091408634E-01  2.743283295E-01  9.361577719E-01  1.344948278E+00
 -7.366554841E-01  2.479887794E-01  9.385059199E-01  1.336649536E+00
 -7.631104927E-01  2.207520364E-01  9.409619490E-01  1.328095126E+00
 -7.884777998E-01  1.926660660E-01  9.435247838E-01  1.319302754E+00
 -8.127318190E-01  1.637795456E-01  9.461932704E-01  1.310290229E+00
 -8.358494626E-01  1.341417148E-01  9.489661732E-01  1.301075402E+00
 -8.578101281E-01  1.038022297E-01  9.518421704E-01  1.291676101E+00
 -8.785956739E-01  7.281102126E-02  9.548198505E-01  1.282110074E+00
 -8.981903878E-01  4.121815863E-02  9.578977083E-01  1.272394931E+00
 -9.165809467E-01  9.073717467E-03  9.610741406E-01  1.262548093E+00
 -9.337563685E-01 -2.357234552E-02  9.643474420E-01  1.252586742E+00
 -9.497079579E-01 -5.667031200E-02  9.677158007E-01  1.242527778E+00
 -9.644292457E-01 -9.017081492E-02  9.711772945E-01  1.232387771E+00
 -9.779159224E-01 -1.240249445E-01  9.747298861E-01  1.222182933E+00
 -9.901657671E-01 -1.581843474E-01  9.783714189E-01  1.211929077E+00
 -1.001178573E+00 -1.926013183E-01  9.820996127E-01  1.201641591E+00
 -1.010956067E+00 -2.272288852E-01  9.859120597E-01  1.191335408E+00
 -1.019501829E+00 -2.620208862E-01  9.898062200E-01  1.181024988E+00
 -1.026821211E+00 -2.969320401E-01  9.937794174E-01  1.170724299E+00
 -1.032921245E+00 -3.319180098E-01  9.978288358E-01  1.160446797E+00
 -1.037810561E+00 -3.669354577E-01  1.001951515E+00  1.150205420E+00
 -1.041499299E+00 -4.019420956E-01  1.006144347E+00  1.140012577E+00
 -1.043999019E+00 -4.368967272E-01  1.010404074E+00  1.129880139E+00
 -1.045322619E+00 -4.717592840E-01  1.014727282E+00  1.119819443E+00
 -1.045484242E+00 -5.064908557E-01  1.019110400E+00  1.109841286E+00
 -1.044499195E+00 -5.410537139E-01  1.023549698E+00  1.099955928E+00
 -1.042383863E+00 -5.754113312E-01  1.028041285E+00  1.090173100E+00
 -1.039155628E+00 -6.095283935E-01  1.032581103E+00  1.080502006E+00
 -1.034832790E+00 -6.433708090E-01  1.037164931E+00  1.070951335E+00
 -1.029434486E+00 -6.769057111E-01  1.041788381E+00  1.061529269E+00
 -1.022980618E+00 -7.101014579E-01  1.046446898E+00  1.052243494E+00
 -1.015491780E+00 -7.429276268E-01  1.051135760E+00  1.043101214E+00
 -1.006989186E+00 -7.753550064E-01  1.055850081E+00  1.034109164E+00
 -9.974946055E-01 -8.073555839E-01  1.060584809E+00  1.025273627E+00
 -9.870303003E-01 -8.389025302E-01  1.065334730E+00  1.016600445E+00
 -9.756189625E-01 -8.699701821E-01  1.070094471E+00  1.008095041E+00
 -9.632836582E-01 -9.005340215E-01  1.074858505E+00  9.997624312E-01
 -9.500477732E-01 -9.305706531E-01  1.079621150E+00  9.916072450E-01
 -9.359349623E-01 -9.600577796E-01  1.084376583E+00  9.836337407E-01
 -9.209691013E-01 -9.889741755E-01  1.089118838E+00  9.758458241E-01
 -9.051742434E-01 -1.017299659E+00  1.093841817E+00  9.682470656E-01
 -8.885745770E-01 -1.045015066E+00  1.098539300E+00  9.608407185E-01
 -8.711943880E-01 -1.072102214E+00  1.103204950E+00  9.536297356E-01
 -8.530580248E-01 -1.098543878E+00  1.107832324E+00  9.466167873E-01
 -8.341898655E-01 -1.124323757E+00  1.112414888E+00  9.398042780E-01
 -8.146142891E-01 -1.149426441E+00  1.116946023E+00  9.331943635E-01
 -7.943556487E-01 -1.173837383E+00  1.121419042E+00  9.267889667E-01
 -7.734382474E-01 -1.197542863E+00  1.125827204E+00  9.205897941E-01
 -7.518863176E-01 -1.220529959E+00  1.130163726E+00  9.145983509E-01
 -7.297240015E-01 -1.242786515E+00  1.134421801E+00  9.088159564E-01
 -7.069753353E-01 -1.264301111E+00  1.138594616E+00  9.032437581E-01
 -6.836642343E-01 -1.285063031E+00  1.142675364E+00  8.978827463E-01
 -6.598144819E-01 -1.305062234E+00  1.146657270E+00  8.927337670E-01
 -6.354497189E-01 -1.324289324E+00  1.150533604E+00  8.877975348E-01
 -6.105934358E-01 -1.342735524E+00  1.154297703E+00  8.830746459E-01
 -5.852689668E-01 -1.360392642E+00  1.157942989E+00  8.785655890E-01
 -5.594994855E-01 -1.377253054E+00  1.161462994E+00  8.742707573E-01
 -5.333080020E-01 -1.393309669E+00  1.164851376E+00  8.701904584E-01
 -5.067173619E-01 -1.408555909E+00  1.168101943E+00  8.663249250E-01
 -4.797502465E-01 -1.422985685E+00  1.171208672E+00  8.626743240E-01
 -4.524291749E-01 -1.436593373E+00  1.174165733E+00  8.592387653E-01
 -4.247765062E-01 -1.449373794E+00  1.176967508E+00  8.560183107E-01
 -3.968144445E-01 -1.461322190E+00  1.179608610E+00  8.530129813E-01
 -3.685650432E-01 -1.472434212E+00  1.182083910E+00  8.502227646E-01
 -3.400502119E-01 -1.482705893E+00  1.184388547E+00  8.476476220E-01
 -3.112917233E-01 -1.492133639E+00  1.186517956E+00  8.452874941E-01
 -2.823112212E-01 -1.500714208E+00  1.188467881E+00  8.431423071E-01
 -2.531302290E-01 -1.508444702E+00  1.190234393E+00  8.412119774E-01
 -2.237701595E-01 -1.515322546E+00  1.191813908E+00  8.394964168E-01
 -1.942523249E-01 -1.521345481E+00  1.193203200E+00  8.379955366E-01
 -1.645979469E-01 -1.526511557E+00  1.194399415E+00  8.367092509E-01
 -1.348281685E-01 -1.530819115E+00  1.195400084E+00  8.356374802E-01
 -1.049640649E-01 -1.534266786E+00  1.196203132E+00  8.347801541E-01
 -7.502665559E-02 -1.536853484E+00  1.196806890E+00  8.341372136E-01
 -4.503691648E-02 -1.538578398E+00  1.197210097E+00  8.337086128E-01
 -1.501579205E-02 -1.539440989E+00  1.197411912E+00  8.334943203E-01
  1.501579205E-02 -1.539440989E+00  1.197411912E+00  8.334943203E-01
  4.503691648E-02 -1.538578398E+00  1.197210097E+00  8.337086128E-01
  7.502665559E-02 -1.536853484E+00  1.196806890E+00  8.341372136E-01
  1.049640649E-01 -1.534266786E+00  1.196203132E+00  8.347801541E-01
  1.348281685E-01 -1.530819115E+00  1.195400084E+00  8.356374802E-01
  1.645979469E-01 -1.526511557E+00  1.194399415E+00  8.367092509E-01
  1.942523249E-01 -1.521345481E+00  1.193203200E+00  8.379955366E-01
  2.237701595E-01 -1.515322546E+00  1.191813908E+00  8.394964168E-01
  2.531302290E-01 -1.508444702E+00  1.190234393E+00  8.412119774E-01
  2.823112212E-01 -1.500714208E+00  1.188467881E+00  8.431423071E-01
  3.112917233E-01 -1.492133639E+00  1.186517956E+00  8.452874941E-01
  3.400502119E-01 -1.482705893E+00  1.184388547E+00  8.476476220E-01
  3.685650432E-01 -1.472434212E+00  1.182083910E+00  8.502227646E-01
  3.968144445E-01 -1.461322190E+00  1.179608610E+00  8.530129813E-01
  4.247765062E-01 -1.449373794E+00  1.176967508E+00  8.560183107E-01
  4.524291749E-01 -1.436593373E+00  1.174165733E+00  8.592387653E-01
  4.797502465E-01 -1.422985685E+00  1.171208672E+00  8.626743240E-01
  5.067173619E-01 -1.408555909E+00  1.168101943E+00  8.663249250E-01
  5.333080020E-01 -1.393309669E+00  1.164851376E+00  8.701904584E-01
  5.594994855E-01 -1.377253054E+00  1.161462994E+00  8.742707573E-01
  5.852689668E-01 -1.360392642E+00  1.157942989E+00  8.785655890E-01
  6.105934358E-01 -1.342735524E+00  1.154297703E+00  8.830746459E-01
  6.354497189E-01 -1.324289324E+00  1.150533604E+00  8.877975348E-01
  6.598144819E-01 -1.305062234E+00  1.146657270E+00  8.927337670E-01
  6.836642343E-01 -1.285063031E+00  1.142675364E+00  8.978827463E-01
  7.069753353E-01 -1.264301111E+00  1.138594616E+00  9.032437581E-01
  7.297240015E-01 -1.242786515E+00  1.134421801E+00  9.088159564E-01
  7.518863176E-01 -1.220529959E+00  1.130163726E+00  9.145983509E-01
  7.734382474E-01 -1.197542863E+00  1.125827204E+00  9.205897941E-01
  7.943556487E-01 -1.173837383E+00  1.121419042E+00  9.267889667E-01
  8.146142891E-01 -1.149426441E+00  1.116946023E+00  9.331943635E-01
  8.341898655E-01 -1.124323757E+00  1.112414888E+00  9.398042780E-01
  8.530580248E-01 -1.098543878E+00  1.107832324E+00  9.466167873E-01
  8.711943880E-01 -1.072102214E+00  1.103204950E+00  9.536297356E-01
  8.885745770E-01 -1.045015066E+00  1.098539300E+00  9.608407185E-01
  9.051742434E-01 -1.017299659E+00  1.093841817E+00  9.682470656E-01
  9.209691013E-01 -9.889741755E-01  1.089118838E+00  9.758458241E-01
  9.359349623E-01 -9.600577796E-01  1.084376583E+00  9.836337407E-01
  9.500477732E-01 -9.305706531E-01  1.079621150E+00  9.916072450E-01
  9.632836582E-01 -9.005340215E-01  1.074858505E+00  9.997624312E-01
  9.756189625E-01 -8.699701821E-01  1.070094471E+00  1.008095041E+00
  9.870303003E-01 -8.389025302E-01  1.065334730E+00  1.016600445E+00
  9.974946055E-01 -8.073555839E-01  1.060584809E+00  1.025273627E+00
  1.006989186E+00 -7.753550064E-01  1.055850081E+00  1.034109164E+00
  1.015491780E+00 -7.429276268E-01  1.051135760E+00  1.043101214E+00
  1.022980618E+00 -7.101014579E-01  1.046446898E+00  1.052243494E+00
  1.029434486E+00 -6.769057111E-01  1.041788381E+00  1.061529269E+00
  1.034832790E+00 -6.433708090E-01  1.037164931E+00  1.070951335E+00
  1.039155628E+00 -6.095283935E-01  1.032581103E+00  1.080502006E+00
  1.042383863E+00 -5.754113312E-01  1.028041285E+00  1.090173100E+00
  1.044499195E+00 -5.410537139E-01  1.023549698E+00  1.099955928E+00
  1.045484242E+00 -5.064908557E-01  1.019110400E+00  1.109841286E+00
  1.045322619E+00 -4.717592840E-01  1.014727282E+00  1.119819443E+00
  1.043999019E+00 -4.368967272E-01  1.010404074E+00  1.129880139E+00
  1.041499299E+00 -4.019420956E-01  1.006144347E+00  1.140012577E+00
  1.037810561E+00 -3.669354577E-01  1.001951515E+00  1.150205420E+00
  1.032921245E+00 -3.319180098E-01  9.978288358E-01  1.160446797E+00
  1.026821211E+00 -2.969320401E-01  9.937794174E-01  1.170724299E+00
  1.019501829E+00 -2.620208862E-01  9.898062200E-01  1.181024988E+00
  1.010956067E+00 -2.272288852E-01  9.859120597E-01  1.191335408E+00
  1.001178573E+00 -1.926013183E-01  9.820996127E-01  1.201641591E+00
  9.901657671E-01 -1.581843474E-01  9.783714189E-01  1.211929077E+00
  9.779159224E-01 -1.240249445E-01  9.747298861E-01  1.222182933E+00
  9.644292457E-01 -9.017081492E-02  9.711772945E-01  1.232387771E+00
  9.497079579E-01 -5.667031200E-02  9.677158007E-01  1.242527778E+00
  9.337563685E-01 -2.357234552E-02  9.643474420E-01  1.252586742E+00
  9.165809467E-01  9.073717467E-03  9.610741406E-01  1.262548093E+00
  8.981903878E-01  4.121815863E-02  9.578977083E-01  1.272394931E+00
  8.785956739E-01  7.281102126E-02  9.548198505E-01  1.282110074E+00
  8.578101281E-01  1.038022297E-01  9.518421704E-01  1.291676101E+00
  8.358494626E-01  1.341417148E-01  9.489661732E-01  1.301075402E+00
  8.127318190E-01  1.637795456E-01  9.461932704E-01  1.310290229E+00
  7.884777998E-01  1.926660660E-01  9.435247838E-01  1.319302754E+00
  7.631104927E-01  2.207520364E-01  9.409619490E-01  1.328095126E+00
  7.366554841E-01  2.479887794E-01  9.385059199E-01  1.336649536E+00
  7.091408634E-01  2.743283295E-01  9.361577719E-01  1.344948278E+00
  6.805972176E-01  2.997235851E-01  9.339185056E-01  1.352973821E+00
  6.510576141E-01  3.241284624E-01  9.317890503E-01  1.360708875E+00
  6.205575731E-01  3.474980518E-01  9.297702672E-01  1.368136462E+00
  5.891350289E-01  3.697887724E-01  9.278629529E-01  1.375239990E+00
  5.568302789E-01  3.909585279E-01  9.260678419E-01  1.382003321E+00
  5.236859215E-01  4.109668600E-01  9.243856097E-01  1.388410850E+00
  4.897467826E-01  4.297750988E-01  9.228168755E-01  1.394447570E+00
  4.550598298E-01  4.473465104E-01  9.213622048E-01  1.400099148E+00
  4.196740755E-01  4.636464393E-01  9.200221115E-01  1.405351992E+00
  3.836404695E-01  4.786424458E-01  9.187970603E-01  1.410193319E+00
  3.470117794E-01  4.923044356E-01  9.176874689E-01  1.414611216E+00
  3.098424622E-01  5.046047833E-01  9.166937092E-01  1.418594708E+00
  2.721885255E-01  5.155184460E-01  9.158161099E-01  1.422133809E+00
  2.341073794E-01  5.250230686E-01  9.150549571E-01  1.425219576E+00
  1.956576803E-01  5.330990778E-01  9.144104963E-01  1.427844158E+00
  1.568991678E-01  5.397297661E-01  9.138829332E-01  1.430000837E+00
  1.178924942E-01  5.449013635E-01  9.134724346E-01  1.431684066E+00
  7.869904873E-02  5.486030972E-01  9.131791298E-01  1.432889498E+00
  3.938077758E-02  5.508272384E-01  9.130031103E-01  1.433614011E+00
  1.466437571E-16  5.515691363E-01  9.129444310E-01  1.433855725E+00
 -1.441605767E-16  5.338464028E-01  9.011104353E-01  1.385706705E+00
 -3.871398155E-02  5.331185353E-01  9.011676031E-01  1.385477063E+00
 -7.736684609E-02  5.309364435E-01  9.013390882E-01  1.384788728E+00
 -1.158976577E-01  5.273046531E-01  9.016248353E-01  1.383643469E+00
 -1.542458415E-01  5.222306850E-01  9.020247523E-01  1.382044224E+00
 -1.923513616E-01  5.157250230E-01  9.025387096E-01  1.379995080E+00
 -2.301548951E-01  5.078010684E-01  9.031665392E-01  1.377501259E+00
 -2.675980028E-01  4.984750828E-01  9.039080346E-01  1.374569081E+00
 -3.046232937E-01  4.877661189E-01  9.047629494E-01  1.371205934E+00
 -3.411745835E-01  4.756959399E-01  9.057309961E-01  1.367420237E+00
 -3.771970463E-01  4.622889286E-01  9.068118453E-01  1.363221389E+00
 -4.126373575E-01  4.475719863E-01  9.080051239E-01  1.358619727E+00
 -4.474438293E-01  4.315744232E-01  9.093104134E-01  1.353626467E+00
 -4.815665352E-01  4.143278396E-01  9.107272484E-01  1.348253653E+00
 -5.149574264E-01  3.958660005E-01  9.122551145E-01  1.342514091E+00
 -5.475704368E-01  3.762247036E-01  9.138934462E-01  1.336421291E+00
 -5.793615770E-01  3.554416416E-01  9.156416247E-01  1.329989400E+00
 -6.102890187E-01  3.335562600E-01  9.174989753E-01  1.323233138E+00
 -6.403131666E-01  3.106096115E-01  9.194647651E-01  1.316167726E+00
 -6.693967199E-01  2.866442079E-01  9.215381998E-01  1.308808825E+00
 -6.975047220E-01  2.617038700E-01  9.237184216E-01  1.301172463E+00
 -7.246046000E-01  2.358335768E-01  9.260045052E-01  1.293274971E+00
 -7.506661921E-01  2.090793157E-01  9.283954554E-01  1.285132914E+00
 -7.756617654E-01  1.814879323E-01  9.308902035E-01  1.276763027E+00
 -7.995660228E-01  1.531069835E-01  9.334876038E-01  1.268182155E+00
 -8.223560998E-01  1.239845924E-01  9.361864302E-01  1.259407187E+00
 -8.440115527E-01  9.416930677E-02  9.389853725E-01  1.250455000E+00
 -8.645143365E-01  6.370996122E-02  9.418830328E-01  1.241342404E+00
 -8.838487756E-01  3.265554451E-02  9.448779213E-01  1.232086087E+00
 -9.020015255E-01  1.055071401E-03  9.479684527E-01  1.222702567E+00
 -9.189615282E-01 -3.104253971E-02  9.511529421E-01  1.213208146E+00
 -9.347199603E-01 -6.358858328E-02  9.544296009E-01  1.203618865E+00
 -9.492701752E-01 -9.653467685E-02  9.577965331E-01  1.193950466E+00
 -9.626076402E-01 -1.298328648E-01  9.612517306E-01  1.184218357E+00
 -9.747298683E-01 -1.634357153E-01  9.647930695E-01  1.174437579E+00
 -9.856363462E-01 -1.972964107E-01  9.684183061E-01  1.164622776E+00
 -9.953284591E-01 -2.313688303E-01  9.721250726E-01  1.154788175E+00
 -1.003809412E+00 -2.656076273E-01  9.759108735E-01  1.144947556E+00
 -1.011084149E+00 -2.999682974E-01  9.797730812E-01  1.135114244E+00
 -1.017159270E+00 -3.344072420E-01  9.837089328E-01  1.125301084E+00
 -1.022042950E+00 -3.688818233E-01  9.877155264E-01  1.115520439E+00
 -1.025744850E+00 -4.033504138E-01  9.917898172E-01  1.105784172E+00
 -1.028276036E+00 -4.377724385E-01  9.959286149E-01  1.096103647E+00
 -1.029648895E+00 -4.721084120E-01  1.000128580E+00  1.086489724E+00
 -1.029877047E+00 -5.063199683E-01  1.004386223E+00  1.076952755E+00
 -1.028975267E+00 -5.403698855E-01  1.008697898E+00  1.067502589E+00
 -1.026959400E+00 -5.742221055E-01  1.013059806E+00  1.058148575E+00
 -1.023846284E+00 -6.078417475E-01  1.017467989E+00  1.048899566E+00
 -1.019653670E+00 -6.411951173E-01  1.021918329E+00  1.039763929E+00
 -1.014400147E+00 -6.742497120E-01  1.026406552E+00  1.030749551E+00
 -1.008105071E+00 -7.069742198E-01  1.030928222E+00  1.021863852E+00
 -1.000788488E+00 -7.393385169E-01  1.035478742E+00  1.013113794E+00
 -9.924710753E-01 -7.713136596E-01  1.040053361E+00  1.004505897E+00
 -9.831740668E-01 -8.028718741E-01  1.044647166E+00  9.960462483E-01
 -9.729191971E-01 -8.339865420E-01  1.049255094E+00  9.877405216E-01
 -9.617286398E-01 -8.646321845E-01  1.053871926E+00  9.795939884E-01
 -9.496249518E-01 -8.947844429E-01  1.058492298E+00  9.716115354E-01
 -9.366310201E-01 -9.244200578E-01  1.063110700E+00  9.637976798E-01
 -9.227700119E-01 -9.535168453E-01  1.067721486E+00  9.561565856E-01
 -9.080653275E-01 -9.820536730E-01  1.072318877E+00  9.486920805E-01
 -8.925405568E-01 -1.010010433E+00  1.076896967E+00  9.414076715E-01
 -8.762194382E-01 -1.037368016E+00  1.081449736E+00  9.343065622E-01
 -8.591258209E-01 -1.064108279E+00  1.085971052E+00  9.273916686E-01
 -8.412836302E-01 -1.090214021E+00  1.090454688E+00  9.206656360E-01
 -8.227168353E-01 -1.115668952E+00  1.094894325E+00  9.141308541E-01
 -8.034494199E-01 -1.140457658E+00  1.099283572E+00  9.077894735E-01
 -7.835053562E-01 -1.164565577E+00  1.103615970E+00  9.016434210E-01
 -7.629085808E-01 -1.187978966E+00  1.107885013E+00  8.956944141E-01
 -7.416829728E-01 -1.210684870E+00  1.112084157E+00  8.899439764E-01
 -7.198523359E-01 -1.232671090E+00  1.116206839E+00  8.843934513E-01
 -6.974403809E-01 -1.253926158E+00  1.120246488E+00  8.790440157E-01
 -6.744707116E-01 -1.274439304E+00  1.124196547E+00  8.738966936E-01
 -6.509668128E-01 -1.294200428E+00  1.128050491E+00  8.689523687E-01
 -6.269520397E-01 -1.313200069E+00  1.131801837E+00  8.642117965E-01
 -6.024496099E-01 -1.331429382E+00  1.135444173E+00  8.596756162E-01
 -5.774825968E-01 -1.348880109E+00  1.138971171E+00  8.553443617E-01
 -5.520739247E-01 -1.365544553E+00  1.142376607E+00  8.512184725E-01
 -5.262463662E-01 -1.381415551E+00  1.145654384E+00  8.472983034E-01
 -5.000225399E-01 -1.396486454E+00  1.148798549E+00  8.435841347E-01
 -4.734249107E-01 -1.410751099E+00  1.151803314E+00  8.400761805E-01
 -4.464757909E-01 -1.424203793E+00  1.154663079E+00  8.367745978E-01
 -4.191973427E-01 -1.436839286E+00  1.157372445E+00  8.336794942E-01
 -3.916115814E-01 -1.448652754E+00  1.159926242E+00  8.307909353E-01
 -3.637403808E-01 -1.459639781E+00  1.162319544E+00  8.281089521E-01
 -3.356054780E-01 -1.469796340E+00  1.164547686E+00  8.256335467E-01
 -3.072284808E-01 -1.479118777E+00  1.166606287E+00  8.233646988E-01
 -2.786308745E-01 -1.487603796E+00  1.168491263E+00  8.213023712E-01
 -2.498340304E-01 -1.495248446E+00  1.170198846E+00  8.194465142E-01
 -2.208592146E-01 -1.502050106E+00  1.171725598E+00  8.177970707E-01
 -1.917275973E-01 -1.508006476E+00  1.173068424E+00  8.163539799E-01
 -1.624602630E-01 -1.513115566E+00  1.174224589E+00  8.151171807E-01
 -1.330782211E-01 -1.517375687E+00  1.175191724E+00  8.140866154E-01
 -1.036024164E-01 -1.520785442E+00  1.175967842E+00  8.132622317E-01
 -7.405374082E-02 -1.523343722E+00  1.176551341E+00  8.126439850E-01
 -4.445304441E-02 -1.525049700E+00  1.176941013E+00  8.122318407E-01
 -1.482114752E-02 -1.525902826E+00  1.177136052E+00  8.120257746E-01
  1.482114752E-02 -1.525902826E+00  1.177136052E+00  8.120257746E-01
  4.445304441E-02 -1.525049700E+00  1.176941013E+00  8.122318407E-01
  7.405374082E-02 -1.523343722E+00  1.176551341E+00  8.126439850E-01
  1.036024164E-01 -1.520785442E+00  1.175967842E+00  8.132622317E-01
  1.330782211E-01 -1.517375687E+00  1.175191724E+00  8.140866154E-01
  1.624602630E-01 -1.513115566E+00  1.174224589E+00  8.151171807E-01
  1.917275973E-01 -1.508006476E+00  1.173068424E+00  8.163539799E-01
  2.208592146E-01 -1.502050106E+00  1.171725598E+00  8.177970707E-01
  2.498340304E-01 -1.495248446E+00  1.170198846E+00  8.194465142E-01
  2.786308745E-01 -1.487603796E+00  1.168491263E+00  8.213023712E-01
  3.072284808E-01 -1.479118777E+00  1.166606287E+00  8.233646988E-01
  3.356054780E-01 -1.469796340E+00  1.164547686E+00  8.256335467E-01
  3.637403808E-01 -1.459639781E+00  1.162319544E+00  8.281089521E-01
  3.916115814E-01 -1.448652754E+00  1.159926242E+00  8.307909353E-01
  4.191973427E-01 -1.436839286E+00  1.157372445E+00  8.336794942E-01
  4.464757909E-01 -1.424203793E+00  1.154663079E+00  8.367745978E-01
  4.734249107E-01 -1.410751099E+00  1.151803314E+00  8.400761805E-01
  5.000225399E-01 -1.396486454E+00  1.148798549E+00  8.435841347E-01
  5.262463662E-01 -1.381415551E+00  1.145654384E+00  8.472983034E-01
  5.520739247E-01 -1.365544553E+00  1.142376607E+00  8.512184725E-01
  5.774825968E-01 -1.348880109E+00  1.138971171E+00  8.553443617E-01
  6.024496099E-01 -1.331429382E+00  1.135444173E+00  8.596756162E-01
  6.269520397E-01 -1.313200069E+00  1.131801837E+00  8.642117965E-01
  6.509668128E-01 -1.294200428E+00  1.128050491E+00  8.689523687E-01
  6.744707116E-01 -1.274439304E+00  1.124196547E+00  8.738966936E-01
  6.974403809E-01 -1.253926158E+00  1.120246488E+00  8.790440157E-01
  7.198523359E-01 -1.232671090E+00  1.116206839E+00  8.843934513E-01
  7.416829728E-01 -1.210684870E+00  1.112084157E+00  8.899439764E-01
  7.629085808E-01 -1.187978966E+00  1.107885013E+00  8.956944141E-01
  7.835053562E-01 -1.164565577E+00  1.103615970E+00  9.016434210E-01
  8.034494199E-01 -1.140457658E+00  1.099283572E+00  9.077894735E-01
  8.227168353E-01 -1.115668952E+00  1.094894325E+00  9.141308541E-01
  8.412836302E-01 -1.090214021E+00  1.090454688E+00  9.206656360E-01
  8.591258209E-01 -1.064108279E+00  1.085971052E+00  9.273916686E-01
  8.762194382E-01 -1.037368016E+00  1.081449736E+00  9.343065622E-01
  8.925405568E-01 -1.010010433E+00  1.076896967E+00  9.414076715E-01
  9.080653275E-01 -9.820536730E-01  1.072318877E+00  9.486920805E-01
  9.227700119E-01 -9.535168453E-01  1.067721486E+00  9.561565856E-01
  9.366310201E-01 -9.244200578E-01  1.063110700E+00  9.637976798E-01
  9.496249518E-01 -8.947844429E-01  1.058492298E+00  9.716115354E-01
  9.617286398E-01 -8.646321845E-01  1.053871926E+00  9.795939884E-01
  9.729191971E-01 -8.339865420E-01  1.049255094E+00  9.877405216E-01
  9.831740668E-01 -8.028718741E-01  1.044647166E+00  9.960462483E-01
  9.924710753E-01 -7.713136596E-01  1.040053361E+00  1.004505897E+00
  1.000788488E+00 -7.393385169E-01  1.035478742E+00  1.013113794E+00
  1.008105071E+00 -7.069742198E-01  1.030928222E+00  1.021863852E+00
  1.014400147E+00 -6.742497120E-01  1.026406552E+00  1.030749551E+00
  1.019653670E+00 -6.411951173E-01  1.021918329E+00  1.039763929E+00
  1.023846284E+00 -6.078417475E-01  1.017467989E+00  1.048899566E+00
  1.026959400E+00 -5.742221055E-01  1.013059806E+00  1.058148575E+00
  1.028975267E+00 -5.403698855E-01  1.008697898E+00  1.067502589E+00
  1.029877047E+00 -5.063199683E-01  1.004386223E+00  1.076952755E+00
  1.029648895E+00 -4.721084120E-01  1.000128580E+00  1.086489724E+00
  1.028276036E+00 -4.377724385E-01  9.959286149E-01  1.096103647E+00
  1.025744850E+00 -4.033504138E-01  9.917898172E-01  1.105784172E+00
  1.022042950E+00 -3.688818233E-01  9.877155264E-01  1.115520439E+00
  1.017159270E+00 -3.344072420E-01  9.837089328E-01  1.125301084E+00
  1.011084149E+00 -2.999682974E-01  9.797730812E-01  1.135114244E+00
  1.003809412E+00 -2.656076273E-01  9.759108735E-01  1.144947556E+00
  9.953284591E-01 -2.313688303E-01  9.721250726E-01  1.154788175E+00
  9.856363462E-01 -1.972964107E-01  9.684183061E-01  1.164622776E+00
  9.747298683E-01 -1.634357153E-01  9.647930695E-01  1.174437579E+00
  9.626076402E-01 -1.298328648E-01  9.612517306E-01  1.184218357E+00
  9.492701752E-01 -9.653467685E-02  9.577965331E-01  1.193950466E+00
  9.347199603E-01 -6.358858328E-02  9.544296009E-01  1.203618865E+00
  9.189615282E-01 -3.104253971E-02  9.511529421E-01  1.213208146E+00
  9.020015255E-01  1.055071401E-03  9.479684527E-01  1.222702567E+00
  8.838487756E-01  3.265554451E-02  9.448779213E-01  1.232086087E+00
  8.645143365E-01  6.370996122E-02  9.418830328E-01  1.241342404E+00
  8.440115527E-01  9.416930677E-02  9.389853725E-01  1.250455000E+00
  8.223560998E-01  1.239845924E-01  9.361864302E-01  1.259407187E+00
  7.995660228E-01  1.531069835E-01  9.334876038E-01  1.268182155E+00
  7.756617654E-01  1.814879323E-01  9.308902035E-01  1.276763027E+00
  7.506661921E-01  2.090793157E-01  9.283954554E-01  1.285132914E+00
  7.246046000E-01  2.358335768E-01  9.260045052E-01  1.293274971E+00
  6.975047220E-01  2.617038700E-01  9.237184216E-01  1.301172463E+00
  6.693967199E-01  2.866442079E-01  9.215381998E-01  1.308808825E+00
  6.403131666E-01  3.106096115E-01  9.194647651E-01  1.316167726E+00
  6.102890187E-01  3.335562600E-01  9.174989753E-01  1.323233138E+00
  5.793615770E-01  3.554416416E-01  9.156416247E-01  1.329989400E+00
  5.475704368E-01  3.762247036E-01  9.138934462E-01  1.336421291E+00
  5.149574264E-01  3.958660005E-01  9.122551145E-01  1.342514091E+00
  4.815665352E-01  4.143278396E-01  9.107272484E-01  1.348253653E+00
  4.474438293E-01  4.315744232E-01  9.093104134E-01  1.353626467E+00
  4.126373575E-01  4.475719863E-01  9.080051239E-01  1.358619727E+00
  3.771970463E-01  4.622889286E-01  9.068118453E-01  1.363221389E+00
  3.411745835E-01  4.756959399E-01  9.057309961E-01  1.367420237E+00
  3.046232937E-01  4.877661189E-01  9.047629494E-01  1.371205934E+00
  2.675980028E-01  4.984750828E-01  9.039080346E-01  1.374569081E+00
  2.301548951E-01  5.078010684E-01  9.031665392E-01  1.377501259E+00
  1.923513616E-01  5.157250230E-01  9.025387096E-01  1.379995080E+00
  1.542458415E-01  5.222306850E-01  9.020247523E-01  1.382044224E+00
  1.158976577E-01  5.273046531E-01  9.016248353E-01  1.383643469E+00
  7.736684609E-02  5.309364435E-01  9.013390882E-01  1.384788728E+00
  3.871398155E-02  5.331185353E-01  9.011676031E-01  1.385477063E+00
  1.441605767E-16  5.338464028E-01  9.011104353E-01  1.385706705E+00
 -1.417575154E-16  5.166613759E-01  8.895668765E-01  1.339894121E+00
 -3.806869772E-02  5.159470407E-01  8.896225890E-01  1.339675773E+00
 -7.607761216E-02  5.138055061E-01  8.897897079E-01  1.339021283E+00
 -1.139671354E-01  5.102411783E-01  8.900681780E-01  1.337932317E+00
 -1.516780091E-01  5.052613797E-01  8.904579066E-01  1.336411642E+00
 -1.891514966E-01  4.988763181E-01  8.909587635E-01  1.334463109E+00
 -2.263295522E-01  4.910990430E-01  8.915705804E-01  1.332091634E+00
 -2.631549857E-01  4.819453901E-01  8.922931500E-01  1.329303170E+00
 -2.995716221E-01  4.714339150E-01  8.931262251E-01  1.326104678E+00
 -3.355244556E-01  4.595858153E-01  8.940695177E-01  1.322504089E+00
 -3.709597965E-01  4.464248433E-01  8.951226976E-01  1.318510262E+00
 -4.058254101E-01  4.319772085E-01  8.962853911E-01  1.314132939E+00
 -4.400706479E-01  4.162714715E-01  8.975571794E-01  1.309382695E+00
 -4.736465696E-01  3.993384300E-01  8.989375968E-01  1.304270884E+00
 -5.065060555E-01  3.812109977E-01  9.004261292E-01  1.298809586E+00
 -5.386039092E-01  3.619240767E-01  9.020222116E-01  1.293011547E+00
 -5.698969497E-01  3.415144246E-01  9.037252259E-01  1.286890117E+00
 -6.003440935E-01  3.200205173E-01  9.055344993E-01  1.280459191E+00
 -6.299064255E-01  2.974824085E-01  9.074493008E-01  1.273733144E+00
 -6.585472592E-01  2.739415858E-01  9.094688393E-01  1.266726768E+00
 -6.862321865E-01  2.494408261E-01  9.115922606E-01  1.259455211E+00
 -7.129291162E-01  2.240240500E-01  9.138186445E-01  1.251933910E+00
 -7.386083025E-01  1.977361755E-01  9.161470017E-01  1.244178531E+00
 -7.632423626E-01  1.706229738E-01  9.185762708E-01  1.236204908E+00
 -7.868062854E-01  1.427309261E-01  9.211053147E-01  1.228028986E+00
 -8.092774291E-01  1.141070828E-01  9.237329178E-01  1.219666757E+00
 -8.306355107E-01  8.479892614E-02  9.264577818E-01  1.211134213E+00
 -8.508625868E-01  5.485423655E-02  9.292785227E-01  1.202447287E+00
 -8.699430251E-01  2.432096310E-02  9.321936669E-01  1.193621808E+00
 -8.878634696E-01 -6.752901085E-03  9.352016471E-01  1.184673449E+00
 -9.046127976E-01 -3.831943811E-02  9.383007994E-01  1.175617689E+00
 -9.201820710E-01 -7.033091902E-02  9.414893586E-01  1.166469766E+00
 -9.345644813E-01 -1.027399115E-01  9.447654546E-01  1.157244645E+00
 -9.477552891E-01 -1.354993814E-01  9.481271089E-01  1.147956982E+00
 -9.597517595E-01 -1.685627875E-01  9.515722301E-01  1.138621092E+00
 -9.705530926E-01 -2.018841707E-01  9.550986105E-01  1.129250924E+00
 -9.801603519E-01 -2.354182347E-01  9.587039222E-01  1.119860036E+00
 -9.885763879E-01 -2.691204224E-01  9.623857132E-01  1.110461572E+00
 -9.958057613E-01 -3.029469832E-01  9.661414040E-01  1.101068248E+00
 -1.001854663E+00 -3.368550356E-01  9.699682839E-01  1.091692337E+00
 -1.006730833E+00 -3.708026221E-01  9.738635077E-01  1.082345655E+00
 -1.010443480E+00 -4.047487579E-01  9.778240926E-01  1.073039554E+00
 -1.013003199E+00 -4.386534740E-01  9.818469150E-01  1.063784914E+00
 -1.014421889E+00 -4.724778535E-01  9.859287078E-01  1.054592143E+00
 -1.014712672E+00 -5.061840623E-01  9.900660582E-01  1.045471171E+00
 -1.013889815E+00 -5.397353742E-01  9.942554051E-01  1.036431457E+00
 -1.011968646E+00 -5.730961913E-01  9.984930376E-01  1.027481985E+00
 -1.008965481E+00 -6.062320580E-01  1.002775093E+00  1.018631274E+00
 -1.004897547E+00 -6.391096714E-01  1.007097557E+00  1.009887382E+00
 -9.997829070E-01 -6.716968872E-01  1.011456262E+00  1.001257915E+00
 -9.936403899E-01 -7.039627202E-01  1.015846887E+00  9.927500354E-01
 -9.864895207E-01 -7.358773425E-01  1.020264958E+00  9.843704735E-01
 -9.783504545E-01 -7.674120768E-01  1.024705850E+00  9.761255391E-01
 -9.692439124E-01 -7.985393874E-01  1.029164789E+00  9.680211333E-01
 -9.591911209E-01 -8.292328675E-01  1.033636851E+00  9.600627624E-01
 -9.482137533E-01 -8.594672237E-01  1.038116969E+00  9.522555513E-01
 -9.363338751E-01 -8.892182590E-01  1.042599934E+00  9.446042585E-01
 -9.235738915E-01 -9.184628524E-01  1.047080401E+00  9.371132903E-01
 -9.099564982E-01 -9.471789373E-01  1.051552894E+00  9.297867165E-01
 -8.955046353E-01 -9.753454781E-01  1.056011811E+00  9.226282853E-01
 -8.802414443E-01 -1.002942445E+00  1.060451432E+00  9.156414389E-01
 -8.641902271E-01 -1.029950789E+00  1.064865924E+00  9.088293288E-01
 -8.473744094E-01 -1.056352413E+00  1.069249356E+00  9.021948313E-01
 -8.298175057E-01 -1.082130144E+00  1.073595700E+00  8.957405626E-01
 -8.115430875E-01 -1.107267708E+00  1.077898850E+00  8.894688939E-01
 -7.925747545E-01 -1.131749695E+00  1.082152626E+00  8.833819663E-01
 -7.729361080E-01 -1.155561536E+00  1.086350788E+00  8.774817052E-01
 -7.526507268E-01 -1.178689468E+00  1.090487054E+00  8.717698345E-01
 -7.317421462E-01 -1.201120510E+00  1.094555107E+00  8.662478903E-01
 -7.102338389E-01 -1.222842429E+00  1.098548613E+00  8.609172348E-01
 -6.881491979E-01 -1.243843715E+00  1.102461236E+00  8.557790687E-01
 -6.655115221E-01 -1.264113549E+00  1.106286653E+00  8.508344440E-01
 -6.423440040E-01 -1.283641778E+00  1.110018574E+00  8.460842762E-01
 -6.186697188E-01 -1.302418885E+00  1.113650756E+00  8.415293557E-01
 -5.945116163E-01 -1.320435964E+00  1.117177020E+00  8.371703590E-01
 -5.698925134E-01 -1.337684694E+00  1.120591274E+00  8.330078595E-01
 -5.448350896E-01 -1.354157311E+00  1.123887529E+00  8.290423373E-01
 -5.193618831E-01 -1.369846589E+00  1.127059918E+00  8.252741890E-01
 -4.934952890E-01 -1.384745811E+00  1.130102713E+00  8.217037369E-01
 -4.672575583E-01 -1.398848747E+00  1.133010350E+00  8.183312374E-01
 -4.406707991E-01 -1.412149639E+00  1.135777443E+00  8.151568892E-01
 -4.137569783E-01 -1.424643172E+00  1.138398804E+00  8.121808412E-01
 -3.865379247E-01 -1.436324460E+00  1.140869466E+00  8.094031990E-01
 -3.590353331E-01 -1.447189026E+00  1.143184695E+00  8.068240321E-01
 -3.312707697E-01 -1.457232784E+00  1.145340011E+00  8.044433799E-01
 -3.032656779E-01 -1.466452026E+00  1.147331206E+00  8.022612572E-01
 -2.750413851E-01 -1.474843405E+00  1.149154359E+00  8.002776597E-01
 -2.466191107E-01 -1.482403922E+00  1.150805854E+00  7.984925684E-01
 -2.180199743E-01 -1.489130911E+00  1.152282389E+00  7.969059544E-01
 -1.892650041E-01 -1.495022034E+00  1.153580996E+00  7.955177822E-01
 -1.603751472E-01 -1.500075264E+00  1.154699048E+00  7.943280134E-01
 -1.313712788E-01 -1.504288882E+00  1.155634274E+00  7.933366097E-01
 -1.022742132E-01 -1.507661466E+00  1.156384767E+00  7.925435352E-01
 -7.310471367E-02 -1.510191887E+00  1.156948989E+00  7.919487588E-01
 -4.388350419E-02 -1.511879300E+00  1.157325783E+00  7.915522557E-01
 -1.463128016E-02 -1.512723146E+00  1.157514374E+00  7.913540085E-01
  1.463128016E-02 -1.512723146E+00  1.157514374E+00  7.913540085E-01
  4.388350419E-02 -1.511879300E+00  1.157325783E+00  7.915522557E-01
  7.310471367E-02 -1.510191887E+00  1.156948989E+00  7.919487588E-01
  1.022742132E-01 -1.507661466E+00  1.156384767E+00  7.925435352E-01
  1.313712788E-01 -1.504288882E+00  1.155634274E+00  7.933366097E-01
  1.603751472E-01 -1.500075264E+00  1.154699048E+00  7.943280134E-01
  1.892650041E-01 -1.495022034E+00  1.153580996E+00  7.955177822E-01
  2.180199743E-01 -1.489130911E+00  1.152282389E+00  7.969059544E-01
  2.466191107E-01 -1.482403922E+00  1.150805854E+00  7.984925684E-01
  2.750413851E-01 -1.474843405E+00  1.149154359E+00  8.002776597E-01
  3.032656779E-01 -1.466452026E+00  1.147331206E+00  8.022612572E-01
  3.312707697E-01 -1.457232784E+00  1.145340011E+00  8.044433799E-01
  3.590353331E-01 -1.447189026E+00  1.143184695E+00  8.068240321E-01
  3.865379247E-01 -1.436324460E+00  1.140869466E+00  8.094031990E-01
  4.137569783E-01 -1.424643172E+00  1.138398804E+00  8.121808412E-01
  4.406707991E-01 -1.412149639E+00  1.135777443E+00  8.151568892E-01
  4.672575583E-01 -1.398848747E+00  1.133010350E+00  8.183312374E-01
  4.934952890E-01 -1.384745811E+00  1.130102713E+00  8.217037369E-01
  5.193618831E-01 -1.369846589E+00  1.127059918E+00  8.252741890E-01
  5.448350896E-01 -1.354157311E+00  1.123887529E+00  8.290423373E-01
  5.698925134E-01 -1.337684694E+00  1.120591274E+00  8.330078595E-01
  5.945116163E-01 -1.320435964E+00  1.117177020E+00  8.371703590E-01
  6.186697188E-01 -1.302418885E+00  1.113650756E+00  8.415293557E-01
  6.423440040E-01 -1.283641778E+00  1.110018574E+00  8.460842762E-01
  6.655115221E-01 -1.264113549E+00  1.106286653E+00  8.508344440E-01
  6.881491979E-01 -1.243843715E+00  1.102461236E+00  8.557790687E-01
  7.102338389E-01 -1.222842429E+00  1.098548613E+00  8.609172348E-01
  7.317421462E-01 -1.201120510E+00  1.094555107E+00  8.662478903E-01
  7.526507268E-01 -1.178689468E+00  1.090487054E+00  8.717698345E-01
  7.729361080E-01 -1.155561536E+00  1.086350788E+00  8.774817052E-01
  7.925747545E-01 -1.131749695E+00  1.082152626E+00  8.833819663E-01
  8.115430875E-01 -1.107267708E+00  1.077898850E+00  8.894688939E-01
  8.298175057E-01 -1.082130144E+00  1.073595700E+00  8.957405626E-01
  8.473744094E-01 -1.056352413E+00  1.069249356E+00  9.021948313E-01
  8.641902271E-01 -1.029950789E+00  1.064865924E+00  9.088293288E-01
  8.802414443E-01 -1.002942445E+00  1.060451432E+00  9.156414389E-01
  8.955046353E-01 -9.753454781E-01  1.056011811E+00  9.226282853E-01
  9.099564982E-01 -9.471789373E-01  1.051552894E+00  9.297867165E-01
  9.235738915E-01 -9.184628524E-01  1.047080401E+00  9.371132903E-01
  9.363338751E-01 -8.892182590E-01  1.042599934E+00  9.446042585E-01
  9.482137533E-01 -8.594672237E-01  1.038116969E+00  9.522555513E-01
  9.591911209E-01 -8.292328675E-01  1.033636851E+00  9.600627624E-01
  9.692439124E-01 -7.985393874E-01  1.029164789E+00  9.680211333E-01
  9.783504545E-01 -7.674120768E-01  1.024705850E+00  9.761255391E-01
  9.864895207E-01 -7.358773425E-01  1.020264958E+00  9.843704735E-01
  9.936403899E-01 -7.039627202E-01  1.015846887E+00  9.927500354E-01
  9.997829070E-01 -6.716968872E-01  1.011456262E+00  1.001257915E+00
  1.004897547E+00 -6.391096714E-01  1.007097557E+00  1.009887382E+00
  1.008965481E+00 -6.062320580E-01  1.002775093E+00  1.018631274E+00
  1.011968646E+00 -5.730961913E-01  9.984930376E-01  1.027481985E+00
  1.013889815E+00 -5.397353742E-01  9.942554051E-01  1.036431457E+00
  1.014712672E+00 -5.061840623E-01  9.900660582E-01  1.045471171E+00
  1.014421889E+00 -4.724778535E-01  9.859287078E-01  1.054592143E+00
  1.013003199E+00 -4.386534740E-01  9.818469150E-01  1.063784914E+00
  1.010443480E+00 -4.047487579E-01  9.778240926E-01  1.073039554E+00
  1.006730833E+00 -3.708026221E-01  9.738635077E-01  1.082345655E+00
  1.001854663E+00 -3.368550356E-01  9.699682839E-01  1.091692337E+00
  9.958057613E-01 -3.029469832E-01  9.661414040E-01  1.101068248E+00
  9.885763879E-01 -2.691204224E-01  9.623857132E-01  1.110461572E+00
  9.801603519E-01 -2.354182347E-01  9.587039222E-01  1.119860036E+00
  9.705530926E-01 -2.018841707E-01  9.550986105E-01  1.129250924E+00
  9.597517595E-01 -1.685627875E-01  9.515722301E-01  1.138621092E+00
  9.477552891E-01 -1.354993814E-01  9.481271089E-01  1.147956982E+00
  9.345644813E-01 -1.027399115E-01  9.447654546E-01  1.157244645E+00
  9.201820710E-01 -7.033091902E-02  9.414893586E-01  1.166469766E+00
  9.046127976E-01 -3.831943811E-02  9.383007994E-01  1.175617689E+00
  8.878634696E-01 -6.752901085E-03  9.352016471E-01  1.184673449E+00
  8.699430251E-01  2.432096310E-02  9.321936669E-01  1.193621808E+00
  8.508625868E-01  5.485423655E-02  9.292785227E-01  1.202447287E+00
  8.306355107E-01  8.479892614E-02  9.264577818E-01  1.211134213E+00
  8.092774291E-01  1.141070828E-01  9.237329178E-01  1.219666757E+00
  7.868062854E-01  1.427309261E-01  9.211053147E-01  1.228028986E+00
  7.632423626E-01  1.706229738E-01  9.185762708E-01  1.236204908E+00
  7.386083025E-01  1.977361755E-01  9.161470017E-01  1.244178531E+00
  7.129291162E-01  2.240240500E-01  9.138186445E-01  1.251933910E+00
  6.862321865E-01  2.494408261E-01  9.115922606E-01  1.259455211E+00
  6.585472592E-01  2.739415858E-01  9.094688393E-01  1.266726768E+00
  6.299064255E-01  2.974824085E-01  9.074493008E-01  1.273733144E+00
  6.003440935E-01  3.200205173E-01  9.055344993E-01  1.280459191E+00
  5.698969497E-01  3.415144246E-01  9.037252259E-01  1.286890117E+00
  5.386039092E-01  3.619240767E-01  9.020222116E-01  1.293011547E+00
  5.065060555E-01  3.812109977E-01  9.004261292E-01  1.298809586E+00
  4.736465696E-01  3.993384300E-01  8.989375968E-01  1.304270884E+00
  4.400706479E-01  4.162714715E-01  8.975571794E-01  1.309382695E+00
  4.058254101E-01  4.319772085E-01  8.962853911E-01  1.314132939E+00
  3.709597965E-01  4.464248433E-01  8.951226976E-01  1.318510262E+00
  3.355244556E-01  4.595858153E-01  8.940695177E-01  1.322504089E+00
  2.995716221E-01  4.714339150E-01  8.931262251E-01  1.326104678E+00
  2.631549857E-01  4.819453901E-01  8.922931500E-01  1.329303170E+00
  2.263295522E-01  4.910990430E-01  8.915705804E-01  1.332091634E+00
  1.891514966E-01  4.988763181E-01  8.909587635E-01  1.334463109E+00
  1.516780091E-01  5.052613797E-01  8.904579066E-01  1.336411642E+00
  1.139671354E-01  5.102411783E-01  8.900681780E-01  1.337932317E+00
  7.607761216E-02  5.138055061E-01  8.897897079E-01  1.339021283E+00
  3.806869772E-02  5.159470407E-01  8.896225890E-01  1.339675773E+00
  1.417575154E-16  5.166613759E-01  8.895668765E-01  1.339894121E+00
 -1.394321717E-16  5.000000000E-01  8.783100657E-01  1.296296296E+00
 -3.744428138E-02  4.992987170E-01  8.783643770E-01  1.296088517E+00
 -7.483005992E-02  4.971963007E-01  8.785272925E-01  1.295465704E+00
 -1.120990027E-01  4.936970432E-01  8.787987567E-01  1.294429426E+00
 -1.491931154E-01  4.888080776E-01  8.791786767E-01  1.292982292E+00
 -1.860549094E-01  4.825393482E-01  8.796669220E-01  1.291127932E+00
 -2.226275652E-01  4.749035682E-01  8.802633239E-01  1.288870980E+00
 -2.588550928E-01  4.659161666E-01  8.809676746E-01  1.286217052E+00
 -2.946824859E-01  4.555952242E-01  8.817797266E-01  1.283172710E+00
 -3.300558717E-01  4.439613983E-01  8.826991915E-01  1.279745436E+00
 -3.649226532E-01  4.310378388E-01  8.837257387E-01  1.275943584E+00
 -3.992316443E-01  4.168500936E-01  8.848589945E-01  1.271776348E+00
 -4.329331976E-01  4.014260072E-01  8.860985400E-01  1.267253705E+00
 -4.659793226E-01  3.847956097E-01  8.874439099E-01  1.262386374E+00
 -4.983237955E-01  3.669910004E-01  8.888945906E-01  1.257185759E+00
 -5.299222592E-01  3.480462247E-01  8.904500181E-01  1.251663896E+00
 -5.607323136E-01  3.279971452E-01  8.921095761E-01  1.245833397E+00
 -5.907135955E-01  3.068813098E-01  8.938725935E-01  1.239707390E+00
 -6.198278485E-01  2.847378150E-01  8.957383423E-01  1.233299464E+00
 -6.480389822E-01  2.616071675E-01  8.977060349E-01  1.226623603E+00
 -6.753131213E-01  2.375311438E-01  8.997748215E-01  1.219694136E+00
 -7.016186442E-01  2.125526493E-01  9.019437874E-01  1.212525669E+00
 -7.269262114E-01  1.867155766E-01  9.042119498E-01  1.205133032E+00
 -7.512087841E-01  1.600646655E-01  9.065782550E-01  1.197531220E+00
 -7.744416331E-01  1.326453642E-01  9.090415755E-01  1.189735336E+00
 -7.966023383E-01  1.045036928E-01  9.116007061E-01  1.181760541E+00
 -8.176707794E-01  7.568610932E-02  9.142543612E-01  1.173621997E+00
 -8.376291181E-01  4.623938029E-02  9.170011711E-01  1.165334821E+00
 -8.564617720E-01  1.621045425E-02  9.198396783E-01  1.156914036E+00
 -8.741553820E-01 -1.435365941E-02  9.227683345E-01  1.148374529E+00
 -8.906987714E-01 -4.540600685E-02  9.257854965E-01  1.139731007E+00
 -9.060828998E-01 -7.689980074E-02  9.288894225E-01  1.130997958E+00
 -9.203008107E-01 -1.087885255E-01  9.320782690E-01  1.122189617E+00
 -9.333475739E-01 -1.410260368E-01  9.353500863E-01  1.113319936E+00
 -9.452202234E-01 -1.735666542E-01  9.387028157E-01  1.104402550E+00
 -9.559176914E-01 -2.063652485E-01  9.421342850E-01  1.095450752E+00
 -9.654407386E-01 -2.393773220E-01  9.456422056E-01  1.086477472E+00
 -9.737918817E-01 -2.725590822E-01  9.492241686E-01  1.077495257E+00
 -9.809753189E-01 -3.058675097E-01  9.528776415E-01  1.068516250E+00
 -9.869968526E-01 -3.392604190E-01  9.565999649E-01  1.059552181E+00
 -9.918638124E-01 -3.726965135E-01  9.603883492E-01  1.050614353E+00
 -9.955849754E-01 -4.061354342E-01  9.642398720E-01  1.041713631E+00
 -9.981704877E-01 -4.395378018E-01  9.681514747E-01  1.032860440E+00
 -9.996317850E-01 -4.728652539E-01  9.721199606E-01  1.024064760E+00
 -9.999815137E-01 -5.060804760E-01  9.761419922E-01  1.015336120E+00
 -9.992334535E-01 -5.391472268E-01  9.802140893E-01  1.006683606E+00
 -9.974024401E-01 -5.720303587E-01  9.843326276E-01  9.981158571E-01
 -9.945042898E-01 -6.046958337E-01  9.884938371E-01  9.896410717E-01
 -9.905557262E-01 -6.371107338E-01  9.926938013E-01  9.812670134E-01
 -9.855743079E-01 -6.692432674E-01  9.969284571E-01  9.730010182E-01
 -9.795783591E-01 -7.010627722E-01  1.001193594E+00  9.648500024E-01
 -9.725869020E-01 -7.325397129E-01  1.005484857E+00  9.568204727E-01
 -9.646195918E-01 -7.636456770E-01  1.009797743E+00  9.489185363E-01
 -9.556966548E-01 -7.943533660E-01  1.014127608E+00  9.411499129E-01
 -9.458388278E-01 -8.246365842E-01  1.018469666E+00  9.335199468E-01
 -9.350673021E-01 -8.544702251E-01  1.022818993E+00  9.260336195E-01
 -9.234036689E-01 -8.838302544E-01  1.027170530E+00  9.186955635E-01
 -9.108698679E-01 -9.126936923E-01  1.031519090E+00  9.115100758E-01
 -8.974881393E-01 -9.410385921E-01  1.035859358E+00  9.044811321E-01
 -8.832809780E-01 -9.688440187E-01  1.040185903E+00  8.976124008E-01
 -8.682710910E-01 -9.960900247E-01  1.044493180E+00  8.909072581E-01
 -8.524813576E-01 -1.022757625E+00  1.048775541E+00  8.843688015E-01
 -8.359347926E-01 -1.048828773E+00  1.053027239E+00  8.779998652E-01
 -8.186545118E-01 -1.074286331E+00  1.057242444E+00  8.718030333E-01
 -8.006637005E-01 -1.099114045E+00  1.061415244E+00  8.657806551E-01
 -7.819855846E-01 -1.123296515E+00  1.065539665E+00  8.599348582E-01
 -7.626434045E-01 -1.146819169E+00  1.069609676E+00  8.542675626E-01
 -7.426603909E-01 -1.169668234E+00  1.073619206E+00  8.487804938E-01
 -7.220597437E-01 -1.191830707E+00  1.077562154E+00  8.434751962E-01
 -7.008646124E-01 -1.213294326E+00  1.081432405E+00  8.383530454E-01
 -6.790980796E-01 -1.234047545E+00  1.085223844E+00  8.334152610E-01
 -6.567831463E-01 -1.254079504E+00  1.088930372E+00  8.286629178E-01
 -6.339427186E-01 -1.273380003E+00  1.092545921E+00  8.240969579E-01
 -6.105995977E-01 -1.291939475E+00  1.096064474E+00  8.197182015E-01
 -5.867764702E-01 -1.309748957E+00  1.099480076E+00  8.155273572E-01
 -5.624959017E-01 -1.326800073E+00  1.102786859E+00  8.115250325E-01
 -5.377803307E-01 -1.343084999E+00  1.105979052E+00  8.077117431E-01
 -5.126520650E-01 -1.358596448E+00  1.109051007E+00  8.040879224E-01
 -4.871332791E-01 -1.373327641E+00  1.111997213E+00  8.006539299E-01
 -4.612460134E-01 -1.387272289E+00  1.114812313E+00  7.974100594E-01
 -4.350121740E-01 -1.400424571E+00  1.117491126E+00  7.943565470E-01
 -4.084535349E-01 -1.412779113E+00  1.120028664E+00  7.914935780E-01
 -3.815917400E-01 -1.424330971E+00  1.122420148E+00  7.888212943E-01
 -3.544483069E-01 -1.435075611E+00  1.124661028E+00  7.863397999E-01
 -3.270446317E-01 -1.445008894E+00  1.126746999E+00  7.840491676E-01
 -2.994019947E-01 -1.454127059E+00  1.128674016E+00  7.819494438E-01
 -2.715415662E-01 -1.462426713E+00  1.130438312E+00  7.800406540E-01
 -2.434844142E-01 -1.469904810E+00  1.132036412E+00  7.783228070E-01
 -2.152515117E-01 -1.476558645E+00  1.133465146E+00  7.767958991E-01
 -1.868637457E-01 -1.482385841E+00  1.134721662E+00  7.754599180E-01
 -1.583419253E-01 -1.487384340E+00  1.135803439E+00  7.743148456E-01
 -1.297067920E-01 -1.491552393E+00  1.136708295E+00  7.733606613E-01
 -1.009790286E-01 -1.494888554E+00  1.137434399E+00  7.725973442E-01
 -7.217927012E-02 -1.497391675E+00  1.137980276E+00  7.720248752E-01
 -4.332811364E-02 -1.499060896E+00  1.138344814E+00  7.716432386E-01
 -1.444612926E-02 -1.499895649E+00  1.138527269E+00  7.714524232E-01
  1.444612926E-02 -1.499895649E+00  1.138527269E+00  7.714524232E-01
  4.332811364E-02 -1.499060896E+00  1.138344814E+00  7.716432386E-01
  7.217927012E-02 -1.497391675E+00  1.137980276E+00  7.720248752E-01
  1.009790286E-01 -1.494888554E+00  1.137434399E+00  7.725973442E-01
  1.297067920E-01 -1.491552393E+00  1.136708295E+00  7.733606613E-01
  1.583419253E-01 -1.487384340E+00  1.135803439E+00  7.743148456E-01
  1.868637457E-01 -1.482385841E+00  1.134721662E+00  7.754599180E-01
  2.152515117E-01 -1.476558645E+00  1.133465146E+00  7.767958991E-01
  2.434844142E-01 -1.469904810E+00  1.132036412E+00  7.783228070E-01
  2.715415662E-01 -1.462426713E+00  1.130438312E+00  7.800406540E-01
  2.994019947E-01 -1.454127059E+00  1.128674016E+00  7.819494438E-01
  3.270446317E-01 -1.445008894E+00  1.126746999E+00  7.840491676E-01
  3.544483069E-01 -1.435075611E+00  1.124661028E+00  7.863397999E-01
  3.815917400E-01 -1.424330971E+00  1.122420148E+00  7.888212943E-01
  4.084535349E-01 -1.412779113E+00  1.120028664E+00  7.914935780E-01
  4.350121740E-01 -1.400424571E+00  1.117491126E+00  7.943565470E-01
  4.612460134E-01 -1.387272289E+00  1.114812313E+00  7.974100594E-01
  4.871332791E-01 -1.373327641E+00  1.111997213E+00  8.006539299E-01
  5.126520650E-01 -1.358596448E+00  1.109051007E+00  8.040879224E-01
  5.377803307E-01 -1.343084999E+00  1.105979052E+00  8.077117431E-01
  5.624959017E-01 -1.326800073E+00  1.102786859E+00  8.115250325E-01
  5.867764702E-01 -1.309748957E+00  1.099480076E+00  8.155273572E-01
  6.105995977E-01 -1.291939475E+00  1.096064474E+00  8.197182015E-01
  6.339427186E-01 -1.273380003E+00  1.092545921E+00  8.240969579E-01
  6.567831463E-01 -1.254079504E+00  1.088930372E+00  8.286629178E-01
  6.790980796E-01 -1.234047545E+00  1.085223844E+00  8.334152610E-01
  7.008646124E-01 -1.213294326E+00  1.081432405E+00  8.383530454E-01
  7.220597437E-01 -1.191830707E+00  1.077562154E+00  8.434751962E-01
  7.426603909E-01 -1.169668234E+00  1.073619206E+00  8.487804938E-01
  7.626434045E-01 -1.146819169E+00  1.069609676E+00  8.542675626E-01
  7.819855846E-01 -1.123296515E+00  1.065539665E+00  8.599348582E-01
  8.006637005E-01 -1.099114045E+00  1.061415244E+00  8.657806551E-01
  8.186545118E-01 -1.074286331E+00  1.057242444E+00  8.718030333E-01
  8.359347926E-01 -1.048828773E+00  1.053027239E+00  8.779998652E-01
  8.524813576E-01 -1.022757625E+00  1.048775541E+00  8.843688015E-01
  8.682710910E-01 -9.960900247E-01  1.044493180E+00  8.909072581E-01
  8.832809780E-01 -9.688440187E-01  1.040185903E+00  8.976124008E-01
  8.974881393E-01 -9.410385921E-01  1.035859358E+00  9.044811321E-01
  9.108698679E-01 -9.126936923E-01  1.031519090E+00  9.115100758E-01
  9.234036689E-01 -8.838302544E-01  1.027170530E+00  9.186955635E-01
  9.350673021E-01 -8.544702251E-01  1.022818993E+00  9.260336195E-01
  9.458388278E-01 -8.246365842E-01  1.018469666E+00  9.335199468E-01
  9.556966548E-01 -7.943533660E-01  1.014127608E+00  9.411499129E-01
  9.646195918E-01 -7.636456770E-01  1.009797743E+00  9.489185363E-01
  9.725869020E-01 -7.325397129E-01  1.005484857E+00  9.568204727E-01
  9.795783591E-01 -7.010627722E-01  1.001193594E+00  9.648500024E-01
  9.855743079E-01 -6.692432674E-01  9.969284571E-01  9.730010182E-01
  9.905557262E-01 -6.371107338E-01  9.926938013E-01  9.812670134E-01
  9.945042898E-01 -6.046958337E-01  9.884938371E-01  9.896410717E-01
  9.974024401E-01 -5.720303587E-01  9.843326276E-01  9.981158571E-01
  9.992334535E-01 -5.391472268E-01  9.802140893E-01  1.006683606E+00
  9.999815137E-01 -5.060804760E-01  9.761419922E-01  1.015336120E+00
  9.996317850E-01 -4.728652539E-01  9.721199606E-01  1.024064760E+00
  9.981704877E-01 -4.395378018E-01  9.681514747E-01  1.032860440E+00
  9.955849754E-01 -4.061354342E-01  9.642398720E-01  1.041713631E+00
  9.918638124E-01 -3.726965135E-01  9.603883492E-01  1.050614353E+00
  9.869968526E-01 -3.392604190E-01  9.565999649E-01  1.059552181E+00
  9.809753189E-01 -3.058675097E-01  9.528776415E-01  1.068516250E+00
  9.737918817E-01 -2.725590822E-01  9.492241686E-01  1.077495257E+00
  9.654407386E-01 -2.393773220E-01  9.456422056E-01  1.086477472E+00
  9.559176914E-01 -2.063652485E-01  9.421342850E-01  1.095450752E+00
  9.452202234E-01 -1.735666542E-01  9.387028157E-01  1.104402550E+00
  9.333475739E-01 -1.410260368E-01  9.353500863E-01  1.113319936E+00
  9.203008107E-01 -1.087885255E-01  9.320782690E-01  1.122189617E+00
  9.060828998E-01 -7.689980074E-02  9.288894225E-01  1.130997958E+00
  8.906987714E-01 -4.540600685E-02  9.257854965E-01  1.139731007E+00
  8.741553820E-01 -1.435365941E-02  9.227683345E-01  1.148374529E+00
  8.564617720E-01  1.621045425E-02  9.198396783E-01  1.156914036E+00
  8.376291181E-01  4.623938029E-02  9.170011711E-01  1.165334821E+00
  8.176707794E-01  7.568610932E-02  9.142543612E-01  1.173621997E+00
  7.966023383E-01  1.045036928E-01  9.116007061E-01  1.181760541E+00
  7.744416331E-01  1.326453642E-01  9.090415755E-01  1.189735336E+00
  7.512087841E-01  1.600646655E-01  9.065782550E-01  1.197531220E+00
  7.269262114E-01  1.867155766E-01  9.042119498E-01  1.205133032E+00
  7.016186442E-01  2.125526493E-01  9.019437874E-01  1.212525669E+00
  6.753131213E-01  2.375311438E-01  8.997748215E-01  1.219694136E+00
  6.480389822E-01  2.616071675E-01  8.977060349E-01  1.226623603E+00
  6.198278485E-01  2.847378150E-01  8.957383423E-01  1.233299464E+00
  5.907135955E-01  3.068813098E-01  8.938725935E-01  1.239707390E+00
  5.607323136E-01  3.279971452E-01  8.921095761E-01  1.245833397E+00
  5.299222592E-01  3.480462247E-01  8.904500181E-01  1.251663896E+00
  4.983237955E-01  3.669910004E-01  8.888945906E-01  1.257185759E+00
  4.659793226E-01  3.847956097E-01  8.874439099E-01  1.262386374E+00
  4.329331976E-01  4.014260072E-01  8.860985400E-01  1.267253705E+00
  3.992316443E-01  4.168500936E-01  8.848589945E-01  1.271776348E+00
  3.649226532E-01  4.310378388E-01  8.837257387E-01  1.275943584E+00
  3.300558717E-01  4.439613983E-01  8.826991915E-01  1.279745436E+00
  2.946824859E-01  4.555952242E-01  8.817797266E-01  1.283172710E+00
  2.588550928E-01  4.659161666E-01  8.809676746E-01  1.286217052E+00
  2.226275652E-01  4.749035682E-01  8.802633239E-01  1.288870980E+00
  1.860549094E-01  4.825393482E-01  8.796669220E-01  1.291127932E+00
  1.491931154E-01  4.888080776E-01  8.791786767E-01  1.292982292E+00
  1.120990027E-01  4.936970432E-01  8.787987567E-01  1.294429426E+00
  7.483005992E-02  4.971963007E-01  8.785272925E-01  1.295465704E+00
  3.744428138E-02  4.992987170E-01  8.783643770E-01  1.296088517E+00
  1.394321717E-16  5.000000000E-01  8.783100657E-01  1.296296296E+00
